Date,Start (ET),Visitor/Neutral,PTS,Home/Neutral,PTS.1,Unnamed: 6,Unnamed: 7,Attend.,Arena,Notes
2023-01-01,8:00p,Boston Celtics,111.0,Denver Nuggets,123.0,Box Score,,19641.0,Ball Arena,
2023-01-01,8:00p,Sacramento Kings,108.0,Memphis Grizzlies,118.0,Box Score,,17794.0,FedEx Forum,
2023-01-01,8:00p,Washington Wizards,118.0,Milwaukee Bucks,95.0,Box Score,,17341.0,Fiserv Forum,
2023-01-02,3:00p,Phoenix Suns,83.0,New York Knicks,102.0,Box Score,,19812.0,Madison Square Garden (IV),
2023-01-02,7:00p,Los Angeles Lakers,121.0,Charlotte Hornets,115.0,Box Score,,19210.0,Spectrum Center,
2023-01-02,7:00p,Chicago Bulls,134.0,Cleveland Cavaliers,145.0,Box Score,OT,19432.0,Rocket Mortgage Fieldhouse,
2023-01-02,7:00p,Toronto Raptors,114.0,Indiana Pacers,122.0,Box Score,,14054.0,Gainbridge Fieldhouse,
2023-01-02,7:00p,New Orleans Pelicans,111.0,Philadelphia 76ers,120.0,Box Score,,20531.0,Wells Fargo Center,
2023-01-02,7:30p,San Antonio Spurs,103.0,Brooklyn Nets,139.0,Box Score,,18224.0,Barclays Center,
2023-01-02,8:00p,Dallas Mavericks,111.0,Houston Rockets,106.0,Box Score,,18055.0,Toyota Center,
2023-01-02,8:00p,Denver Nuggets,111.0,Minnesota Timberwolves,124.0,Box Score,,15962.0,Target Center,
2023-01-02,10:00p,Atlanta Hawks,141.0,Golden State Warriors,143.0,Box Score,2OT,18064.0,Chase Center,
2023-01-02,10:00p,Detroit Pistons,106.0,Portland Trail Blazers,135.0,Box Score,,19393.0,Moda Center,
2023-01-02,10:30p,Miami Heat,110.0,Los Angeles Clippers,100.0,Box Score,,19068.0,Crypto.com Arena,
2023-01-03,8:00p,Washington Wizards,113.0,Milwaukee Bucks,123.0,Box Score,,17341.0,Fiserv Forum,
2023-01-03,8:00p,Boston Celtics,117.0,Oklahoma City Thunder,150.0,Box Score,,16778.0,Paycom Center,
2023-01-03,9:00p,Sacramento Kings,117.0,Utah Jazz,115.0,Box Score,,18206.0,Vivint Arena,
2023-01-04,7:00p,Memphis Grizzlies,131.0,Charlotte Hornets,107.0,Box Score,,19249.0,Spectrum Center,
2023-01-04,7:00p,Phoenix Suns,88.0,Cleveland Cavaliers,90.0,Box Score,,19432.0,Rocket Mortgage Fieldhouse,
2023-01-04,7:00p,Oklahoma City Thunder,115.0,Orlando Magic,126.0,Box Score,,18925.0,Amway Center,
2023-01-04,7:00p,Indiana Pacers,126.0,Philadelphia 76ers,129.0,Box Score,OT,20033.0,Wells Fargo Center,
2023-01-04,7:30p,San Antonio Spurs,114.0,New York Knicks,117.0,Box Score,,19812.0,Madison Square Garden (IV),
2023-01-04,7:30p,Milwaukee Bucks,104.0,Toronto Raptors,101.0,Box Score,OT,19800.0,Scotiabank Arena,
2023-01-04,8:00p,Brooklyn Nets,112.0,Chicago Bulls,121.0,Box Score,,21418.0,United Center,
2023-01-04,8:00p,Portland Trail Blazers,106.0,Minnesota Timberwolves,113.0,Box Score,,15434.0,Target Center,
2023-01-04,8:00p,Houston Rockets,108.0,New Orleans Pelicans,119.0,Box Score,,17295.0,Smoothie King Center,
2023-01-04,10:00p,Detroit Pistons,122.0,Golden State Warriors,119.0,Box Score,,18064.0,Chase Center,
2023-01-04,10:00p,Miami Heat,109.0,Los Angeles Lakers,112.0,Box Score,,18997.0,Crypto.com Arena,
2023-01-04,10:00p,Atlanta Hawks,120.0,Sacramento Kings,117.0,Box Score,,17611.0,Golden 1 Center,
2023-01-05,7:00p,Memphis Grizzlies,123.0,Orlando Magic,115.0,Box Score,,19184.0,Amway Center,
2023-01-05,7:30p,Boston Celtics,124.0,Dallas Mavericks,95.0,Box Score,,20413.0,American Airlines Center,
2023-01-05,8:00p,Utah Jazz,131.0,Houston Rockets,114.0,Box Score,,16320.0,Toyota Center,
2023-01-05,10:00p,Los Angeles Clippers,91.0,Denver Nuggets,122.0,Box Score,,19087.0,Ball Arena,
2023-01-06,7:00p,Portland Trail Blazers,99.0,Indiana Pacers,108.0,Box Score,,16548.0,Gainbridge Fieldhouse,
2023-01-06,7:00p,Chicago Bulls,126.0,Philadelphia 76ers,112.0,Box Score,,20766.0,Wells Fargo Center,
2023-01-06,7:30p,Brooklyn Nets,108.0,New Orleans Pelicans,102.0,Box Score,,,Smoothie King Center,
2023-01-06,7:30p,New York Knicks,112.0,Toronto Raptors,108.0,Box Score,,19800.0,Scotiabank Arena,
2023-01-06,8:00p,Charlotte Hornets,138.0,Milwaukee Bucks,109.0,Box Score,,17627.0,Fiserv Forum,
2023-01-06,8:00p,Washington Wizards,110.0,Oklahoma City Thunder,127.0,Box Score,,14790.0,Paycom Center,
2023-01-06,8:00p,Detroit Pistons,109.0,San Antonio Spurs,121.0,Box Score,,13107.0,AT&T Center,
2023-01-06,9:00p,Cleveland Cavaliers,108.0,Denver Nuggets,121.0,Box Score,,19638.0,Ball Arena,
2023-01-06,9:00p,Los Angeles Clippers,115.0,Minnesota Timberwolves,128.0,Box Score,,17136.0,Target Center,
2023-01-06,10:00p,Miami Heat,104.0,Phoenix Suns,96.0,Box Score,,17071.0,Footprint Center,
2023-01-06,10:30p,Atlanta Hawks,114.0,Los Angeles Lakers,130.0,Box Score,,18997.0,Crypto.com Arena,
2023-01-07,6:00p,Boston Celtics,121.0,San Antonio Spurs,116.0,Box Score,,18354.0,AT&T Center,
2023-01-07,8:00p,Utah Jazz,118.0,Chicago Bulls,126.0,Box Score,,21694.0,United Center,
2023-01-07,8:00p,New Orleans Pelicans,117.0,Dallas Mavericks,127.0,Box Score,,20300.0,American Airlines Center,
2023-01-07,8:30p,Orlando Magic,115.0,Golden State Warriors,101.0,Box Score,,18064.0,Chase Center,
2023-01-07,10:00p,Los Angeles Lakers,136.0,Sacramento Kings,134.0,Box Score,,17611.0,Golden 1 Center,
2023-01-08,3:00p,Philadelphia 76ers,123.0,Detroit Pistons,111.0,Box Score,,18898.0,Little Caesars Arena,
2023-01-08,3:30p,Portland Trail Blazers,105.0,Toronto Raptors,117.0,Box Score,,19800.0,Scotiabank Arena,
2023-01-08,5:00p,Charlotte Hornets,111.0,Indiana Pacers,116.0,Box Score,,15805.0,Gainbridge Fieldhouse,
2023-01-08,6:00p,Utah Jazz,118.0,Memphis Grizzlies,123.0,Box Score,,17794.0,FedEx Forum,
2023-01-08,6:00p,Brooklyn Nets,102.0,Miami Heat,101.0,Box Score,,19901.0,FTX Arena,
2023-01-08,7:00p,Minnesota Timberwolves,104.0,Houston Rockets,96.0,Box Score,,18055.0,Toyota Center,
2023-01-08,7:00p,Dallas Mavericks,109.0,Oklahoma City Thunder,120.0,Box Score,,16317.0,Paycom Center,
2023-01-08,8:00p,Cleveland Cavaliers,112.0,Phoenix Suns,98.0,Box Score,,17071.0,Footprint Center,
2023-01-08,9:00p,Atlanta Hawks,112.0,Los Angeles Clippers,108.0,Box Score,,19068.0,Crypto.com Arena,
2023-01-09,7:00p,New Orleans Pelicans,,Washington Wizards,,,,,Capital One Arena,
2023-01-09,7:30p,Chicago Bulls,,Boston Celtics,,,,,TD Garden,
2023-01-09,7:30p,Milwaukee Bucks,,New York Knicks,,,,,Madison Square Garden (IV),
2023-01-09,8:00p,San Antonio Spurs,,Memphis Grizzlies,,,,,FedEx Forum,
2023-01-09,9:00p,Los Angeles Lakers,,Denver Nuggets,,,,,Ball Arena,
2023-01-09,10:00p,Orlando Magic,,Sacramento Kings,,,,,Golden 1 Center,
2023-01-10,7:00p,Detroit Pistons,,Philadelphia 76ers,,,,,Wells Fargo Center,
2023-01-10,7:30p,Oklahoma City Thunder,,Miami Heat,,,,,FTX Arena,
2023-01-10,7:30p,Charlotte Hornets,,Toronto Raptors,,,,,Scotiabank Arena,
2023-01-10,9:00p,Cleveland Cavaliers,,Utah Jazz,,,,,Vivint Arena,
2023-01-10,10:00p,Phoenix Suns,,Golden State Warriors,,,,,Chase Center,
2023-01-10,10:00p,Orlando Magic,,Portland Trail Blazers,,,,,Moda Center,
2023-01-10,10:30p,Dallas Mavericks,,Los Angeles Clippers,,,,,Crypto.com Arena,
2023-01-11,7:00p,Minnesota Timberwolves,,Detroit Pistons,,,,,Little Caesars Arena,
2023-01-11,7:00p,Chicago Bulls,,Washington Wizards,,,,,Capital One Arena,
2023-01-11,7:30p,Milwaukee Bucks,,Atlanta Hawks,,,,,State Farm Arena,
2023-01-11,7:30p,New Orleans Pelicans,,Boston Celtics,,,,,TD Garden,
2023-01-11,7:30p,Indiana Pacers,,New York Knicks,,,,,Madison Square Garden (IV),
2023-01-11,8:00p,San Antonio Spurs,,Memphis Grizzlies,,,,,FedEx Forum,
2023-01-11,10:00p,Phoenix Suns,,Denver Nuggets,,,,,Ball Arena,
2023-01-11,10:00p,Houston Rockets,,Sacramento Kings,,,,,Golden 1 Center,
2023-01-12,7:00p,Oklahoma City Thunder,,Philadelphia 76ers,,,,,Wells Fargo Center,
2023-01-12,7:30p,Boston Celtics,,Brooklyn Nets,,,,,Barclays Center,
2023-01-12,7:30p,Milwaukee Bucks,,Miami Heat,,,,,FTX Arena,
2023-01-12,7:30p,Charlotte Hornets,,Toronto Raptors,,,,,Scotiabank Arena,
2023-01-12,10:00p,Dallas Mavericks,,Los Angeles Lakers,,,,,Crypto.com Arena,
2023-01-12,10:00p,Cleveland Cavaliers,,Portland Trail Blazers,,,,,Moda Center,
2023-01-13,7:00p,New Orleans Pelicans,,Detroit Pistons,,,,,Little Caesars Arena,
2023-01-13,7:00p,Atlanta Hawks,,Indiana Pacers,,,,,Gainbridge Fieldhouse,
2023-01-13,7:00p,New York Knicks,,Washington Wizards,,,,,Capital One Arena,
2023-01-13,7:30p,Golden State Warriors,,San Antonio Spurs,,,,,AT&T Center,
2023-01-13,8:00p,Oklahoma City Thunder,,Chicago Bulls,,,,,United Center,
2023-01-13,8:00p,Phoenix Suns,,Minnesota Timberwolves,,,,,Target Center,
2023-01-13,9:00p,Orlando Magic,,Utah Jazz,,,,,Vivint Arena,
2023-01-13,10:00p,Denver Nuggets,,Los Angeles Clippers,,,,,Crypto.com Arena,
2023-01-13,10:00p,Houston Rockets,,Sacramento Kings,,,,,Golden 1 Center,
2023-01-14,1:00p,Milwaukee Bucks,,Miami Heat,,,,,FTX Arena,
2023-01-14,7:00p,Boston Celtics,,Charlotte Hornets,,,,,Spectrum Center,
2023-01-14,7:00p,Memphis Grizzlies,,Indiana Pacers,,,,,Gainbridge Fieldhouse,
2023-01-14,7:30p,Atlanta Hawks,,Toronto Raptors,,,,,Scotiabank Arena,
2023-01-14,8:00p,Cleveland Cavaliers,,Minnesota Timberwolves,,,,,Target Center,
2023-01-14,9:00p,Philadelphia 76ers,,Utah Jazz,,,,,Vivint Arena,
2023-01-14,10:00p,Dallas Mavericks,,Portland Trail Blazers,,,,,Moda Center,
2023-01-15,1:00p,New York Knicks,,Detroit Pistons,,,,,Little Caesars Arena,
2023-01-15,3:00p,Houston Rockets,,Los Angeles Clippers,,,,,Crypto.com Arena,
2023-01-15,3:30p,Golden State Warriors,,Chicago Bulls,,,,,United Center,
2023-01-15,6:00p,Oklahoma City Thunder,,Brooklyn Nets,,,,,Barclays Center,
2023-01-15,7:00p,Sacramento Kings,,San Antonio Spurs,,,,,AT&T Center,
2023-01-15,8:00p,Orlando Magic,,Denver Nuggets,,,,,Ball Arena,
2023-01-15,9:00p,Dallas Mavericks,,Portland Trail Blazers,,,,,Moda Center,
2023-01-15,9:30p,Philadelphia 76ers,,Los Angeles Lakers,,,,,Crypto.com Arena,
2023-01-16,1:00p,Boston Celtics,,Charlotte Hornets,,,,,Spectrum Center,
2023-01-16,2:30p,Indiana Pacers,,Milwaukee Bucks,,,,,Fiserv Forum,
2023-01-16,3:00p,New Orleans Pelicans,,Cleveland Cavaliers,,,,,Rocket Mortgage Fieldhouse,
2023-01-16,3:00p,Toronto Raptors,,New York Knicks,,,,,Madison Square Garden (IV),
2023-01-16,3:00p,Golden State Warriors,,Washington Wizards,,,,,Capital One Arena,
2023-01-16,3:30p,Miami Heat,,Atlanta Hawks,,,,,State Farm Arena,
2023-01-16,4:00p,Utah Jazz,,Minnesota Timberwolves,,,,,Target Center,
2023-01-16,6:00p,Phoenix Suns,,Memphis Grizzlies,,,,,FedEx Forum,
2023-01-16,10:30p,Houston Rockets,,Los Angeles Lakers,,,,,Crypto.com Arena,
2023-01-17,7:30p,Toronto Raptors,,Milwaukee Bucks,,,,,Fiserv Forum,
2023-01-17,8:00p,Brooklyn Nets,,San Antonio Spurs,,,,,AT&T Center,
2023-01-17,9:00p,Portland Trail Blazers,,Denver Nuggets,,,,,Ball Arena,
2023-01-17,10:00p,Philadelphia 76ers,,Los Angeles Clippers,,,,,Crypto.com Arena,
2023-01-18,7:30p,Atlanta Hawks,,Dallas Mavericks,,,,,American Airlines Center,
2023-01-18,7:30p,Washington Wizards,,New York Knicks,,,,,Madison Square Garden (IV),
2023-01-18,8:00p,Charlotte Hornets,,Houston Rockets,,,,,Toyota Center,
2023-01-18,8:00p,Cleveland Cavaliers,,Memphis Grizzlies,,,,,FedEx Forum,
2023-01-18,8:00p,Miami Heat,,New Orleans Pelicans,,,,,Smoothie King Center,
2023-01-18,8:00p,Indiana Pacers,,Oklahoma City Thunder,,,,,Paycom Center,
2023-01-18,9:00p,Los Angeles Clippers,,Utah Jazz,,,,,Vivint Arena,
2023-01-18,10:00p,Minnesota Timberwolves,,Denver Nuggets,,,,,Ball Arena,
2023-01-18,10:30p,Sacramento Kings,,Los Angeles Lakers,,,,,Crypto.com Arena,
2023-01-19,3:00p,Chicago Bulls,,Detroit Pistons,,,,,AccorHotels Arena,
2023-01-19,7:30p,Golden State Warriors,,Boston Celtics,,,,,TD Garden,
2023-01-19,8:00p,Toronto Raptors,,Minnesota Timberwolves,,,,,Target Center,
2023-01-19,10:00p,Brooklyn Nets,,Phoenix Suns,,,,,Footprint Center,
2023-01-19,10:00p,Philadelphia 76ers,,Portland Trail Blazers,,,,,Moda Center,
2023-01-20,7:00p,New Orleans Pelicans,,Orlando Magic,,,,,Amway Center,
2023-01-20,7:30p,New York Knicks,,Atlanta Hawks,,,,,State Farm Arena,
2023-01-20,7:30p,Golden State Warriors,,Cleveland Cavaliers,,,,,Rocket Mortgage Fieldhouse,
2023-01-20,7:30p,Miami Heat,,Dallas Mavericks,,,,,American Airlines Center,
2023-01-20,8:00p,Los Angeles Clippers,,San Antonio Spurs,,,,,AT&T Center,
2023-01-20,9:00p,Indiana Pacers,,Denver Nuggets,,,,,Ball Arena,
2023-01-20,9:00p,Brooklyn Nets,,Utah Jazz,,,,,Vivint Arena,
2023-01-20,10:00p,Memphis Grizzlies,,Los Angeles Lakers,,,,,Crypto.com Arena,
2023-01-20,10:00p,Oklahoma City Thunder,,Sacramento Kings,,,,,Golden 1 Center,
2023-01-21,5:00p,Boston Celtics,,Toronto Raptors,,,,,Scotiabank Arena,
2023-01-21,7:00p,Orlando Magic,,Washington Wizards,,,,,Capital One Arena,
2023-01-21,7:30p,Charlotte Hornets,,Atlanta Hawks,,,,,State Farm Arena,
2023-01-21,7:30p,Milwaukee Bucks,,Cleveland Cavaliers,,,,,Rocket Mortgage Fieldhouse,
2023-01-21,8:00p,Houston Rockets,,Minnesota Timberwolves,,,,,Target Center,
2023-01-21,9:00p,Indiana Pacers,,Phoenix Suns,,,,,Footprint Center,
2023-01-21,10:00p,Philadelphia 76ers,,Sacramento Kings,,,,,Golden 1 Center,
2023-01-22,3:30p,New Orleans Pelicans,,Miami Heat,,,,,FTX Arena,
2023-01-22,6:00p,New York Knicks,,Toronto Raptors,,,,,Scotiabank Arena,
2023-01-22,7:30p,Los Angeles Clippers,,Dallas Mavericks,,,,,American Airlines Center,
2023-01-22,8:00p,Oklahoma City Thunder,,Denver Nuggets,,,,,Ball Arena,
2023-01-22,8:00p,Memphis Grizzlies,,Phoenix Suns,,,,,Footprint Center,
2023-01-22,8:30p,Brooklyn Nets,,Golden State Warriors,,,,,Chase Center,
2023-01-22,9:00p,Los Angeles Lakers,,Portland Trail Blazers,,,,,Moda Center,
2023-01-23,7:00p,Milwaukee Bucks,,Detroit Pistons,,,,,Little Caesars Arena,
2023-01-23,7:00p,Boston Celtics,,Orlando Magic,,,,,Amway Center,
2023-01-23,8:00p,Atlanta Hawks,,Chicago Bulls,,,,,United Center,
2023-01-23,8:00p,Minnesota Timberwolves,,Houston Rockets,,,,,Toyota Center,
2023-01-23,9:00p,Charlotte Hornets,,Utah Jazz,,,,,Vivint Arena,
2023-01-23,10:00p,San Antonio Spurs,,Portland Trail Blazers,,,,,Moda Center,
2023-01-23,10:30p,Memphis Grizzlies,,Sacramento Kings,,,,,Golden 1 Center,
2023-01-24,7:00p,Chicago Bulls,,Indiana Pacers,,,,,Gainbridge Fieldhouse,
2023-01-24,7:30p,Boston Celtics,,Miami Heat,,,,,FTX Arena,
2023-01-24,7:30p,Cleveland Cavaliers,,New York Knicks,,,,,Madison Square Garden (IV),
2023-01-24,8:00p,Denver Nuggets,,New Orleans Pelicans,,,,,Smoothie King Center,
2023-01-24,8:30p,Washington Wizards,,Dallas Mavericks,,,,,American Airlines Center,
2023-01-24,9:00p,Charlotte Hornets,,Phoenix Suns,,,,,Footprint Center,
2023-01-24,10:00p,Los Angeles Clippers,,Los Angeles Lakers,,,,,Crypto.com Arena,
2023-01-25,7:00p,Indiana Pacers,,Orlando Magic,,,,,Amway Center,
2023-01-25,7:30p,Brooklyn Nets,,Philadelphia 76ers,,,,,Wells Fargo Center,
2023-01-25,8:00p,Washington Wizards,,Houston Rockets,,,,,Toyota Center,
2023-01-25,8:00p,Denver Nuggets,,Milwaukee Bucks,,,,,Fiserv Forum,
2023-01-25,8:00p,Minnesota Timberwolves,,New Orleans Pelicans,,,,,Smoothie King Center,
2023-01-25,8:00p,Atlanta Hawks,,Oklahoma City Thunder,,,,,Paycom Center,
2023-01-25,10:00p,Memphis Grizzlies,,Golden State Warriors,,,,,Chase Center,
2023-01-25,10:00p,Utah Jazz,,Portland Trail Blazers,,,,,Moda Center,
2023-01-25,10:00p,Toronto Raptors,,Sacramento Kings,,,,,Golden 1 Center,
2023-01-25,10:30p,San Antonio Spurs,,Los Angeles Lakers,,,,,Crypto.com Arena,
2023-01-26,7:30p,New York Knicks,,Boston Celtics,,,,,TD Garden,
2023-01-26,7:30p,Detroit Pistons,,Brooklyn Nets,,,,,Barclays Center,
2023-01-26,7:30p,Chicago Bulls,,Charlotte Hornets,,,,,Spectrum Center,
2023-01-26,8:00p,Cleveland Cavaliers,,Houston Rockets,,,,,Toyota Center,
2023-01-26,10:00p,Dallas Mavericks,,Phoenix Suns,,,,,Footprint Center,
2023-01-26,10:30p,San Antonio Spurs,,Los Angeles Clippers,,,,,Crypto.com Arena,
2023-01-27,7:00p,Milwaukee Bucks,,Indiana Pacers,,,,,Gainbridge Fieldhouse,
2023-01-27,7:30p,Memphis Grizzlies,,Minnesota Timberwolves,,,,,Target Center,
2023-01-27,8:00p,Orlando Magic,,Miami Heat,,,,,FTX Arena,
2023-01-27,8:00p,Cleveland Cavaliers,,Oklahoma City Thunder,,,,,Paycom Center,
2023-01-27,10:00p,Toronto Raptors,,Golden State Warriors,,,,,Chase Center,
2023-01-28,3:00p,Denver Nuggets,,Philadelphia 76ers,,,,,Wells Fargo Center,
2023-01-28,5:30p,New York Knicks,,Brooklyn Nets,,,,,Barclays Center,
2023-01-28,7:00p,Houston Rockets,,Detroit Pistons,,,,,Little Caesars Arena,
2023-01-28,7:00p,Chicago Bulls,,Orlando Magic,,,,,Amway Center,
2023-01-28,7:30p,Los Angeles Clippers,,Atlanta Hawks,,,,,State Farm Arena,
2023-01-28,8:00p,Sacramento Kings,,Minnesota Timberwolves,,,,,Target Center,
2023-01-28,8:00p,Washington Wizards,,New Orleans Pelicans,,,,,Smoothie King Center,
2023-01-28,8:00p,Phoenix Suns,,San Antonio Spurs,,,,,AT&T Center,
2023-01-28,8:30p,Los Angeles Lakers,,Boston Celtics,,,,,TD Garden,
2023-01-28,9:00p,Dallas Mavericks,,Utah Jazz,,,,,Vivint Arena,
2023-01-28,10:00p,Toronto Raptors,,Portland Trail Blazers,,,,,Moda Center,
2023-01-29,1:00p,Miami Heat,,Charlotte Hornets,,,,,Spectrum Center,
2023-01-29,6:00p,Indiana Pacers,,Memphis Grizzlies,,,,,FedEx Forum,
2023-01-29,7:00p,Los Angeles Clippers,,Cleveland Cavaliers,,,,,Rocket Mortgage Fieldhouse,
2023-01-29,8:00p,New Orleans Pelicans,,Milwaukee Bucks,,,,,Fiserv Forum,
2023-01-30,7:00p,Orlando Magic,,Philadelphia 76ers,,,,,Wells Fargo Center,
2023-01-30,7:30p,Los Angeles Lakers,,Brooklyn Nets,,,,,Barclays Center,
2023-01-30,8:00p,Sacramento Kings,,Minnesota Timberwolves,,,,,Target Center,
2023-01-30,8:00p,Golden State Warriors,,Oklahoma City Thunder,,,,,Paycom Center,
2023-01-30,8:00p,Washington Wizards,,San Antonio Spurs,,,,,AT&T Center,
2023-01-30,8:30p,Detroit Pistons,,Dallas Mavericks,,,,,American Airlines Center,
2023-01-30,9:00p,Toronto Raptors,,Phoenix Suns,,,,,Footprint Center,
2023-01-30,10:00p,Atlanta Hawks,,Portland Trail Blazers,,,,,Moda Center,
2023-01-31,7:00p,Miami Heat,,Cleveland Cavaliers,,,,,Rocket Mortgage Fieldhouse,
2023-01-31,7:30p,Los Angeles Lakers,,New York Knicks,,,,,Madison Square Garden (IV),
2023-01-31,8:00p,Los Angeles Clippers,,Chicago Bulls,,,,,United Center,
2023-01-31,8:00p,Charlotte Hornets,,Milwaukee Bucks,,,,,Fiserv Forum,
2023-01-31,10:00p,New Orleans Pelicans,,Denver Nuggets,,,,,Ball Arena,
2023-02-01,7:00p,Washington Wizards,,Detroit Pistons,,,,,Little Caesars Arena,
2023-02-01,7:00p,Portland Trail Blazers,,Memphis Grizzlies,,,,,FedEx Forum,
2023-02-01,7:00p,Orlando Magic,,Philadelphia 76ers,,,,,Wells Fargo Center,
2023-02-01,7:30p,Brooklyn Nets,,Boston Celtics,,,,,TD Garden,
2023-02-01,8:00p,Oklahoma City Thunder,,Houston Rockets,,,,,Toyota Center,
2023-02-01,8:00p,Golden State Warriors,,Minnesota Timberwolves,,,,,Target Center,
2023-02-01,8:00p,Sacramento Kings,,San Antonio Spurs,,,,,AT&T Center,
2023-02-01,9:00p,Toronto Raptors,,Utah Jazz,,,,,Vivint Arena,
2023-02-01,10:00p,Atlanta Hawks,,Phoenix Suns,,,,,Footprint Center,
2023-02-02,7:00p,Los Angeles Lakers,,Indiana Pacers,,,,,Gainbridge Fieldhouse,
2023-02-02,7:30p,Memphis Grizzlies,,Cleveland Cavaliers,,,,,Rocket Mortgage Fieldhouse,
2023-02-02,7:30p,Miami Heat,,New York Knicks,,,,,Madison Square Garden (IV),
2023-02-02,8:00p,Charlotte Hornets,,Chicago Bulls,,,,,United Center,
2023-02-02,8:30p,New Orleans Pelicans,,Dallas Mavericks,,,,,American Airlines Center,
2023-02-02,9:00p,Golden State Warriors,,Denver Nuggets,,,,,Ball Arena,
2023-02-02,10:00p,Los Angeles Clippers,,Milwaukee Bucks,,,,,Fiserv Forum,
2023-02-03,7:00p,Charlotte Hornets,,Detroit Pistons,,,,,Little Caesars Arena,
2023-02-03,7:00p,Sacramento Kings,,Indiana Pacers,,,,,Gainbridge Fieldhouse,
2023-02-03,7:00p,Portland Trail Blazers,,Washington Wizards,,,,,Capital One Arena,
2023-02-03,7:30p,Phoenix Suns,,Boston Celtics,,,,,TD Garden,
2023-02-03,8:00p,Toronto Raptors,,Houston Rockets,,,,,Toyota Center,
2023-02-03,8:00p,Orlando Magic,,Minnesota Timberwolves,,,,,Target Center,
2023-02-03,8:00p,Philadelphia 76ers,,San Antonio Spurs,,,,,AT&T Center,
2023-02-03,9:00p,Atlanta Hawks,,Utah Jazz,,,,,Vivint Arena,
2023-02-04,6:00p,Washington Wizards,,Brooklyn Nets,,,,,Barclays Center,
2023-02-04,7:00p,Phoenix Suns,,Detroit Pistons,,,,,Little Caesars Arena,
2023-02-04,7:00p,Los Angeles Clippers,,New York Knicks,,,,,Madison Square Garden (IV),
2023-02-04,8:00p,Portland Trail Blazers,,Chicago Bulls,,,,,United Center,
2023-02-04,8:00p,Miami Heat,,Milwaukee Bucks,,,,,Fiserv Forum,
2023-02-04,8:00p,Los Angeles Lakers,,New Orleans Pelicans,,,,,Smoothie King Center,
2023-02-04,8:00p,Houston Rockets,,Oklahoma City Thunder,,,,,Paycom Center,
2023-02-04,8:30p,Dallas Mavericks,,Golden State Warriors,,,,,Chase Center,
2023-02-04,9:00p,Atlanta Hawks,,Denver Nuggets,,,,,Ball Arena,
2023-02-05,1:00p,Orlando Magic,,Charlotte Hornets,,,,,Spectrum Center,
2023-02-05,5:00p,Cleveland Cavaliers,,Indiana Pacers,,,,,Gainbridge Fieldhouse,
2023-02-05,6:00p,Toronto Raptors,,Memphis Grizzlies,,,,,FedEx Forum,
2023-02-05,6:00p,Philadelphia 76ers,,New York Knicks,,,,,Madison Square Garden (IV),
2023-02-05,7:00p,Denver Nuggets,,Minnesota Timberwolves,,,,,Target Center,
2023-02-05,7:00p,Sacramento Kings,,New Orleans Pelicans,,,,,Smoothie King Center,
2023-02-06,7:00p,Boston Celtics,,Detroit Pistons,,,,,Little Caesars Arena,
2023-02-06,7:00p,Cleveland Cavaliers,,Washington Wizards,,,,,Capital One Arena,
2023-02-06,7:30p,Los Angeles Clippers,,Brooklyn Nets,,,,,Barclays Center,
2023-02-06,8:00p,San Antonio Spurs,,Chicago Bulls,,,,,United Center,
2023-02-06,8:00p,Sacramento Kings,,Houston Rockets,,,,,Toyota Center,
2023-02-06,9:00p,Dallas Mavericks,,Utah Jazz,,,,,Vivint Arena,
2023-02-06,10:00p,Oklahoma City Thunder,,Golden State Warriors,,,,,Chase Center,
2023-02-06,10:00p,Milwaukee Bucks,,Portland Trail Blazers,,,,,Moda Center,
2023-02-07,7:00p,New York Knicks,,Orlando Magic,,,,,Amway Center,
2023-02-07,7:30p,Phoenix Suns,,Brooklyn Nets,,,,,Barclays Center,
2023-02-07,7:30p,Atlanta Hawks,,New Orleans Pelicans,,,,,Smoothie King Center,
2023-02-07,8:00p,Chicago Bulls,,Memphis Grizzlies,,,,,FedEx Forum,
2023-02-07,10:00p,Minnesota Timberwolves,,Denver Nuggets,,,,,Ball Arena,
2023-02-07,10:30p,Oklahoma City Thunder,,Los Angeles Lakers,,,,,Crypto.com Arena,
2023-02-08,7:00p,Detroit Pistons,,Cleveland Cavaliers,,,,,Rocket Mortgage Fieldhouse,
2023-02-08,7:00p,Charlotte Hornets,,Washington Wizards,,,,,Capital One Arena,
2023-02-08,7:30p,Philadelphia 76ers,,Boston Celtics,,,,,TD Garden,
2023-02-08,7:30p,Indiana Pacers,,Miami Heat,,,,,FTX Arena,
2023-02-08,7:30p,San Antonio Spurs,,Toronto Raptors,,,,,Scotiabank Arena,
2023-02-08,8:00p,Sacramento Kings,,Houston Rockets,,,,,Toyota Center,
2023-02-08,9:00p,Minnesota Timberwolves,,Utah Jazz,,,,,Vivint Arena,
2023-02-08,10:00p,Dallas Mavericks,,Los Angeles Clippers,,,,,Crypto.com Arena,
2023-02-08,10:00p,Golden State Warriors,,Portland Trail Blazers,,,,,Moda Center,
2023-02-09,7:00p,Denver Nuggets,,Orlando Magic,,,,,Amway Center,
2023-02-09,7:30p,Phoenix Suns,,Atlanta Hawks,,,,,State Farm Arena,
2023-02-09,7:30p,Chicago Bulls,,Brooklyn Nets,,,,,Barclays Center,
2023-02-09,10:00p,Milwaukee Bucks,,Los Angeles Lakers,,,,,Crypto.com Arena,
2023-02-10,7:00p,San Antonio Spurs,,Detroit Pistons,,,,,Little Caesars Arena,
2023-02-10,7:00p,Phoenix Suns,,Indiana Pacers,,,,,Gainbridge Fieldhouse,
2023-02-10,7:00p,New York Knicks,,Philadelphia 76ers,,,,,Wells Fargo Center,
2023-02-10,7:30p,Charlotte Hornets,,Boston Celtics,,,,,TD Garden,
2023-02-10,7:30p,Utah Jazz,,Toronto Raptors,,,,,Scotiabank Arena,
2023-02-10,8:00p,Minnesota Timberwolves,,Memphis Grizzlies,,,,,FedEx Forum,
2023-02-10,8:00p,Houston Rockets,,Miami Heat,,,,,FTX Arena,
2023-02-10,10:00p,Cleveland Cavaliers,,New Orleans Pelicans,,,,,Smoothie King Center,
2023-02-10,10:00p,Oklahoma City Thunder,,Portland Trail Blazers,,,,,Moda Center,
2023-02-10,10:00p,Dallas Mavericks,,Sacramento Kings,,,,,Golden 1 Center,
2023-02-10,10:30p,Milwaukee Bucks,,Los Angeles Clippers,,,,,Crypto.com Arena,
2023-02-11,6:00p,Philadelphia 76ers,,Brooklyn Nets,,,,,Barclays Center,
2023-02-11,7:00p,Denver Nuggets,,Charlotte Hornets,,,,,Spectrum Center,
2023-02-11,7:00p,Miami Heat,,Orlando Magic,,,,,Amway Center,
2023-02-11,7:00p,Indiana Pacers,,Washington Wizards,,,,,Capital One Arena,
2023-02-11,7:30p,San Antonio Spurs,,Atlanta Hawks,,,,,State Farm Arena,
2023-02-11,7:30p,Utah Jazz,,New York Knicks,,,,,Madison Square Garden (IV),
2023-02-11,8:00p,Chicago Bulls,,Cleveland Cavaliers,,,,,Rocket Mortgage Fieldhouse,
2023-02-11,8:30p,Los Angeles Lakers,,Golden State Warriors,,,,,Chase Center,
2023-02-11,10:00p,Dallas Mavericks,,Sacramento Kings,,,,,Golden 1 Center,
2023-02-12,2:00p,Memphis Grizzlies,,Boston Celtics,,,,,TD Garden,
2023-02-12,3:00p,Detroit Pistons,,Toronto Raptors,,,,,Scotiabank Arena,
2023-02-13,7:00p,Atlanta Hawks,,Charlotte Hornets,,,,,Spectrum Center,
2023-02-13,7:00p,San Antonio Spurs,,Cleveland Cavaliers,,,,,Rocket Mortgage Fieldhouse,
2023-02-13,7:00p,Utah Jazz,,Indiana Pacers,,,,,Gainbridge Fieldhouse,
2023-02-13,7:00p,Houston Rockets,,Philadelphia 76ers,,,,,Wells Fargo Center,
2023-02-13,7:30p,Denver Nuggets,,Miami Heat,,,,,FTX Arena,
2023-02-13,7:30p,Brooklyn Nets,,New York Knicks,,,,,Madison Square Garden (IV),
2023-02-13,8:00p,Orlando Magic,,Chicago Bulls,,,,,United Center,
2023-02-13,8:00p,New Orleans Pelicans,,Oklahoma City Thunder,,,,,Paycom Center,
2023-02-13,8:30p,Minnesota Timberwolves,,Dallas Mavericks,,,,,American Airlines Center,
2023-02-13,10:00p,Washington Wizards,,Golden State Warriors,,,,,Chase Center,
2023-02-13,10:00p,Los Angeles Lakers,,Portland Trail Blazers,,,,,Moda Center,
2023-02-14,7:30p,Boston Celtics,,Milwaukee Bucks,,,,,Fiserv Forum,
2023-02-14,7:30p,Orlando Magic,,Toronto Raptors,,,,,Scotiabank Arena,
2023-02-14,9:00p,Sacramento Kings,,Phoenix Suns,,,,,Footprint Center,
2023-02-14,10:00p,Golden State Warriors,,Los Angeles Clippers,,,,,Crypto.com Arena,
2023-02-14,10:00p,Washington Wizards,,Portland Trail Blazers,,,,,Moda Center,
2023-02-15,7:00p,San Antonio Spurs,,Charlotte Hornets,,,,,Spectrum Center,
2023-02-15,7:00p,Chicago Bulls,,Indiana Pacers,,,,,Gainbridge Fieldhouse,
2023-02-15,7:00p,Cleveland Cavaliers,,Philadelphia 76ers,,,,,Wells Fargo Center,
2023-02-15,7:30p,New York Knicks,,Atlanta Hawks,,,,,State Farm Arena,
2023-02-15,7:30p,Detroit Pistons,,Boston Celtics,,,,,TD Garden,
2023-02-15,7:30p,Miami Heat,,Brooklyn Nets,,,,,Barclays Center,
2023-02-15,8:00p,Utah Jazz,,Memphis Grizzlies,,,,,FedEx Forum,
2023-02-15,8:00p,Houston Rockets,,Oklahoma City Thunder,,,,,Paycom Center,
2023-02-15,9:00p,Dallas Mavericks,,Denver Nuggets,,,,,Ball Arena,
2023-02-15,10:00p,New Orleans Pelicans,,Los Angeles Lakers,,,,,Crypto.com Arena,
2023-02-16,7:30p,Milwaukee Bucks,,Chicago Bulls,,,,,United Center,
2023-02-16,8:00p,Washington Wizards,,Minnesota Timberwolves,,,,,Target Center,
2023-02-16,10:00p,Los Angeles Clippers,,Phoenix Suns,,,,,Footprint Center,
2023-02-23,7:00p,Denver Nuggets,,Cleveland Cavaliers,,,,,Rocket Mortgage Fieldhouse,
2023-02-23,7:00p,Boston Celtics,,Indiana Pacers,,,,,Gainbridge Fieldhouse,
2023-02-23,7:00p,Detroit Pistons,,Orlando Magic,,,,,Amway Center,
2023-02-23,7:30p,Memphis Grizzlies,,Philadelphia 76ers,,,,,Wells Fargo Center,
2023-02-23,7:30p,New Orleans Pelicans,,Toronto Raptors,,,,,Scotiabank Arena,
2023-02-23,8:30p,San Antonio Spurs,,Dallas Mavericks,,,,,American Airlines Center,
2023-02-23,9:00p,Oklahoma City Thunder,,Utah Jazz,,,,,Vivint Arena,
2023-02-23,10:00p,Golden State Warriors,,Los Angeles Lakers,,,,,Crypto.com Arena,
2023-02-23,10:00p,Portland Trail Blazers,,Sacramento Kings,,,,,Golden 1 Center,
2023-02-24,7:00p,New York Knicks,,Washington Wizards,,,,,Capital One Arena,
2023-02-24,7:30p,Cleveland Cavaliers,,Atlanta Hawks,,,,,State Farm Arena,
2023-02-24,7:30p,Miami Heat,,Milwaukee Bucks,,,,,Fiserv Forum,
2023-02-24,8:00p,Charlotte Hornets,,Minnesota Timberwolves,,,,,Target Center,
2023-02-24,9:00p,Oklahoma City Thunder,,Phoenix Suns,,,,,Footprint Center,
2023-02-24,10:00p,Brooklyn Nets,,Chicago Bulls,,,,,United Center,
2023-02-24,10:00p,Houston Rockets,,Golden State Warriors,,,,,Chase Center,
2023-02-24,10:30p,Sacramento Kings,,Los Angeles Clippers,,,,,Crypto.com Arena,
2023-02-25,12:00p,Toronto Raptors,,Detroit Pistons,,,,,Little Caesars Arena,
2023-02-25,7:00p,Miami Heat,,Charlotte Hornets,,,,,Spectrum Center,
2023-02-25,7:00p,Indiana Pacers,,Orlando Magic,,,,,Amway Center,
2023-02-25,7:30p,New Orleans Pelicans,,New York Knicks,,,,,Madison Square Garden (IV),
2023-02-25,8:00p,Denver Nuggets,,Memphis Grizzlies,,,,,FedEx Forum,
2023-02-25,8:30p,Boston Celtics,,Philadelphia 76ers,,,,,Wells Fargo Center,
2023-02-25,9:00p,San Antonio Spurs,,Utah Jazz,,,,,Vivint Arena,
2023-02-26,1:00p,Phoenix Suns,,Milwaukee Bucks,,,,,Fiserv Forum,
2023-02-26,3:00p,Brooklyn Nets,,Atlanta Hawks,,,,,State Farm Arena,
2023-02-26,3:30p,Washington Wizards,,Chicago Bulls,,,,,United Center,
2023-02-26,3:30p,Los Angeles Lakers,,Dallas Mavericks,,,,,American Airlines Center,
2023-02-26,6:00p,Toronto Raptors,,Cleveland Cavaliers,,,,,Rocket Mortgage Fieldhouse,
2023-02-26,7:00p,Sacramento Kings,,Oklahoma City Thunder,,,,,Paycom Center,
2023-02-26,7:30p,Minnesota Timberwolves,,Golden State Warriors,,,,,Chase Center,
2023-02-26,9:00p,Houston Rockets,,Portland Trail Blazers,,,,,Moda Center,
2023-02-26,10:00p,Los Angeles Clippers,,Denver Nuggets,,,,,Ball Arena,
2023-02-27,7:00p,Detroit Pistons,,Charlotte Hornets,,,,,Spectrum Center,
2023-02-27,7:00p,Miami Heat,,Philadelphia 76ers,,,,,Wells Fargo Center,
2023-02-27,7:30p,Boston Celtics,,New York Knicks,,,,,Madison Square Garden (IV),
2023-02-27,8:00p,Orlando Magic,,New Orleans Pelicans,,,,,Smoothie King Center,
2023-02-28,7:30p,Washington Wizards,,Atlanta Hawks,,,,,State Farm Arena,
2023-02-28,7:30p,Milwaukee Bucks,,Brooklyn Nets,,,,,Barclays Center,
2023-02-28,7:30p,Chicago Bulls,,Toronto Raptors,,,,,Scotiabank Arena,
2023-02-28,8:00p,Denver Nuggets,,Houston Rockets,,,,,Toyota Center,
2023-02-28,8:00p,Los Angeles Lakers,,Memphis Grizzlies,,,,,FedEx Forum,
2023-02-28,8:00p,Sacramento Kings,,Oklahoma City Thunder,,,,,Paycom Center,
2023-02-28,8:30p,Indiana Pacers,,Dallas Mavericks,,,,,American Airlines Center,
2023-02-28,9:00p,San Antonio Spurs,,Utah Jazz,,,,,Vivint Arena,
2023-02-28,10:00p,Portland Trail Blazers,,Golden State Warriors,,,,,Chase Center,
2023-02-28,10:00p,Minnesota Timberwolves,,Los Angeles Clippers,,,,,Crypto.com Arena,
2023-03-01,7:00p,Phoenix Suns,,Charlotte Hornets,,,,,Spectrum Center,
2023-03-01,7:00p,Chicago Bulls,,Detroit Pistons,,,,,Little Caesars Arena,
2023-03-01,7:30p,Cleveland Cavaliers,,Boston Celtics,,,,,TD Garden,
2023-03-01,7:30p,Philadelphia 76ers,,Miami Heat,,,,,FTX Arena,
2023-03-01,7:30p,Brooklyn Nets,,New York Knicks,,,,,Madison Square Garden (IV),
2023-03-01,8:00p,Memphis Grizzlies,,Houston Rockets,,,,,Toyota Center,
2023-03-01,8:00p,Orlando Magic,,Milwaukee Bucks,,,,,Fiserv Forum,
2023-03-01,8:00p,Los Angeles Lakers,,Oklahoma City Thunder,,,,,Paycom Center,
2023-03-01,10:00p,New Orleans Pelicans,,Portland Trail Blazers,,,,,Moda Center,
2023-03-02,7:00p,Toronto Raptors,,Washington Wizards,,,,,Capital One Arena,
2023-03-02,7:30p,Philadelphia 76ers,,Dallas Mavericks,,,,,American Airlines Center,
2023-03-02,8:30p,Indiana Pacers,,San Antonio Spurs,,,,,AT&T Center,
2023-03-02,10:00p,Los Angeles Clippers,,Golden State Warriors,,,,,Chase Center,
2023-03-03,7:00p,Orlando Magic,,Charlotte Hornets,,,,,Spectrum Center,
2023-03-03,7:30p,Portland Trail Blazers,,Atlanta Hawks,,,,,State Farm Arena,
2023-03-03,7:30p,Brooklyn Nets,,Boston Celtics,,,,,TD Garden,
2023-03-03,8:00p,Phoenix Suns,,Chicago Bulls,,,,,United Center,
2023-03-03,8:00p,New York Knicks,,Miami Heat,,,,,FTX Arena,
2023-03-03,8:00p,Utah Jazz,,Oklahoma City Thunder,,,,,Paycom Center,
2023-03-03,10:00p,Memphis Grizzlies,,Denver Nuggets,,,,,Ball Arena,
2023-03-03,10:00p,New Orleans Pelicans,,Golden State Warriors,,,,,Chase Center,
2023-03-03,10:00p,Los Angeles Clippers,,Sacramento Kings,,,,,Golden 1 Center,
2023-03-03,10:30p,Minnesota Timberwolves,,Los Angeles Lakers,,,,,Crypto.com Arena,
2023-03-04,5:00p,Toronto Raptors,,Washington Wizards,,,,,Capital One Arena,
2023-03-04,7:30p,Detroit Pistons,,Cleveland Cavaliers,,,,,Rocket Mortgage Fieldhouse,
2023-03-04,8:00p,Atlanta Hawks,,Miami Heat,,,,,FTX Arena,
2023-03-04,8:00p,Houston Rockets,,San Antonio Spurs,,,,,AT&T Center,
2023-03-04,8:30p,Philadelphia 76ers,,Milwaukee Bucks,,,,,Fiserv Forum,
2023-03-04,10:00p,Minnesota Timberwolves,,Sacramento Kings,,,,,Golden 1 Center,
2023-03-05,1:00p,Phoenix Suns,,Dallas Mavericks,,,,,American Airlines Center,
2023-03-05,3:30p,Indiana Pacers,,Chicago Bulls,,,,,United Center,
2023-03-05,3:30p,Golden State Warriors,,Los Angeles Lakers,,,,,Crypto.com Arena,
2023-03-05,6:00p,Charlotte Hornets,,Brooklyn Nets,,,,,Barclays Center,
2023-03-05,6:00p,Portland Trail Blazers,,Orlando Magic,,,,,Amway Center,
2023-03-05,7:00p,San Antonio Spurs,,Houston Rockets,,,,,Toyota Center,
2023-03-05,7:00p,Utah Jazz,,Oklahoma City Thunder,,,,,Paycom Center,
2023-03-05,7:30p,New York Knicks,,Boston Celtics,,,,,TD Garden,
2023-03-05,10:00p,Memphis Grizzlies,,Los Angeles Clippers,,,,,Crypto.com Arena,
2023-03-06,7:00p,Boston Celtics,,Cleveland Cavaliers,,,,,Rocket Mortgage Fieldhouse,
2023-03-06,7:00p,Philadelphia 76ers,,Indiana Pacers,,,,,Gainbridge Fieldhouse,
2023-03-06,7:00p,Milwaukee Bucks,,Washington Wizards,,,,,Capital One Arena,
2023-03-06,7:30p,Atlanta Hawks,,Miami Heat,,,,,FTX Arena,
2023-03-06,9:00p,Toronto Raptors,,Denver Nuggets,,,,,Ball Arena,
2023-03-06,10:00p,New Orleans Pelicans,,Sacramento Kings,,,,,Golden 1 Center,
2023-03-07,7:00p,Portland Trail Blazers,,Detroit Pistons,,,,,Little Caesars Arena,
2023-03-07,7:00p,Milwaukee Bucks,,Orlando Magic,,,,,Amway Center,
2023-03-07,7:30p,Philadelphia 76ers,,Minnesota Timberwolves,,,,,Target Center,
2023-03-07,7:30p,Charlotte Hornets,,New York Knicks,,,,,Madison Square Garden (IV),
2023-03-07,8:00p,Brooklyn Nets,,Houston Rockets,,,,,Toyota Center,
2023-03-07,8:00p,Golden State Warriors,,Oklahoma City Thunder,,,,,Paycom Center,
2023-03-07,8:30p,Utah Jazz,,Dallas Mavericks,,,,,American Airlines Center,
2023-03-07,10:00p,Memphis Grizzlies,,Los Angeles Lakers,,,,,Crypto.com Arena,
2023-03-08,7:00p,Atlanta Hawks,,Washington Wizards,,,,,Capital One Arena,
2023-03-08,7:30p,Portland Trail Blazers,,Boston Celtics,,,,,TD Garden,
2023-03-08,7:30p,Cleveland Cavaliers,,Miami Heat,,,,,FTX Arena,
2023-03-08,7:30p,Dallas Mavericks,,New Orleans Pelicans,,,,,Smoothie King Center,
2023-03-08,9:00p,Chicago Bulls,,Denver Nuggets,,,,,Ball Arena,
2023-03-08,9:00p,Oklahoma City Thunder,,Phoenix Suns,,,,,Footprint Center,
2023-03-08,10:00p,Toronto Raptors,,Los Angeles Clippers,,,,,Crypto.com Arena,
2023-03-09,7:00p,Charlotte Hornets,,Detroit Pistons,,,,,Little Caesars Arena,
2023-03-09,7:00p,Houston Rockets,,Indiana Pacers,,,,,Gainbridge Fieldhouse,
2023-03-09,7:00p,Utah Jazz,,Orlando Magic,,,,,Amway Center,
2023-03-09,7:30p,Brooklyn Nets,,Milwaukee Bucks,,,,,Fiserv Forum,
2023-03-09,10:00p,Golden State Warriors,,Memphis Grizzlies,,,,,FedEx Forum,
2023-03-09,10:00p,New York Knicks,,Sacramento Kings,,,,,Golden 1 Center,
2023-03-10,7:00p,Portland Trail Blazers,,Philadelphia 76ers,,,,,Wells Fargo Center,
2023-03-10,7:00p,Atlanta Hawks,,Washington Wizards,,,,,Capital One Arena,
2023-03-10,8:00p,Cleveland Cavaliers,,Miami Heat,,,,,FTX Arena,
2023-03-10,8:00p,Brooklyn Nets,,Minnesota Timberwolves,,,,,Target Center,
2023-03-10,8:00p,Denver Nuggets,,San Antonio Spurs,,,,,AT&T Center,
2023-03-10,10:30p,Toronto Raptors,,Los Angeles Lakers,,,,,Crypto.com Arena,
2023-03-11,4:00p,New York Knicks,,Los Angeles Clippers,,,,,Crypto.com Arena,
2023-03-11,7:00p,Utah Jazz,,Charlotte Hornets,,,,,Spectrum Center,
2023-03-11,7:00p,Indiana Pacers,,Detroit Pistons,,,,,Little Caesars Arena,
2023-03-11,7:00p,Miami Heat,,Orlando Magic,,,,,Amway Center,
2023-03-11,7:30p,Boston Celtics,,Atlanta Hawks,,,,,State Farm Arena,
2023-03-11,8:00p,Chicago Bulls,,Houston Rockets,,,,,Toyota Center,
2023-03-11,8:00p,Dallas Mavericks,,Memphis Grizzlies,,,,,FedEx Forum,
2023-03-11,8:30p,Milwaukee Bucks,,Golden State Warriors,,,,,Chase Center,
2023-03-11,8:30p,Oklahoma City Thunder,,New Orleans Pelicans,,,,,Smoothie King Center,
2023-03-11,10:00p,Sacramento Kings,,Phoenix Suns,,,,,Footprint Center,
2023-03-12,3:30p,Brooklyn Nets,,Denver Nuggets,,,,,Ball Arena,
2023-03-12,5:00p,Cleveland Cavaliers,,Charlotte Hornets,,,,,Spectrum Center,
2023-03-12,6:00p,Washington Wizards,,Philadelphia 76ers,,,,,Wells Fargo Center,
2023-03-12,7:00p,Portland Trail Blazers,,New Orleans Pelicans,,,,,Smoothie King Center,
2023-03-12,7:00p,Oklahoma City Thunder,,San Antonio Spurs,,,,,AT&T Center,
2023-03-12,9:00p,New York Knicks,,Los Angeles Lakers,,,,,Crypto.com Arena,
2023-03-13,7:00p,Indiana Pacers,,Detroit Pistons,,,,,Little Caesars Arena,
2023-03-13,7:30p,Minnesota Timberwolves,,Atlanta Hawks,,,,,State Farm Arena,
2023-03-13,7:30p,Memphis Grizzlies,,Dallas Mavericks,,,,,American Airlines Center,
2023-03-13,7:30p,Utah Jazz,,Miami Heat,,,,,FTX Arena,
2023-03-13,8:00p,Boston Celtics,,Houston Rockets,,,,,Toyota Center,
2023-03-13,10:00p,Phoenix Suns,,Golden State Warriors,,,,,Chase Center,
2023-03-13,10:00p,Milwaukee Bucks,,Sacramento Kings,,,,,Golden 1 Center,
2023-03-14,7:00p,Cleveland Cavaliers,,Charlotte Hornets,,,,,Spectrum Center,
2023-03-14,7:00p,Detroit Pistons,,Washington Wizards,,,,,Capital One Arena,
2023-03-14,7:30p,Denver Nuggets,,Toronto Raptors,,,,,Scotiabank Arena,
2023-03-14,8:00p,Los Angeles Lakers,,New Orleans Pelicans,,,,,Smoothie King Center,
2023-03-14,8:00p,Brooklyn Nets,,Oklahoma City Thunder,,,,,Paycom Center,
2023-03-14,8:00p,Orlando Magic,,San Antonio Spurs,,,,,AT&T Center,
2023-03-14,10:00p,Milwaukee Bucks,,Phoenix Suns,,,,,Footprint Center,
2023-03-14,10:00p,New York Knicks,,Portland Trail Blazers,,,,,Moda Center,
2023-03-15,7:30p,Philadelphia 76ers,,Cleveland Cavaliers,,,,,Rocket Mortgage Fieldhouse,
2023-03-15,7:30p,Memphis Grizzlies,,Miami Heat,,,,,FTX Arena,
2023-03-15,8:00p,Sacramento Kings,,Chicago Bulls,,,,,United Center,
2023-03-15,8:00p,Los Angeles Lakers,,Houston Rockets,,,,,Toyota Center,
2023-03-15,8:00p,Boston Celtics,,Minnesota Timberwolves,,,,,Target Center,
2023-03-15,8:30p,Dallas Mavericks,,San Antonio Spurs,,,,,AT&T Center,
2023-03-15,10:00p,Golden State Warriors,,Los Angeles Clippers,,,,,Crypto.com Arena,
2023-03-16,7:00p,Denver Nuggets,,Detroit Pistons,,,,,Little Caesars Arena,
2023-03-16,7:30p,Sacramento Kings,,Brooklyn Nets,,,,,Barclays Center,
2023-03-16,7:30p,Oklahoma City Thunder,,Toronto Raptors,,,,,Scotiabank Arena,
2023-03-16,8:00p,Indiana Pacers,,Milwaukee Bucks,,,,,Fiserv Forum,
2023-03-16,10:00p,Orlando Magic,,Phoenix Suns,,,,,Footprint Center,
2023-03-17,7:00p,Philadelphia 76ers,,Charlotte Hornets,,,,,Spectrum Center,
2023-03-17,7:30p,Golden State Warriors,,Atlanta Hawks,,,,,State Farm Arena,
2023-03-17,7:30p,Washington Wizards,,Cleveland Cavaliers,,,,,Rocket Mortgage Fieldhouse,
2023-03-17,8:00p,Minnesota Timberwolves,,Chicago Bulls,,,,,United Center,
2023-03-17,8:00p,New Orleans Pelicans,,Houston Rockets,,,,,Toyota Center,
2023-03-17,8:00p,Memphis Grizzlies,,San Antonio Spurs,,,,,AT&T Center,
2023-03-17,10:00p,Boston Celtics,,Portland Trail Blazers,,,,,Moda Center,
2023-03-17,10:30p,Dallas Mavericks,,Los Angeles Lakers,,,,,Crypto.com Arena,
2023-03-18,1:00p,Denver Nuggets,,New York Knicks,,,,,Madison Square Garden (IV),
2023-03-18,3:00p,Orlando Magic,,Los Angeles Clippers,,,,,Crypto.com Arena,
2023-03-18,7:00p,Philadelphia 76ers,,Indiana Pacers,,,,,Gainbridge Fieldhouse,
2023-03-18,7:00p,Minnesota Timberwolves,,Toronto Raptors,,,,,Scotiabank Arena,
2023-03-18,8:00p,Miami Heat,,Chicago Bulls,,,,,United Center,
2023-03-18,8:00p,Golden State Warriors,,Memphis Grizzlies,,,,,FedEx Forum,
2023-03-18,8:00p,Sacramento Kings,,Washington Wizards,,,,,Capital One Arena,
2023-03-18,9:00p,Boston Celtics,,Utah Jazz,,,,,Vivint Arena,
2023-03-19,3:30p,Denver Nuggets,,Brooklyn Nets,,,,,Barclays Center,
2023-03-19,3:30p,Phoenix Suns,,Oklahoma City Thunder,,,,,Paycom Center,
2023-03-19,4:00p,Atlanta Hawks,,San Antonio Spurs,,,,,AT&T Center,
2023-03-19,6:00p,Miami Heat,,Detroit Pistons,,,,,Little Caesars Arena,
2023-03-19,7:00p,New Orleans Pelicans,,Houston Rockets,,,,,Toyota Center,
2023-03-19,8:00p,Toronto Raptors,,Milwaukee Bucks,,,,,Fiserv Forum,
2023-03-19,9:00p,Los Angeles Clippers,,Portland Trail Blazers,,,,,Moda Center,
2023-03-19,9:30p,Orlando Magic,,Los Angeles Lakers,,,,,Crypto.com Arena,
2023-03-20,7:00p,Indiana Pacers,,Charlotte Hornets,,,,,Spectrum Center,
2023-03-20,7:00p,Chicago Bulls,,Philadelphia 76ers,,,,,Wells Fargo Center,
2023-03-20,7:30p,Minnesota Timberwolves,,New York Knicks,,,,,Madison Square Garden (IV),
2023-03-20,8:00p,Golden State Warriors,,Houston Rockets,,,,,Toyota Center,
2023-03-20,8:00p,Dallas Mavericks,,Memphis Grizzlies,,,,,FedEx Forum,
2023-03-20,9:00p,Sacramento Kings,,Utah Jazz,,,,,Vivint Arena,
2023-03-21,7:00p,Washington Wizards,,Orlando Magic,,,,,Amway Center,
2023-03-21,7:30p,Detroit Pistons,,Atlanta Hawks,,,,,State Farm Arena,
2023-03-21,7:30p,Cleveland Cavaliers,,Brooklyn Nets,,,,,Barclays Center,
2023-03-21,8:00p,San Antonio Spurs,,New Orleans Pelicans,,,,,Smoothie King Center,
2023-03-21,10:00p,Boston Celtics,,Sacramento Kings,,,,,Golden 1 Center,
2023-03-21,10:30p,Oklahoma City Thunder,,Los Angeles Clippers,,,,,Crypto.com Arena,
2023-03-22,7:00p,Denver Nuggets,,Washington Wizards,,,,,Capital One Arena,
2023-03-22,7:30p,Golden State Warriors,,Dallas Mavericks,,,,,American Airlines Center,
2023-03-22,7:30p,New York Knicks,,Miami Heat,,,,,FTX Arena,
2023-03-22,7:30p,Indiana Pacers,,Toronto Raptors,,,,,Scotiabank Arena,
2023-03-22,8:00p,Philadelphia 76ers,,Chicago Bulls,,,,,United Center,
2023-03-22,8:00p,Houston Rockets,,Memphis Grizzlies,,,,,FedEx Forum,
2023-03-22,8:00p,San Antonio Spurs,,Milwaukee Bucks,,,,,Fiserv Forum,
2023-03-22,8:00p,Atlanta Hawks,,Minnesota Timberwolves,,,,,Target Center,
2023-03-22,9:00p,Portland Trail Blazers,,Utah Jazz,,,,,Vivint Arena,
2023-03-22,10:00p,Phoenix Suns,,Los Angeles Lakers,,,,,Crypto.com Arena,
2023-03-23,7:00p,New York Knicks,,Orlando Magic,,,,,Amway Center,
2023-03-23,7:30p,Cleveland Cavaliers,,Brooklyn Nets,,,,,Barclays Center,
2023-03-23,8:00p,Charlotte Hornets,,New Orleans Pelicans,,,,,Smoothie King Center,
2023-03-23,10:30p,Oklahoma City Thunder,,Los Angeles Clippers,,,,,Crypto.com Arena,
2023-03-24,7:00p,Indiana Pacers,,Boston Celtics,,,,,TD Garden,
2023-03-24,7:00p,San Antonio Spurs,,Washington Wizards,,,,,Capital One Arena,
2023-03-24,7:30p,Detroit Pistons,,Toronto Raptors,,,,,Scotiabank Arena,
2023-03-24,8:00p,Houston Rockets,,Memphis Grizzlies,,,,,FedEx Forum,
2023-03-24,8:30p,Charlotte Hornets,,Dallas Mavericks,,,,,American Airlines Center,
2023-03-24,9:00p,Milwaukee Bucks,,Utah Jazz,,,,,Vivint Arena,
2023-03-24,10:00p,Philadelphia 76ers,,Golden State Warriors,,,,,Chase Center,
2023-03-24,10:00p,Chicago Bulls,,Portland Trail Blazers,,,,,Moda Center,
2023-03-24,10:00p,Phoenix Suns,,Sacramento Kings,,,,,Golden 1 Center,
2023-03-24,10:30p,Oklahoma City Thunder,,Los Angeles Lakers,,,,,Crypto.com Arena,
2023-03-25,5:00p,Indiana Pacers,,Atlanta Hawks,,,,,State Farm Arena,
2023-03-25,8:00p,Brooklyn Nets,,Miami Heat,,,,,FTX Arena,
2023-03-25,9:00p,Milwaukee Bucks,,Denver Nuggets,,,,,Ball Arena,
2023-03-25,10:00p,Philadelphia 76ers,,Phoenix Suns,,,,,Footprint Center,
2023-03-25,10:00p,Utah Jazz,,Sacramento Kings,,,,,Golden 1 Center,
2023-03-25,10:30p,New Orleans Pelicans,,Los Angeles Clippers,,,,,Crypto.com Arena,
2023-03-26,1:00p,Dallas Mavericks,,Charlotte Hornets,,,,,Spectrum Center,
2023-03-26,3:30p,Chicago Bulls,,Los Angeles Lakers,,,,,Crypto.com Arena,
2023-03-26,6:00p,Memphis Grizzlies,,Atlanta Hawks,,,,,State Farm Arena,
2023-03-26,6:00p,San Antonio Spurs,,Boston Celtics,,,,,TD Garden,
2023-03-26,6:00p,Houston Rockets,,Cleveland Cavaliers,,,,,Rocket Mortgage Fieldhouse,
2023-03-26,6:00p,Brooklyn Nets,,Orlando Magic,,,,,Amway Center,
2023-03-26,6:00p,Washington Wizards,,Toronto Raptors,,,,,Scotiabank Arena,
2023-03-26,7:00p,Oklahoma City Thunder,,Portland Trail Blazers,,,,,Moda Center,
2023-03-26,8:30p,Minnesota Timberwolves,,Golden State Warriors,,,,,Chase Center,
2023-03-27,7:00p,Milwaukee Bucks,,Detroit Pistons,,,,,Little Caesars Arena,
2023-03-27,7:00p,Dallas Mavericks,,Indiana Pacers,,,,,Gainbridge Fieldhouse,
2023-03-27,7:30p,Houston Rockets,,New York Knicks,,,,,Madison Square Garden (IV),
2023-03-27,9:00p,Phoenix Suns,,Utah Jazz,,,,,Vivint Arena,
2023-03-27,9:30p,Philadelphia 76ers,,Denver Nuggets,,,,,Ball Arena,
2023-03-27,10:00p,New Orleans Pelicans,,Portland Trail Blazers,,,,,Moda Center,
2023-03-27,10:00p,Minnesota Timberwolves,,Sacramento Kings,,,,,Golden 1 Center,
2023-03-27,10:30p,Chicago Bulls,,Los Angeles Clippers,,,,,Crypto.com Arena,
2023-03-28,7:00p,Boston Celtics,,Washington Wizards,,,,,Capital One Arena,
2023-03-28,7:30p,Cleveland Cavaliers,,Atlanta Hawks,,,,,State Farm Arena,
2023-03-28,7:30p,Miami Heat,,Toronto Raptors,,,,,Scotiabank Arena,
2023-03-28,8:00p,Orlando Magic,,Memphis Grizzlies,,,,,FedEx Forum,
2023-03-28,8:00p,Charlotte Hornets,,Oklahoma City Thunder,,,,,Paycom Center,
2023-03-28,10:00p,New Orleans Pelicans,,Golden State Warriors,,,,,Chase Center,
2023-03-29,7:00p,Milwaukee Bucks,,Indiana Pacers,,,,,Gainbridge Fieldhouse,
2023-03-29,7:30p,Houston Rockets,,Brooklyn Nets,,,,,Barclays Center,
2023-03-29,7:30p,Miami Heat,,New York Knicks,,,,,Madison Square Garden (IV),
2023-03-29,7:30p,Dallas Mavericks,,Philadelphia 76ers,,,,,Wells Fargo Center,
2023-03-29,8:00p,Los Angeles Lakers,,Chicago Bulls,,,,,United Center,
2023-03-29,8:00p,Los Angeles Clippers,,Memphis Grizzlies,,,,,FedEx Forum,
2023-03-29,8:00p,Detroit Pistons,,Oklahoma City Thunder,,,,,Paycom Center,
2023-03-29,8:00p,Utah Jazz,,San Antonio Spurs,,,,,AT&T Center,
2023-03-29,10:00p,Minnesota Timberwolves,,Phoenix Suns,,,,,Footprint Center,
2023-03-29,10:00p,Sacramento Kings,,Portland Trail Blazers,,,,,Moda Center,
2023-03-30,7:30p,Boston Celtics,,Milwaukee Bucks,,,,,Fiserv Forum,
2023-03-30,10:00p,New Orleans Pelicans,,Denver Nuggets,,,,,Ball Arena,
2023-03-31,7:00p,Chicago Bulls,,Charlotte Hornets,,,,,Spectrum Center,
2023-03-31,7:00p,Oklahoma City Thunder,,Indiana Pacers,,,,,Gainbridge Fieldhouse,
2023-03-31,7:00p,Toronto Raptors,,Philadelphia 76ers,,,,,Wells Fargo Center,
2023-03-31,7:00p,Orlando Magic,,Washington Wizards,,,,,Capital One Arena,
2023-03-31,7:30p,Utah Jazz,,Boston Celtics,,,,,TD Garden,
2023-03-31,7:30p,Atlanta Hawks,,Brooklyn Nets,,,,,Barclays Center,
2023-03-31,7:30p,New York Knicks,,Cleveland Cavaliers,,,,,Rocket Mortgage Fieldhouse,
2023-03-31,8:00p,Detroit Pistons,,Houston Rockets,,,,,Toyota Center,
2023-03-31,8:00p,Los Angeles Clippers,,Memphis Grizzlies,,,,,FedEx Forum,
2023-03-31,8:00p,Los Angeles Lakers,,Minnesota Timberwolves,,,,,Target Center,
2023-03-31,10:00p,San Antonio Spurs,,Golden State Warriors,,,,,Chase Center,
2023-03-31,10:00p,Sacramento Kings,,Portland Trail Blazers,,,,,Moda Center,
2023-03-31,10:30p,Denver Nuggets,,Phoenix Suns,,,,,Footprint Center,
2023-04-01,7:30p,Dallas Mavericks,,Miami Heat,,,,,FTX Arena,
2023-04-01,8:30p,Los Angeles Clippers,,New Orleans Pelicans,,,,,Smoothie King Center,
2023-04-02,1:00p,Toronto Raptors,,Charlotte Hornets,,,,,Spectrum Center,
2023-04-02,3:30p,Utah Jazz,,Brooklyn Nets,,,,,Barclays Center,
2023-04-02,3:30p,Memphis Grizzlies,,Chicago Bulls,,,,,United Center,
2023-04-02,3:30p,Portland Trail Blazers,,Minnesota Timberwolves,,,,,Target Center,
2023-04-02,6:00p,Dallas Mavericks,,Atlanta Hawks,,,,,State Farm Arena,
2023-04-02,6:00p,San Antonio Spurs,,Sacramento Kings,,,,,Golden 1 Center,
2023-04-02,6:00p,Detroit Pistons,,Orlando Magic,,,,,Amway Center,
2023-04-02,6:00p,Washington Wizards,,New York Knicks,,,,,Madison Square Garden (IV),
2023-04-02,7:00p,Los Angeles Lakers,,Houston Rockets,,,,,Toyota Center,
2023-04-02,7:00p,Phoenix Suns,,Oklahoma City Thunder,,,,,Paycom Center,
2023-04-02,8:00p,Philadelphia 76ers,,Milwaukee Bucks,,,,,Fiserv Forum,
2023-04-02,8:00p,Indiana Pacers,,Cleveland Cavaliers,,,,,Rocket Mortgage Fieldhouse,
2023-04-02,8:30p,Golden State Warriors,,Denver Nuggets,,,,,Ball Arena,
2023-04-04,7:00p,Toronto Raptors,,Charlotte Hornets,,,,,Spectrum Center,
2023-04-04,7:00p,Milwaukee Bucks,,Washington Wizards,,,,,Capital One Arena,
2023-04-04,7:00p,Cleveland Cavaliers,,Orlando Magic,,,,,Amway Center,
2023-04-04,7:00p,Miami Heat,,Detroit Pistons,,,,,Little Caesars Arena,
2023-04-04,7:30p,Minnesota Timberwolves,,Brooklyn Nets,,,,,Barclays Center,
2023-04-04,8:00p,Denver Nuggets,,Houston Rockets,,,,,Toyota Center,
2023-04-04,8:00p,Portland Trail Blazers,,Memphis Grizzlies,,,,,FedEx Forum,
2023-04-04,8:00p,Sacramento Kings,,New Orleans Pelicans,,,,,Smoothie King Center,
2023-04-04,8:00p,Boston Celtics,,Philadelphia 76ers,,,,,Wells Fargo Center,
2023-04-04,8:00p,Atlanta Hawks,,Chicago Bulls,,,,,United Center,
2023-04-04,9:00p,Los Angeles Lakers,,Utah Jazz,,,,,Vivint Arena,
2023-04-04,10:00p,Oklahoma City Thunder,,Golden State Warriors,,,,,Chase Center,
2023-04-04,10:00p,San Antonio Spurs,,Phoenix Suns,,,,,Footprint Center,
2023-04-05,7:00p,Brooklyn Nets,,Detroit Pistons,,,,,Little Caesars Arena,
2023-04-05,7:00p,New York Knicks,,Indiana Pacers,,,,,Gainbridge Fieldhouse,
2023-04-05,7:30p,Washington Wizards,,Atlanta Hawks,,,,,State Farm Arena,
2023-04-05,7:30p,Toronto Raptors,,Boston Celtics,,,,,TD Garden,
2023-04-05,7:30p,Chicago Bulls,,Milwaukee Bucks,,,,,Fiserv Forum,
2023-04-05,8:00p,Memphis Grizzlies,,New Orleans Pelicans,,,,,Smoothie King Center,
2023-04-05,8:30p,Sacramento Kings,,Dallas Mavericks,,,,,American Airlines Center,
2023-04-05,10:00p,Los Angeles Lakers,,Los Angeles Clippers,,,,,Crypto.com Arena,
2023-04-06,7:00p,Cleveland Cavaliers,,Orlando Magic,,,,,Amway Center,
2023-04-06,7:30p,Miami Heat,,Philadelphia 76ers,,,,,Wells Fargo Center,
2023-04-06,8:00p,Portland Trail Blazers,,San Antonio Spurs,,,,,Moody Center,
2023-04-06,9:00p,Oklahoma City Thunder,,Utah Jazz,,,,,Vivint Arena,
2023-04-06,10:00p,Denver Nuggets,,Phoenix Suns,,,,,Footprint Center,
2023-04-07,7:00p,Houston Rockets,,Charlotte Hornets,,,,,Spectrum Center,
2023-04-07,7:00p,Miami Heat,,Washington Wizards,,,,,Capital One Arena,
2023-04-07,7:00p,Detroit Pistons,,Indiana Pacers,,,,,Gainbridge Fieldhouse,
2023-04-07,7:30p,Orlando Magic,,Brooklyn Nets,,,,,Barclays Center,
2023-04-07,7:30p,Toronto Raptors,,Boston Celtics,,,,,TD Garden,
2023-04-07,7:30p,Philadelphia 76ers,,Atlanta Hawks,,,,,State Farm Arena,
2023-04-07,8:00p,Memphis Grizzlies,,Milwaukee Bucks,,,,,Fiserv Forum,
2023-04-07,8:00p,New York Knicks,,New Orleans Pelicans,,,,,Smoothie King Center,
2023-04-07,8:30p,Chicago Bulls,,Dallas Mavericks,,,,,American Airlines Center,
2023-04-07,10:00p,Golden State Warriors,,Sacramento Kings,,,,,Golden 1 Center,
2023-04-07,10:30p,Phoenix Suns,,Los Angeles Lakers,,,,,Crypto.com Arena,
2023-04-08,3:30p,Denver Nuggets,,Utah Jazz,,,,,Vivint Arena,
2023-04-08,4:00p,Portland Trail Blazers,,Los Angeles Clippers,,,,,Crypto.com Arena,
2023-04-08,4:00p,Minnesota Timberwolves,,San Antonio Spurs,,,,,Moody Center,
2023-04-09,1:00p,Atlanta Hawks,,Boston Celtics,,,,,TD Garden,
2023-04-09,1:00p,Philadelphia 76ers,,Brooklyn Nets,,,,,Barclays Center,
2023-04-09,1:00p,Detroit Pistons,,Chicago Bulls,,,,,United Center,
2023-04-09,1:00p,Charlotte Hornets,,Cleveland Cavaliers,,,,,Rocket Mortgage Fieldhouse,
2023-04-09,1:00p,Orlando Magic,,Miami Heat,,,,,FTX Arena,
2023-04-09,1:00p,Indiana Pacers,,New York Knicks,,,,,Madison Square Garden (IV),
2023-04-09,1:00p,Milwaukee Bucks,,Toronto Raptors,,,,,Scotiabank Arena,
2023-04-09,1:00p,Houston Rockets,,Washington Wizards,,,,,Capital One Arena,
2023-04-09,3:30p,San Antonio Spurs,,Dallas Mavericks,,,,,American Airlines Center,
2023-04-09,3:30p,Sacramento Kings,,Denver Nuggets,,,,,Ball Arena,
2023-04-09,3:30p,Utah Jazz,,Los Angeles Lakers,,,,,Crypto.com Arena,
2023-04-09,3:30p,New Orleans Pelicans,,Minnesota Timberwolves,,,,,Target Center,
2023-04-09,3:30p,Memphis Grizzlies,,Oklahoma City Thunder,,,,,Paycom Center,
2023-04-09,3:30p,Los Angeles Clippers,,Phoenix Suns,,,,,Footprint Center,
2023-04-09,3:30p,Golden State Warriors,,Portland Trail Blazers,,,,,Moda Center,
