Rk,Player,Pos,Age,Tm,G,MP,PER,TS%,3PAr,FTr,ORB%,DRB%,TRB%,AST%,STL%,BLK%,TOV%,USG%,Unnamed: 19,OWS,DWS,WS,WS/48,Unnamed: 24,OBPM,DBPM,BPM,VORP
1,Precious Achiuwa,C,23,TOR,21,390,13.9,.501,.320,.327,9.4,24.2,16.2,7.6,1.1,3.3,11.4,21.2,,0.0,0.4,0.5,.056,,-2.3,-1.6,-3.8,-0.2
2,Steven Adams,C,29,MEM,39,1047,17.2,.559,.004,.464,19.6,24.2,22.0,11.0,1.4,3.8,20.5,14.1,,1.1,2.0,3.1,.143,,-0.4,0.9,0.6,0.7
3,Bam Adebayo,C,25,MIA,40,1402,20.6,.584,.016,.326,9.1,24.9,16.7,15.6,1.6,2.5,13.0,26.5,,1.8,2.2,4.0,.136,,0.5,0.6,1.2,1.1
4,Ochai Agbaji,SG,22,UTA,24,290,9.4,.589,.545,.182,4.6,8.4,6.5,4.2,0.3,0.9,4.6,12.6,,0.4,0.1,0.4,.074,,-1.2,-1.7,-2.9,-0.1
5,Santi Aldama,PF,22,MEM,40,909,15.1,.602,.496,.282,5.5,17.0,11.4,7.2,1.5,3.1,7.6,15.3,,1.6,1.5,3.0,.161,,0.2,1.5,1.7,0.9
6,Nickeil Alexander-Walker,SG,24,UTA,32,510,13.1,.606,.518,.211,1.7,10.8,6.3,19.5,2.2,2.1,19.2,18.4,,0.3,0.5,0.8,.075,,-0.6,0.9,0.3,0.3
7,Grayson Allen,SG,27,MIL,41,1120,13.4,.613,.593,.267,3.5,10.1,6.9,13.3,1.3,0.5,11.1,15.2,,1.9,1.2,3.1,.131,,0.0,0.5,0.5,0.7
8,Jarrett Allen,C,24,CLE,38,1258,19.5,.660,.021,.420,11.1,23.8,17.5,7.9,1.2,3.4,11.7,16.1,,3.0,2.2,5.3,.202,,1.2,1.3,2.5,1.4
9,Jose Alvarado,PG,24,NOP,43,926,12.6,.524,.510,.175,2.3,10.7,6.5,20.5,2.8,0.6,13.6,19.8,,0.3,1.3,1.5,.078,,-1.8,1.1,-0.7,0.3
10,Kyle Anderson,PF,29,MIN,34,885,13.6,.582,.223,.347,2.9,15.7,9.5,19.6,2.1,2.9,17.1,13.5,,0.9,1.1,2.0,.108,,-0.6,2.0,1.4,0.8
11,Giannis Antetokounmpo,PF,28,MIL,35,1180,27.0,.584,.140,.621,7.3,29.2,18.5,30.5,1.1,2.3,13.1,38.2,,2.3,2.1,4.3,.177,,4.8,2.3,7.1,2.7
12,Thanasis Antetokounmpo,SF,30,MIL,20,86,1.0,.270,.286,.429,7.5,15.4,11.5,4.3,1.1,2.9,29.6,11.6,,-0.3,0.1,-0.1,-0.081,,-9.3,-0.6,-9.9,-0.2
13,Cole Anthony,PG,22,ORL,26,677,13.5,.527,.365,.301,2.5,16.9,9.8,24.3,1.3,1.6,12.7,20.6,,0.5,0.6,1.1,.078,,-1.2,0.3,-0.8,0.2
14,OG Anunoby,SF,25,TOR,41,1514,14.7,.559,.372,.221,4.6,13.6,8.7,8.8,2.9,2.2,12.5,20.8,,0.6,1.8,2.4,.076,,-0.7,0.5,-0.2,0.7
15,Ryan Arcidiacono,PG,28,NYK,10,25,3.3,.300,.600,.000,0.0,17.2,8.5,9.9,3.9,0.0,16.7,10.2,,0.0,0.0,0.0,-0.004,,-9.2,4.2,-5.0,0.0
16,Deni Avdija,SF,22,WAS,42,1080,10.4,.524,.428,.248,4.6,20.6,12.8,13.7,1.4,1.8,16.8,15.6,,-0.1,1.3,1.2,.052,,-3.2,0.7,-2.5,-0.1
17,Deandre Ayton,C,24,PHO,39,1154,19.9,.611,.043,.207,10.3,27.3,18.5,11.5,0.8,2.1,12.9,23.5,,1.7,1.4,3.1,.131,,1.1,-0.4,0.6,0.8
18,Udoka Azubuike,C,23,UTA,15,63,24.3,.781,.000,.429,17.5,29.7,23.6,11.6,1.5,3.9,15.3,13.1,,0.2,0.1,0.3,.233,,3.8,1.4,5.1,0.1
19,Marvin Bagley III,C,23,DET,25,532,17.7,.592,.164,.259,10.5,20.6,15.4,4.2,1.2,3.0,8.9,19.6,,0.8,0.4,1.2,.104,,0.3,-1.1,-0.8,0.2
20,Patrick Baldwin Jr.,SF,20,GSW,14,117,15.1,.611,.793,.069,0.0,19.5,9.8,3.8,2.4,0.8,9.1,23.5,,0.0,0.2,0.2,.066,,1.8,-0.6,1.2,0.1
Rk,Player,Pos,Age,Tm,G,MP,PER,TS%,3PAr,FTr,ORB%,DRB%,TRB%,AST%,STL%,BLK%,TOV%,USG%,,OWS,DWS,WS,WS/48,,OBPM,DBPM,BPM,VORP
21,LaMelo Ball,PG,21,CHO,21,731,19.3,.546,.534,.160,3.1,13.8,8.2,39.5,1.6,0.9,12.0,29.9,,1.0,0.5,1.5,.095,,4.2,-1.5,2.7,0.9
22,Mo Bamba,C,24,ORL,35,615,16.3,.606,.484,.255,7.8,22.9,15.4,8.4,0.8,5.5,9.0,16.5,,1.0,0.8,1.8,.140,,0.2,0.8,1.0,0.5
23,Paolo Banchero,PF,20,ORL,37,1261,16.7,.550,.271,.492,3.6,18.3,11.0,18.0,1.5,1.5,13.2,28.0,,0.5,1.2,1.8,.067,,0.3,-0.7,-0.4,0.5
24,Desmond Bane,SG,24,MEM,23,707,19.1,.595,.455,.249,2.0,14.7,8.5,19.4,1.2,0.9,10.5,27.0,,1.5,0.9,2.4,.162,,3.4,0.0,3.4,1.0
25,Dalano Banton,PG,23,TOR,22,222,16.4,.516,.413,.163,4.2,12.7,8.1,18.4,2.7,5.3,10.4,23.9,,0.1,0.3,0.4,.079,,0.0,0.8,0.9,0.2
26,Dominick Barlow,SF,19,SAS,4,26,15.6,.571,.429,.571,8.2,4.4,6.4,14.9,1.8,0.0,0.0,13.9,,0.1,0.0,0.1,.159,,0.0,0.0,0.0,0.0
27,Harrison Barnes,PF,30,SAC,42,1348,14.9,.640,.460,.530,3.6,14.1,8.9,7.1,1.2,0.4,9.3,17.3,,2.6,1.0,3.6,.129,,0.8,-0.9,-0.1,0.7
28,Scottie Barnes,PF,21,TOR,42,1440,16.0,.522,.223,.248,7.1,17.3,11.8,21.0,1.5,2.4,12.6,20.9,,1.1,1.3,2.4,.081,,0.9,-0.5,0.4,0.9
29,RJ Barrett,SG,22,NYK,39,1341,13.4,.533,.339,.350,2.7,14.3,8.4,13.1,0.7,0.4,11.1,26.0,,0.5,1.2,1.7,.059,,-0.6,-1.5,-2.1,0.0
30,Will Barton,SG,32,WAS,36,726,9.5,.490,.486,.147,1.3,13.6,7.6,17.0,1.1,1.0,12.7,18.9,,-0.4,0.6,0.2,.011,,-2.2,-0.9,-3.1,-0.2
31,Charles Bassey,C,22,SAS,24,327,17.3,.695,.086,.343,14.4,28.5,21.2,11.9,1.2,5.6,25.8,13.7,,0.5,0.3,0.8,.117,,-1.4,1.2,-0.1,0.1
32,Keita Bates-Diop,SF,27,SAS,32,550,13.8,.604,.249,.260,6.8,10.9,8.8,5.5,1.6,0.8,11.1,16.3,,0.6,0.2,0.8,.070,,-0.4,-1.5,-1.9,0.0
33,Nicolas Batum,PF,34,LAC,43,941,11.2,.582,.787,.139,4.6,16.9,10.8,9.0,1.5,3.1,12.3,12.1,,0.7,1.3,2.1,.106,,-1.3,1.9,0.6,0.6
34,Darius Bazley,PF,22,OKC,28,458,13.3,.511,.285,.423,5.5,18.4,11.8,8.1,1.7,5.6,10.5,16.5,,0.0,0.7,0.7,.077,,-1.7,1.1,-0.6,0.2
35,Bradley Beal,SG,29,WAS,24,806,20.9,.617,.269,.292,3.0,8.2,5.7,25.4,1.5,1.5,12.9,27.5,,1.5,0.6,2.2,.130,,3.9,-0.9,3.0,1.0
36,Malik Beasley,SG,26,UTA,47,1267,12.2,.535,.690,.074,2.1,12.3,7.2,9.0,1.6,0.5,7.8,21.6,,0.4,0.8,1.3,.048,,0.0,-1.2,-1.2,0.3
37,MarJon Beauchamp,SF,22,MIL,32,497,8.4,.511,.593,.141,6.9,10.1,8.5,6.3,1.5,0.3,14.5,18.7,,-0.3,0.5,0.3,.025,,-3.9,-0.9,-4.8,-0.4
38,Dāvis Bertāns,PF,30,DAL,26,288,9.5,.586,.880,.130,2.0,8.2,5.1,4.6,0.9,0.9,6.7,16.5,,0.2,0.1,0.3,.058,,-1.2,-2.3,-3.5,-0.1
39,Patrick Beverley,PG,34,LAL,35,924,8.0,.537,.650,.183,2.4,11.4,7.1,11.7,1.4,1.8,15.2,10.5,,0.2,0.8,1.1,.056,,-3.3,1.1,-2.2,-0.1
40,Saddiq Bey,SF,23,DET,43,1234,13.5,.548,.479,.363,3.6,13.3,8.3,7.8,1.5,0.6,7.8,20.8,,1.1,0.5,1.5,.060,,-0.1,-1.3,-1.4,0.2
Rk,Player,Pos,Age,Tm,G,MP,PER,TS%,3PAr,FTr,ORB%,DRB%,TRB%,AST%,STL%,BLK%,TOV%,USG%,,OWS,DWS,WS,WS/48,,OBPM,DBPM,BPM,VORP
41,Khem Birch,C,30,TOR,20,162,9.6,.629,.063,.156,5.2,12.9,8.7,6.0,1.5,3.1,19.0,11.1,,0.1,0.1,0.2,.067,,-4.4,0.7,-3.6,-0.1
42,Goga Bitadze,C,23,IND,19,189,14.8,.589,.286,.367,11.7,13.2,12.4,13.3,2.0,4.7,14.9,14.8,,0.3,0.2,0.5,.122,,-1.8,1.7,-0.1,0.1
43,Bismack Biyombo,C,30,PHO,35,473,12.2,.539,.000,.392,9.2,22.6,15.7,8.0,1.1,8.5,21.6,13.8,,-0.2,0.8,0.6,.061,,-4.8,2.3,-2.5,-0.1
44,Buddy Boeheim,PG,23,DET,1,1,0.0,,,,0.0,0.0,0.0,0.0,0.0,0.0,,0.0,,0.0,0.0,0.0,-0.022,,-7.9,-2.2,-10.0,0.0
45,Bogdan Bogdanović,SG,30,ATL,20,620,12.9,.539,.556,.101,0.9,12.0,6.4,12.6,1.3,0.8,8.2,21.6,,0.1,0.5,0.7,.053,,-0.4,-0.9,-1.3,0.1
46,Bojan Bogdanović,PF,33,DET,44,1381,18.1,.629,.402,.354,1.9,11.2,6.4,14.7,0.9,0.3,11.8,25.7,,2.6,0.2,2.8,.098,,3.0,-1.8,1.2,1.1
47,Bol Bol,PF,23,ORL,39,1003,16.7,.643,.209,.212,5.9,24.5,15.3,5.6,1.0,5.6,17.0,18.7,,0.6,1.3,2.0,.094,,-0.3,0.6,0.3,0.6
48,Leandro Bolmaro,SG,22,UTA,10,58,-4.1,.188,.188,.000,5.7,1.9,3.8,12.6,2.5,1.4,30.4,16.6,,-0.3,0.0,-0.3,-0.224,,-11.5,-2.0,-13.5,-0.2
49,Devin Booker,SG,26,PHO,29,1002,22.0,.585,.305,.304,2.5,12.9,7.5,27.8,1.3,1.0,9.4,31.7,,2.3,0.8,3.2,.151,,4.6,-0.7,3.9,1.5
50,Brandon Boston Jr.,SG,21,LAC,16,154,14.1,.492,.303,.342,4.3,10.7,7.5,13.2,1.9,0.0,5.4,26.1,,0.0,0.2,0.2,.066,,-0.6,0.1,-0.5,0.1
51,Chris Boucher,PF,30,TOR,40,813,17.4,.570,.364,.389,10.4,20.6,15.1,3.5,1.6,3.4,5.7,18.2,,1.5,0.9,2.5,.145,,0.5,-1.0,-0.5,0.3
52,James Bouknight,SG,22,CHO,25,348,6.1,.428,.525,.183,1.5,14.0,7.5,10.8,1.8,1.0,12.2,17.7,,-0.5,0.2,-0.3,-0.042,,-5.8,-0.4,-6.2,-0.4
53,Tony Bradley,C,25,CHI,9,25,20.9,.761,.571,.286,4.6,40.4,22.6,5.6,1.9,0.0,11.3,15.6,,0.1,0.0,0.1,.209,,4.4,-0.1,4.3,0.0
54,Malaki Branham,SF,19,SAS,31,604,7.3,.505,.495,.121,1.1,9.2,5.0,11.2,1.0,0.5,13.5,17.2,,-0.4,0.1,-0.3,-0.026,,-3.8,-2.1,-5.9,-0.6
55,Christian Braun,SG,21,DEN,40,529,6.9,.507,.333,.197,4.9,11.1,8.1,4.4,1.0,1.2,11.2,11.7,,0.0,0.4,0.4,.032,,-3.7,-0.9,-4.6,-0.3
56,Mikal Bridges,SF,26,PHO,45,1628,14.4,.571,.351,.211,3.2,11.3,7.1,13.3,1.6,2.2,8.9,17.9,,2.1,1.5,3.7,.109,,0.4,0.4,0.8,1.1
57,Oshae Brissett,SF,24,IND,39,641,11.5,.559,.537,.469,6.0,16.9,11.5,3.8,1.8,1.0,8.7,15.1,,0.5,0.6,1.1,.080,,-1.5,-0.3,-1.8,0.0
58,Malcolm Brogdon,PG,30,BOS,39,930,19.4,.626,.416,.278,3.4,15.6,9.5,23.5,1.1,0.8,12.0,23.4,,2.3,1.0,3.3,.168,,3.2,0.0,3.2,1.2
59,Dillon Brooks,SF,27,MEM,39,1188,10.7,.501,.396,.178,2.1,9.5,5.9,12.4,1.3,0.4,9.2,24.3,,-0.1,1.4,1.2,.050,,-2.8,-0.6,-3.4,-0.4
60,Bruce Brown,SG,26,DEN,43,1231,13.7,.589,.378,.149,3.3,12.9,8.2,17.0,1.7,2.2,14.5,16.5,,1.3,1.3,2.6,.100,,-0.3,0.5,0.2,0.7
Rk,Player,Pos,Age,Tm,G,MP,PER,TS%,3PAr,FTr,ORB%,DRB%,TRB%,AST%,STL%,BLK%,TOV%,USG%,,OWS,DWS,WS,WS/48,,OBPM,DBPM,BPM,VORP
61,Greg Brown III,PF,21,POR,14,84,8.0,.478,.250,.500,2.8,21.5,12.3,1.7,2.3,5.3,17.0,18.2,,-0.2,0.1,0.0,-0.021,,-7.4,0.7,-6.8,-0.1
62,Jaylen Brown,SF,26,BOS,40,1418,20.3,.595,.365,.268,3.9,18.0,11.0,15.4,1.5,1.2,11.8,31.7,,1.5,1.8,3.2,.110,,2.1,-0.5,1.6,1.3
63,Kendall Brown,SG,19,IND,6,40,9.2,.571,.143,.286,5.5,10.8,8.2,9.9,4.7,0.0,20.2,10.3,,0.0,0.1,0.1,.083,,-6.9,4.1,-2.9,0.0
64,Moses Brown,C,23,LAC,33,262,22.7,.595,.000,.775,22.1,29.7,25.9,2.5,0.6,4.8,9.8,22.0,,0.6,0.4,1.0,.185,,0.2,-1.0,-0.8,0.1
65,Sterling Brown,SG,27,LAL,4,24,7.0,.000,.500,.000,13.9,21.7,17.9,9.3,5.9,0.0,0.0,7.1,,0.0,0.1,0.0,.032,,-8.4,4.9,-3.5,0.0
66,Troy Brown Jr.,SF,23,LAL,38,888,8.9,.562,.557,.091,3.5,14.0,8.9,4.0,1.5,0.6,11.3,12.2,,0.2,0.8,1.0,.052,,-2.5,0.3,-2.3,-0.1
67,Jalen Brunson,PG,26,NYK,42,1428,20.2,.574,.261,.307,1.9,9.7,5.8,30.6,1.3,0.5,9.9,26.9,,3.6,1.3,4.8,.163,,3.7,-0.3,3.3,1.9
68,Thomas Bryant,C,25,LAL,30,659,21.8,.696,.144,.347,9.0,25.5,17.5,5.5,0.9,2.2,8.4,19.1,,2.0,0.8,2.8,.201,,2.0,-0.5,1.5,0.6
69,Reggie Bullock,SF,31,DAL,43,1262,6.2,.518,.844,.113,1.8,12.0,6.9,5.3,1.2,0.6,7.3,9.4,,0.1,0.9,1.0,.038,,-3.1,-0.3,-3.4,-0.4
70,Alec Burks,SG,31,DET,34,740,18.7,.630,.481,.439,1.5,14.1,7.6,16.0,1.7,0.6,9.3,23.5,,1.8,0.3,2.1,.137,,3.0,-0.4,2.6,0.8
71,Jimmy Butler,SF,33,MIA,31,1067,25.7,.620,.140,.566,7.0,14.6,10.6,24.9,3.0,1.1,9.1,25.0,,3.8,1.7,5.5,.246,,5.4,2.3,7.7,2.6
72,John Butler,C,20,POR,4,15,7.9,.333,.667,.000,7.8,7.5,7.7,8.7,0.0,5.9,0.0,8.7,,0.0,0.0,0.0,.033,,-2.4,-0.6,-3.0,0.0
73,Jamal Cain,SF,23,MIA,13,181,14.0,.581,.229,.333,7.3,17.3,12.1,6.6,2.2,0.0,6.8,14.3,,0.3,0.2,0.5,.136,,-2.1,1.4,-0.7,0.1
74,Kentavious Caldwell-Pope,SG,29,DEN,43,1351,11.9,.618,.513,.182,1.7,9.2,5.5,9.2,1.9,1.0,10.4,14.5,,1.6,1.2,2.7,.097,,-0.9,-0.1,-0.9,0.4
75,Facundo Campazzo,PG,31,DAL,8,52,8.0,.360,.846,.154,0.0,4.5,2.3,23.2,5.8,0.0,17.8,14.8,,-0.1,0.1,0.0,-0.007,,-4.7,3.5,-1.2,0.0
76,Vlatko Čančar,PF,25,DEN,32,450,11.8,.656,.526,.114,3.9,13.1,8.6,11.1,1.3,1.4,14.9,13.6,,0.6,0.4,1.0,.106,,-0.8,-0.1,-0.8,0.1
77,Clint Capela,C,28,ATL,28,763,21.8,.645,.000,.214,16.2,29.9,23.0,3.8,1.1,4.3,9.1,15.9,,2.0,1.2,3.2,.202,,1.8,0.2,2.0,0.7
78,Vernon Carey Jr.,C,21,WAS,7,15,7.4,.333,.000,.000,7.6,28.6,18.4,8.4,3.2,11.3,40.0,14.5,,-0.1,0.0,0.0,-0.064,,-8.7,3.6,-5.1,0.0
79,Jevon Carter,PG,27,MIL,45,1095,9.8,.519,.549,.088,2.2,9.0,5.7,15.6,2.2,1.6,14.8,14.4,,0.1,1.5,1.6,.070,,-2.9,1.7,-1.2,0.2
80,Wendell Carter Jr.,C,23,ORL,25,766,17.5,.622,.320,.375,7.9,23.5,15.8,14.4,0.7,2.0,15.0,21.0,,1.2,0.7,2.0,.123,,0.9,-0.1,0.8,0.5
Rk,Player,Pos,Age,Tm,G,MP,PER,TS%,3PAr,FTr,ORB%,DRB%,TRB%,AST%,STL%,BLK%,TOV%,USG%,,OWS,DWS,WS,WS/48,,OBPM,DBPM,BPM,VORP
81,Alex Caruso,PG,28,CHI,38,930,11.3,.568,.512,.262,2.3,11.1,6.7,18.0,3.2,2.6,21.4,11.2,,0.4,1.3,1.7,.088,,-2.2,3.1,0.9,0.7
82,Julian Champagnie,SF,21,PHI,2,7,-3.8,.000,.500,.000,0.0,0.0,0.0,0.0,7.0,0.0,0.0,12.7,,0.0,0.0,0.0,-0.212,,-12.2,-1.4,-13.5,0.0
83,Justin Champagnie,SF,21,TOR,3,11,29.3,1.000,.000,.000,9.5,33.4,20.5,16.2,0.0,0.0,0.0,11.6,,0.1,0.0,0.1,.330,,6.3,1.5,7.8,0.0
84,Kennedy Chandler,PG,20,MEM,22,214,10.4,.422,.200,.169,3.0,11.4,7.3,27.2,2.2,2.1,17.7,16.2,,-0.1,0.3,0.2,.044,,-3.3,1.3,-2.0,0.0
85,Max Christie,SG,19,LAL,26,360,7.0,.545,.563,.075,2.2,14.5,8.5,4.9,0.4,0.9,9.8,10.8,,0.0,0.2,0.3,.037,,-2.9,-0.9,-3.9,-0.2
86,Josh Christopher,SG,21,HOU,26,195,5.4,.414,.359,.154,3.3,11.2,7.3,13.7,1.5,1.5,16.1,21.1,,-0.4,0.1,-0.4,-0.090,,-6.4,-2.1,-8.5,-0.3
87,Brandon Clarke,PF,26,MEM,37,720,19.7,.690,.026,.399,7.5,20.9,14.4,8.4,1.2,3.2,12.7,17.8,,1.8,1.2,3.0,.200,,0.5,1.8,2.4,0.8
88,Jordan Clarkson,SG,30,UTA,46,1502,15.8,.569,.461,.234,3.8,10.0,6.9,20.8,0.8,0.6,13.5,27.5,,1.5,0.6,2.1,.067,,1.8,-2.3,-0.5,0.5
89,Nic Claxton,C,23,BRK,40,1141,20.9,.703,.003,.356,10.5,22.8,17.0,7.4,1.3,8.2,13.4,15.4,,2.6,2.2,4.7,.199,,0.6,2.2,2.8,1.4
90,Amir Coffey,SG,25,LAC,34,466,7.3,.493,.286,.429,3.6,5.9,4.7,12.2,0.6,0.4,10.1,13.0,,0.2,0.3,0.5,.051,,-4.5,-0.3,-4.8,-0.3
91,John Collins,PF,25,ATL,36,1118,13.9,.574,.309,.257,4.0,23.2,13.5,5.4,1.1,3.6,10.1,17.3,,0.7,1.6,2.3,.097,,-2.0,0.8,-1.2,0.2
92,Zach Collins,C,25,SAS,34,695,14.8,.606,.238,.322,10.0,21.9,15.7,16.6,0.9,3.0,20.8,19.5,,0.5,0.4,0.9,.064,,-2.0,0.1,-1.9,0.0
93,Mike Conley,PG,35,UTA,35,1030,13.2,.527,.568,.247,1.5,7.0,4.2,33.4,1.6,0.5,14.3,16.2,,1.7,0.5,2.2,.104,,0.2,-0.8,-0.5,0.4
94,Pat Connaughton,SG,30,MIL,29,684,8.9,.492,.769,.098,3.3,15.7,9.6,6.5,1.2,0.4,6.8,15.5,,0.0,0.8,0.8,.055,,-2.2,-0.3,-2.5,-0.1
95,Robert Covington,PF,32,LAC,27,445,11.8,.517,.585,.237,4.8,20.9,12.9,10.6,2.0,3.2,12.3,16.6,,0.0,0.7,0.8,.082,,-2.4,2.0,-0.4,0.2
96,Torrey Craig,SF,32,PHO,42,1068,13.2,.586,.500,.106,8.8,16.4,12.5,7.9,1.4,2.2,10.0,13.6,,1.4,1.1,2.6,.115,,-0.2,0.2,0.0,0.5
97,Jarrett Culver,SG,23,ATL,10,137,9.7,.452,.279,.302,7.7,22.1,14.8,5.7,2.1,1.2,12.6,17.2,,-0.1,0.2,0.1,.022,,-4.8,0.7,-4.2,-0.1
98,Cade Cunningham,PG,21,DET,12,400,14.4,.492,.272,.192,3.2,17.7,10.2,30.5,1.2,1.5,13.8,29.8,,-0.3,0.2,-0.1,-0.016,,0.1,-0.9,-0.8,0.1
99,Seth Curry,SG,32,BRK,31,678,12.6,.588,.532,.108,1.6,9.2,5.6,12.9,1.4,0.8,10.9,19.3,,0.5,0.6,1.1,.079,,-1.0,-0.7,-1.6,0.1
100,Stephen Curry,PG,34,GSW,30,1021,25.0,.657,.581,.256,2.0,18.6,10.4,31.3,1.3,1.0,12.3,31.2,,3.2,1.0,4.2,.198,,7.7,0.3,8.1,2.6
Rk,Player,Pos,Age,Tm,G,MP,PER,TS%,3PAr,FTr,ORB%,DRB%,TRB%,AST%,STL%,BLK%,TOV%,USG%,,OWS,DWS,WS,WS/48,,OBPM,DBPM,BPM,VORP
101,Dyson Daniels,PG,19,NOP,35,675,9.7,.537,.402,.197,4.0,16.0,10.0,14.9,2.1,1.1,17.8,10.9,,0.3,0.9,1.2,.086,,-2.8,1.9,-0.9,0.2
102,Anthony Davis,C,29,LAL,25,836,31.6,.662,.072,.469,10.4,27.9,19.5,13.4,1.9,5.3,8.3,28.6,,3.4,1.5,4.8,.277,,6.4,2.2,8.6,2.2
103,Johnny Davis,SG,20,WAS,10,50,1.0,.384,.231,.231,2.3,12.9,7.7,5.1,0.0,1.7,6.5,13.3,,-0.1,0.0,0.0,-0.034,,-10.5,-1.8,-12.3,-0.1
104,Terence Davis,SG,25,SAC,34,443,13.8,.556,.660,.117,3.9,17.6,10.8,13.5,2.8,1.7,13.2,21.9,,0.1,0.6,0.7,.072,,-1.3,0.7,-0.6,0.2
105,JD Davison,PG,20,BOS,4,10,-2.5,.200,.400,.000,0.0,21.8,11.0,13.0,4.8,0.0,16.7,26.1,,-0.1,0.0,-0.1,-0.304,,-16.0,-0.6,-16.6,0.0
106,Dewayne Dedmon,C,33,MIA,29,338,16.5,.592,.288,.352,9.2,28.2,18.3,7.1,0.9,3.9,11.6,21.3,,0.4,0.5,0.9,.133,,-1.9,0.5,-1.4,0.1
107,Matthew Dellavedova,PG,32,SAC,19,112,8.4,.476,.462,.115,1.0,5.0,3.1,25.4,2.5,0.0,18.0,12.7,,0.0,0.1,0.1,.051,,-3.1,0.9,-2.2,0.0
108,DeMar DeRozan,SF,33,CHI,41,1478,22.1,.596,.078,.436,1.5,14.1,7.9,21.9,1.3,1.2,8.2,29.0,,3.7,1.3,4.9,.161,,2.3,-0.2,2.2,1.5
109,Moussa Diabaté,PF,21,LAC,8,90,17.6,.590,.000,.375,24.8,14.6,19.7,3.3,1.6,1.0,15.2,15.9,,0.2,0.1,0.3,.162,,-0.8,-1.1,-1.9,0.0
110,Mamadi Diakite,PF,26,CLE,13,88,7.5,.565,.565,.000,4.1,10.6,7.4,3.2,1.1,5.3,20.7,14.7,,-0.1,0.1,0.1,.034,,-4.7,1.9,-2.8,0.0
111,Hamidou Diallo,SG,24,DET,39,637,14.9,.584,.082,.457,7.3,16.7,11.8,8.5,2.2,1.2,13.5,20.2,,0.4,0.4,0.8,.063,,-2.0,-0.2,-2.1,0.0
112,Gorgui Dieng,C,33,SAS,14,152,12.8,.533,.688,.083,9.8,21.2,15.3,22.5,0.3,3.8,19.4,16.8,,0.1,0.1,0.2,.054,,-1.4,0.6,-0.8,0.0
113,Ousmane Dieng,SF,19,OKC,14,220,9.5,.502,.576,.068,2.9,16.7,9.7,11.8,1.1,1.7,10.3,12.8,,0.0,0.2,0.3,.057,,-2.2,0.4,-1.8,0.0
114,Spencer Dinwiddie,PG,29,DAL,44,1486,16.2,.608,.509,.268,1.3,9.1,5.2,24.4,1.1,0.8,10.7,20.6,,3.1,0.9,3.9,.127,,1.9,-1.2,0.7,1.0
115,Donte DiVincenzo,SG,26,GSW,34,816,11.9,.554,.699,.127,4.6,16.9,10.8,16.6,2.5,0.3,15.7,14.7,,0.5,1.0,1.5,.091,,-1.7,1.6,-0.1,0.4
116,Luka Dončić,PG,23,DAL,40,1497,30.5,.608,.353,.496,3.0,25.3,14.0,47.2,2.1,1.5,11.6,38.2,,5.4,2.0,7.4,.238,,8.3,2.0,10.3,4.6
117,Tyler Dorsey,SG,26,DAL,3,8,46.5,.900,.400,.000,14.6,14.8,14.7,0.0,0.0,0.0,0.0,28.4,,0.1,0.0,0.1,.377,,16.6,1.5,18.1,0.0
118,Luguentz Dort,SG,23,OKC,43,1305,11.8,.529,.455,.294,4.8,9.8,7.3,10.3,1.6,0.8,9.9,20.3,,0.6,1.2,1.8,.065,,-1.9,-0.8,-2.7,-0.2
119,Ayo Dosunmu,SG,23,CHI,42,1164,10.7,.579,.349,.151,2.7,9.8,6.3,13.0,1.3,1.1,13.9,15.1,,0.6,0.9,1.5,.062,,-2.5,-0.1,-2.6,-0.2
120,Devon Dotson,PG,23,WAS,6,53,4.9,.150,.400,.000,12.9,8.1,10.4,17.9,4.6,0.0,23.1,10.7,,-0.1,0.1,0.0,-0.022,,-7.0,1.8,-5.2,0.0
Rk,Player,Pos,Age,Tm,G,MP,PER,TS%,3PAr,FTr,ORB%,DRB%,TRB%,AST%,STL%,BLK%,TOV%,USG%,,OWS,DWS,WS,WS/48,,OBPM,DBPM,BPM,VORP
121,Jeff Dowtin,PG,25,TOR,12,86,14.6,.576,.174,.130,6.1,11.4,8.5,18.4,1.1,1.1,7.6,13.0,,0.2,0.1,0.2,.125,,-0.1,0.4,0.3,0.1
122,PJ Dozier,SG,26,SAC,3,7,20.1,.750,1.000,.000,0.0,16.1,8.2,0.0,6.8,0.0,0.0,12.2,,0.0,0.0,0.0,.198,,1.6,6.2,7.9,0.0
123,Goran Dragić,PG,36,CHI,41,672,11.0,.521,.412,.132,2.0,7.8,5.0,24.4,0.6,0.6,14.3,21.9,,-0.1,0.3,0.2,.016,,-1.5,-2.1,-3.7,-0.3
124,Andre Drummond,C,29,CHI,34,460,20.4,.607,.014,.385,18.3,38.3,28.4,7.3,2.3,2.3,17.2,19.9,,0.7,0.9,1.5,.157,,-0.7,-0.1,-0.8,0.1
125,Chris Duarte,SF,25,IND,24,419,6.2,.458,.536,.211,1.3,11.4,6.4,9.5,0.3,1.3,9.0,19.9,,-0.5,0.2,-0.3,-0.035,,-3.9,-2.3,-6.2,-0.4
126,David Duke Jr.,SG,23,BRK,14,126,4.4,.451,.140,.186,5.7,7.7,6.8,13.0,1.9,0.7,21.8,21.1,,-0.3,0.1,-0.2,-0.072,,-8.9,-1.3,-10.2,-0.3
127,Kevin Durant,PF,34,BRK,39,1403,26.6,.673,.257,.390,1.2,19.1,10.6,24.9,1.1,3.5,13.7,31.7,,4.4,1.9,6.3,.216,,5.8,1.1,6.9,3.2
128,Jalen Duren,C,19,DET,39,951,15.7,.636,.005,.371,15.0,23.9,19.3,5.8,1.1,2.6,16.4,12.5,,1.6,0.7,2.2,.114,,-0.7,-0.8,-1.5,0.1
129,Tari Eason,PF,21,HOU,44,822,15.7,.525,.286,.195,11.4,19.2,15.3,7.3,2.9,2.9,10.9,18.9,,0.6,0.9,1.5,.087,,-0.9,0.3,-0.7,0.3
130,Anthony Edwards,SG,21,MIN,45,1631,17.3,.565,.381,.287,1.8,16.2,9.2,18.8,2.2,1.3,13.0,28.6,,0.6,1.9,2.5,.073,,0.8,-0.2,0.5,1.0
131,Kessler Edwards,SF,22,BRK,13,74,3.7,.328,.500,.091,9.8,11.7,10.8,3.4,2.0,1.2,14.9,16.2,,-0.2,0.1,-0.1,-0.078,,-5.9,-2.7,-8.6,-0.1
132,Keon Ellis,SG,23,SAC,5,11,9.3,.750,1.000,.000,0.0,20.5,10.4,11.2,0.0,0.0,0.0,7.7,,0.0,0.0,0.0,.141,,-2.3,1.1,-1.2,0.0
133,Joel Embiid,C,28,PHI,33,1150,30.9,.644,.152,.565,5.9,26.8,16.4,23.6,1.5,4.4,12.4,38.0,,3.9,2.0,5.9,.246,,6.3,2.2,8.5,3.0
134,Drew Eubanks,C,25,POR,42,762,15.8,.750,.030,.402,9.4,17.8,13.6,7.6,1.3,5.2,18.0,10.8,,1.5,1.0,2.5,.159,,-0.6,1.7,1.1,0.6
135,Bruno Fernando,C,24,HOU,22,246,15.7,.582,.018,.518,13.6,20.5,17.0,12.4,1.0,6.4,13.8,13.4,,0.4,0.2,0.6,.127,,-2.3,1.2,-1.1,0.1
136,Dorian Finney-Smith,PF,29,DAL,31,981,8.8,.535,.724,.108,5.2,9.8,7.5,5.2,1.5,1.6,10.7,12.6,,0.2,0.7,0.9,.045,,-1.5,-0.3,-1.8,0.1
137,Malachi Flynn,PG,24,TOR,32,472,9.2,.499,.552,.103,2.2,10.4,6.0,14.7,1.2,0.6,8.5,17.0,,0.1,0.3,0.4,.041,,-2.5,-1.3,-3.8,-0.2
138,Simone Fontecchio,SF,27,UTA,23,203,8.0,.517,.720,.187,5.4,8.1,6.8,5.4,0.7,2.0,12.9,19.2,,-0.1,0.1,0.0,.002,,-2.4,-2.5,-4.9,-0.2
139,Bryn Forbes,SG,29,MIN,22,235,5.5,.458,.527,.176,2.0,4.2,3.1,7.6,1.4,0.4,10.1,16.1,,-0.2,0.1,-0.1,-0.019,,-5.4,-1.4,-6.8,-0.3
140,Trent Forrest,PG,24,ATL,15,211,8.9,.486,.043,.065,2.5,10.8,6.6,16.8,1.4,0.8,12.9,10.9,,0.0,0.2,0.2,.052,,-3.9,1.0,-2.9,0.0
Rk,Player,Pos,Age,Tm,G,MP,PER,TS%,3PAr,FTr,ORB%,DRB%,TRB%,AST%,STL%,BLK%,TOV%,USG%,,OWS,DWS,WS,WS/48,,OBPM,DBPM,BPM,VORP
141,Michael Foster Jr.,PF,20,PHI,1,1,0.0,,,,0.0,0.0,0.0,0.0,0.0,0.0,,0.0,,0.0,0.0,0.0,.015,,-7.4,-2.0,-9.4,0.0
142,Evan Fournier,SG,30,NYK,19,349,7.7,.483,.650,.154,0.6,11.4,5.9,11.1,1.7,0.8,11.5,18.0,,-0.2,0.4,0.2,.029,,-3.7,0.3,-3.4,-0.1
143,De'Aaron Fox,PG,25,SAC,39,1291,20.4,.595,.279,.314,1.5,13.4,7.5,28.7,1.2,0.9,11.6,29.1,,2.6,1.0,3.6,.133,,2.7,-1.0,1.7,1.2
144,Markelle Fultz,PG,24,ORL,23,640,16.3,.542,.131,.203,5.0,11.7,8.4,31.3,3.0,1.1,17.8,21.2,,0.3,0.7,1.1,.079,,-0.9,0.8,0.0,0.3
145,Wenyen Gabriel,PF,25,LAL,35,554,16.5,.676,.153,.307,11.7,16.0,13.9,4.5,1.2,3.6,12.8,14.9,,1.1,0.6,1.8,.154,,-1.3,0.0,-1.3,0.1
146,Daniel Gafford,C,24,WAS,43,727,21.0,.743,.000,.514,13.0,18.6,15.9,5.7,0.9,5.6,14.0,15.8,,2.1,0.9,3.0,.200,,0.7,0.4,1.1,0.6
147,Darius Garland,PG,23,CLE,36,1292,18.3,.575,.365,.301,1.5,7.7,4.6,34.6,1.6,0.4,14.4,27.1,,2.1,1.6,3.7,.138,,2.9,-0.8,2.1,1.3
148,Usman Garuba,PF,20,HOU,42,597,13.9,.578,.218,.337,13.8,22.4,18.0,9.7,2.3,3.6,21.1,10.2,,0.6,0.7,1.2,.100,,-1.6,1.1,-0.5,0.2
149,Luka Garza,C,24,MIN,13,94,23.0,.627,.267,.467,14.7,15.0,14.9,10.1,1.0,1.0,8.4,26.9,,0.3,0.1,0.4,.200,,1.8,-2.0,-0.2,0.0
150,Rudy Gay,PF,36,UTA,32,479,7.4,.436,.507,.140,4.6,17.5,11.1,6.6,1.5,2.1,11.2,15.7,,-0.5,0.4,0.0,-0.001,,-4.5,-0.1,-4.5,-0.3
151,Paul George,SF,32,LAC,31,1046,19.6,.587,.442,.280,2.1,17.5,9.9,25.9,2.2,1.1,15.0,30.2,,0.9,1.5,2.5,.113,,2.5,0.8,3.3,1.4
152,Taj Gibson,C,37,WAS,26,254,12.7,.606,.203,.391,7.2,13.1,10.2,8.8,2.1,2.3,14.8,16.2,,0.2,0.3,0.5,.104,,-3.6,1.1,-2.5,0.0
153,Josh Giddey,SG,20,OKC,39,1211,16.2,.536,.223,.114,6.5,21.1,13.7,27.6,1.0,1.4,16.7,24.1,,0.4,1.4,1.8,.070,,0.9,-0.5,0.4,0.7
154,Shai Gilgeous-Alexander,PG,24,OKC,40,1426,26.7,.621,.139,.516,2.3,12.4,7.3,25.6,2.2,2.8,11.2,32.5,,4.6,1.8,6.4,.215,,5.5,1.4,6.9,3.2
155,Anthony Gill,PF,30,WAS,34,332,11.4,.648,.246,.319,6.2,9.0,7.7,6.1,0.7,1.3,6.0,11.0,,0.6,0.2,0.8,.122,,-2.1,-0.5,-2.5,0.0
156,Rudy Gobert,C,30,MIN,39,1189,19.1,.697,.010,.611,12.5,29.2,21.1,3.7,1.3,3.8,15.5,15.8,,2.6,1.8,4.4,.177,,0.2,0.2,0.4,0.7
157,Jordan Goodwin,PG,24,WAS,35,664,15.0,.550,.320,.193,5.8,14.4,10.2,19.7,2.6,2.4,13.7,16.2,,0.6,0.9,1.5,.111,,-0.4,2.0,1.5,0.6
158,Aaron Gordon,PF,27,DEN,39,1166,20.8,.649,.233,.450,9.7,16.7,13.2,12.4,1.4,2.4,11.2,20.9,,3.0,1.2,4.2,.174,,3.0,-0.4,2.6,1.3
159,Eric Gordon,SG,34,HOU,38,1128,10.7,.565,.537,.277,1.0,6.2,3.6,12.9,0.8,1.1,12.4,17.2,,0.8,0.1,0.9,.037,,-1.0,-1.9,-2.9,-0.3
160,Devonte' Graham,PG,27,NOP,44,664,11.4,.520,.805,.268,2.0,9.1,5.6,19.0,1.5,1.3,9.4,14.9,,0.7,0.7,1.4,.100,,-0.6,0.3,-0.2,0.3
Rk,Player,Pos,Age,Tm,G,MP,PER,TS%,3PAr,FTr,ORB%,DRB%,TRB%,AST%,STL%,BLK%,TOV%,USG%,,OWS,DWS,WS,WS/48,,OBPM,DBPM,BPM,VORP
161,Jerami Grant,PF,28,POR,42,1498,17.9,.621,.392,.367,3.4,10.4,6.9,11.1,1.2,1.9,9.5,23.4,,3.1,1.2,4.3,.137,,2.4,-0.7,1.8,1.4
162,A.J. Green,SG,23,MIL,22,210,14.2,.656,.835,.051,2.0,10.2,6.2,7.8,1.2,0.0,5.8,17.2,,0.4,0.2,0.6,.148,,0.9,-0.3,0.6,0.1
163,Draymond Green,PF,32,GSW,40,1256,11.9,.578,.312,.235,2.9,21.2,12.1,27.4,1.3,2.3,26.6,12.4,,1.0,1.5,2.5,.096,,-1.8,2.3,0.5,0.8
164,Jalen Green,SG,20,HOU,43,1486,13.5,.528,.423,.333,1.9,11.8,6.8,16.9,1.1,0.6,12.4,27.9,,0.2,0.4,0.6,.019,,-0.3,-2.5,-2.8,-0.3
165,JaMychal Green,PF,32,GSW,28,417,12.1,.590,.392,.240,10.6,18.7,14.7,6.9,1.5,2.1,18.8,17.1,,0.1,0.5,0.6,.072,,-3.4,-0.4,-3.9,-0.2
166,Javonte Green,SG,29,CHI,28,449,15.5,.667,.327,.413,6.3,14.2,10.3,6.9,2.4,4.2,14.0,13.9,,0.7,0.6,1.3,.139,,-0.3,2.3,2.0,0.5
167,Jeff Green,PF,36,DEN,24,464,11.3,.591,.233,.395,5.4,11.2,8.4,7.6,0.9,1.4,13.2,16.3,,0.4,0.3,0.7,.073,,-2.3,-0.9,-3.2,-0.1
168,Josh Green,SG,22,DAL,25,507,13.3,.717,.524,.437,5.1,8.2,6.6,8.4,2.3,0.2,12.8,12.6,,1.1,0.4,1.5,.141,,-1.0,0.9,-0.1,0.2
169,AJ Griffin,SF,19,ATL,40,830,13.6,.587,.515,.048,2.8,8.6,5.7,6.9,1.9,0.6,7.9,18.7,,0.7,0.8,1.4,.082,,0.0,0.1,0.1,0.5
170,Blake Griffin,C,33,BOS,17,244,12.9,.593,.424,.356,6.9,21.0,14.0,10.9,1.0,0.7,8.1,13.2,,0.5,0.3,0.7,.146,,-1.6,0.5,-1.1,0.1
171,Quentin Grimes,SG,22,NYK,34,1004,11.1,.599,.653,.199,3.0,9.7,6.4,9.6,1.3,1.4,11.7,14.1,,1.2,1.0,2.1,.102,,-0.9,0.9,0.0,0.5
172,Rui Hachimura,PF,24,WAS,28,678,14.0,.563,.264,.190,3.2,16.3,9.9,7.7,0.8,1.2,9.9,22.7,,0.1,0.6,0.7,.049,,-0.8,-1.3,-2.1,0.0
173,Tyrese Haliburton,PG,22,IND,40,1336,23.4,.613,.490,.207,2.2,10.7,6.5,47.9,2.5,1.1,13.7,23.9,,4.2,1.2,5.5,.197,,6.7,0.6,7.3,3.1
174,Jordan Hall,SF,21,SAS,9,83,5.7,.438,.536,.321,3.9,12.5,8.0,16.9,0.6,0.0,18.0,19.4,,-0.1,0.0,-0.1,-0.072,,-4.6,-3.0,-7.6,-0.1
175,R.J. Hampton,PG,21,ORL,25,360,12.9,.572,.465,.325,2.8,9.3,6.1,13.7,2.2,1.1,13.9,18.2,,0.2,0.3,0.5,.073,,-1.4,0.1,-1.2,0.1
176,Tim Hardaway Jr.,SG,30,DAL,42,1238,11.7,.539,.657,.190,0.9,11.9,6.4,7.9,1.4,0.4,6.7,21.5,,0.1,0.9,1.0,.037,,-0.8,-1.6,-2.4,-0.1
177,James Harden,PG,33,PHI,29,1072,22.6,.610,.488,.429,1.9,18.1,10.0,45.9,1.7,1.5,16.4,25.6,,3.1,1.5,4.6,.204,,5.0,0.6,5.6,2.1
178,Jaden Hardy,SG,20,DAL,18,200,11.9,.523,.414,.293,0.6,12.4,6.5,10.0,1.0,0.9,8.2,27.7,,-0.1,0.1,0.0,.007,,-4.0,-2.8,-6.9,-0.2
179,Ron Harper Jr.,SF,22,TOR,2,8,22.6,.750,.750,.000,0.0,15.3,7.1,0.0,0.0,0.0,0.0,21.3,,0.0,0.0,0.0,.187,,12.5,-0.8,11.7,0.0
180,Montrezl Harrell,C,29,PHI,40,499,17.4,.625,.013,.497,10.8,14.7,12.8,7.9,1.3,4.0,13.1,19.1,,0.9,0.7,1.6,.152,,-1.3,0.0,-1.2,0.1
Rk,Player,Pos,Age,Tm,G,MP,PER,TS%,3PAr,FTr,ORB%,DRB%,TRB%,AST%,STL%,BLK%,TOV%,USG%,,OWS,DWS,WS,WS/48,,OBPM,DBPM,BPM,VORP
181,Gary Harris,SG,28,ORL,16,375,10.1,.591,.514,.181,2.7,8.4,5.6,8.0,1.6,0.8,11.7,14.8,,0.3,0.3,0.5,.067,,-2.5,-0.7,-3.1,-0.1
182,Joe Harris,SG,31,BRK,36,880,9.0,.562,.676,.085,2.1,10.6,6.5,7.7,1.3,1.0,8.2,14.2,,0.4,0.8,1.2,.066,,-2.4,-0.3,-2.6,-0.1
183,Kevon Harris,SG,25,ORL,26,328,9.1,.552,.368,.355,7.6,10.2,8.9,5.0,1.8,0.9,15.4,13.7,,0.1,0.3,0.4,.054,,-3.3,-0.3,-3.6,-0.1
184,Tobias Harris,PF,30,PHI,40,1363,16.2,.596,.390,.141,3.6,17.7,10.7,12.1,1.6,1.6,8.6,19.6,,1.8,1.8,3.6,.127,,1.0,0.2,1.2,1.1
185,Josh Hart,SF,27,POR,42,1436,12.8,.585,.288,.324,6.6,21.1,14.0,16.4,1.6,0.5,17.2,12.5,,1.8,1.6,3.3,.112,,-0.9,1.1,0.2,0.8
186,Isaiah Hartenstein,C,24,NYK,45,838,14.0,.540,.170,.211,15.3,19.9,17.6,5.2,1.5,3.7,14.2,12.5,,1.0,1.3,2.2,.128,,-1.8,0.3,-1.5,0.1
187,Udonis Haslem,C,42,MIA,5,36,-3.3,.138,.100,.200,9.2,10.0,9.6,0.0,1.4,2.8,0.0,13.3,,-0.1,0.0,-0.1,-0.127,,-12.4,-4.1,-16.5,-0.1
188,Sam Hauser,PF,25,BOS,45,656,11.6,.610,.845,.065,3.4,14.4,9.0,6.4,0.9,1.0,6.8,14.6,,0.8,0.7,1.4,.103,,0.1,-0.4,-0.3,0.3
189,Jaxson Hayes,C,22,NOP,24,324,11.9,.570,.222,.531,6.6,17.3,11.9,7.8,1.0,2.9,13.1,15.0,,0.3,0.4,0.7,.098,,-2.6,0.6,-2.0,0.0
190,Killian Hayes,PG,21,DET,44,1172,11.4,.475,.356,.095,1.6,10.5,5.9,32.0,2.3,1.2,15.4,19.7,,-0.3,0.6,0.3,.012,,-2.2,-0.5,-2.7,-0.2
191,Gordon Hayward,SF,32,CHO,21,686,11.1,.510,.316,.253,2.7,13.1,7.7,17.0,1.2,0.5,13.5,19.8,,-0.2,0.3,0.2,.011,,-2.1,-1.0,-3.1,-0.2
192,Juancho Hernangómez,PF,27,TOR,32,520,8.8,.541,.554,.139,4.6,19.1,11.3,4.9,1.3,1.1,10.8,9.8,,0.2,0.4,0.7,.060,,-2.7,-0.1,-2.8,-0.1
193,Willy Hernangómez,C,28,NOP,21,248,21.1,.605,.065,.634,18.5,25.8,22.2,10.6,1.2,2.7,16.2,24.1,,0.5,0.4,0.9,.175,,0.2,-0.6,-0.4,0.1
194,Tyler Herro,SG,23,MIA,33,1164,16.8,.578,.506,.177,1.4,18.7,9.7,20.9,1.3,1.0,12.2,25.7,,0.9,1.4,2.4,.098,,2.3,-0.1,2.1,1.2
195,Buddy Hield,SF,30,IND,45,1441,15.1,.604,.642,.102,2.7,14.0,8.4,12.7,1.4,0.9,10.7,21.7,,1.4,1.1,2.5,.083,,2.5,-0.8,1.7,1.4
196,Haywood Highsmith,SF,26,MIA,32,634,8.0,.484,.503,.109,6.3,16.9,11.4,5.3,2.1,1.6,15.8,12.7,,-0.4,0.9,0.5,.037,,-4.1,1.0,-3.1,-0.2
197,George Hill,PG,36,MIL,33,649,10.0,.573,.550,.341,2.0,8.5,5.3,17.8,1.3,0.4,15.4,11.4,,0.7,0.6,1.3,.097,,-2.9,0.9,-2.0,0.0
198,Malcolm Hill,SF,27,CHI,3,1,12.2,,,,0.0,100.0,56.5,0.0,0.0,0.0,,0.0,,0.0,0.0,0.0,.144,,-4.7,5.1,0.4,0.0
199,Aaron Holiday,PG,26,ATL,40,634,9.0,.522,.373,.161,3.0,6.7,4.8,11.8,1.9,1.2,12.2,13.1,,0.2,0.6,0.7,.055,,-3.4,1.0,-2.3,-0.1
200,Jrue Holiday,PG,32,MIL,34,1107,19.7,.580,.408,.189,4.0,11.7,7.9,36.4,2.1,1.1,15.8,25.7,,1.9,1.5,3.4,.145,,3.0,0.3,3.3,1.5
Rk,Player,Pos,Age,Tm,G,MP,PER,TS%,3PAr,FTr,ORB%,DRB%,TRB%,AST%,STL%,BLK%,TOV%,USG%,,OWS,DWS,WS,WS/48,,OBPM,DBPM,BPM,VORP
201,Justin Holiday,SG,33,ATL,27,405,5.9,.496,.697,.000,0.5,5.6,3.0,7.6,0.6,2.1,9.0,14.0,,-0.2,0.2,0.1,.006,,-3.4,-0.6,-4.0,-0.2
202,Richaun Holmes,C,29,SAC,27,237,11.4,.691,.078,.176,8.8,16.7,12.8,2.2,0.6,2.5,14.1,11.5,,0.3,0.2,0.5,.110,,-2.7,-0.6,-3.3,-0.1
203,Al Horford,C,36,BOS,35,1067,13.6,.631,.640,.039,4.0,18.3,11.2,11.8,0.8,2.6,7.1,11.5,,1.9,1.3,3.2,.142,,1.5,1.3,2.8,1.3
204,Talen Horton-Tucker,SG,22,UTA,37,586,11.8,.486,.412,.229,3.0,13.9,8.5,20.7,2.1,1.8,14.6,22.6,,-0.3,0.6,0.3,.022,,-2.4,0.2,-2.2,0.0
205,Danuel House Jr.,SF,29,PHI,33,526,8.5,.602,.593,.319,1.6,12.4,7.0,6.5,0.6,1.2,11.0,12.2,,0.3,0.5,0.8,.074,,-2.7,-0.6,-3.3,-0.2
206,Caleb Houstan,SF,20,ORL,30,496,6.8,.537,.733,.124,4.8,10.8,7.9,4.8,0.5,0.6,8.3,10.5,,0.3,0.2,0.5,.048,,-2.5,-1.1,-3.7,-0.2
207,Trevor Hudgins,PG,23,HOU,1,4,30.2,1.500,1.000,.000,0.0,0.0,0.0,0.0,0.0,0.0,0.0,10.4,,0.0,0.0,0.0,.214,,15.0,1.3,16.3,0.0
208,Kevin Huerter,SG,24,SAC,39,1213,14.3,.620,.597,.179,2.0,9.9,6.0,13.1,1.7,0.7,10.8,19.4,,1.6,1.0,2.5,.100,,0.8,-0.3,0.5,0.8
209,De'Andre Hunter,SF,25,ATL,36,1147,11.6,.566,.351,.283,2.3,12.6,7.4,5.6,0.7,0.6,8.5,20.0,,0.7,0.8,1.5,.063,,-2.0,-1.3,-3.2,-0.4
210,Bones Hyland,PG,22,DEN,36,731,15.5,.548,.558,.178,1.6,11.1,6.5,22.5,1.6,1.4,12.4,28.8,,0.3,0.6,1.0,.065,,1.4,-1.6,-0.3,0.3
211,Serge Ibaka,C,33,MIL,16,185,10.1,.553,.333,.241,8.7,16.0,12.4,3.1,0.5,3.1,15.6,16.1,,0.0,0.2,0.2,.059,,-4.5,-0.2,-4.7,-0.1
212,Andre Iguodala,SF,39,GSW,3,42,5.7,.875,.500,.000,2.6,15.5,9.1,14.7,1.1,2.1,55.6,9.0,,0.0,0.0,0.0,.011,,-6.0,0.6,-5.4,0.0
213,Joe Ingles,SF,35,MIL,13,274,9.7,.530,.788,.113,2.3,8.9,5.7,25.9,1.1,0.6,20.8,16.3,,0.1,0.3,0.3,.059,,-1.5,-0.9,-2.4,0.0
214,Brandon Ingram,SF,25,NOP,15,481,18.2,.590,.260,.329,1.6,16.1,8.9,22.4,1.3,2.0,13.7,26.9,,0.6,0.6,1.2,.119,,1.7,0.2,1.9,0.5
215,Kyrie Irving,PG,30,BRK,32,1173,20.1,.593,.431,.191,3.1,11.5,7.5,21.0,1.0,2.0,9.4,29.0,,2.0,1.2,3.1,.129,,3.5,-1.2,2.4,1.3
216,Jaden Ivey,SG,20,DET,43,1298,11.8,.514,.329,.371,3.6,11.8,7.6,21.8,1.5,0.7,15.9,24.6,,-0.6,0.4,-0.2,-0.006,,-1.9,-1.6,-3.5,-0.5
217,Isaiah Jackson,C,21,IND,34,542,16.7,.596,.048,.491,10.2,17.8,14.0,8.6,1.3,7.9,14.5,18.1,,0.6,0.7,1.3,.118,,-2.2,1.7,-0.6,0.2
218,Jaren Jackson Jr.,C,23,MEM,27,704,23.8,.627,.354,.390,7.7,19.2,13.6,5.4,1.9,11.2,10.3,23.1,,1.5,1.7,3.2,.218,,2.0,3.2,5.2,1.3
219,Justin Jackson,SF,27,BOS,19,83,5.9,.328,.727,.091,2.7,9.2,6.0,11.9,2.3,4.1,8.0,13.0,,-0.1,0.1,0.0,.000,,-4.5,1.4,-3.1,0.0
220,Reggie Jackson,PG,32,LAC,41,1106,10.0,.518,.415,.144,1.9,7.8,4.9,20.6,1.2,0.3,15.8,20.4,,-0.4,1.0,0.6,.026,,-2.9,-0.8,-3.7,-0.5
Rk,Player,Pos,Age,Tm,G,MP,PER,TS%,3PAr,FTr,ORB%,DRB%,TRB%,AST%,STL%,BLK%,TOV%,USG%,,OWS,DWS,WS,WS/48,,OBPM,DBPM,BPM,VORP
221,LeBron James,PF,38,LAL,34,1232,25.0,.587,.298,.269,3.9,20.6,12.5,33.5,1.3,1.2,11.2,33.2,,2.4,1.3,3.8,.146,,5.6,0.4,6.0,2.5
222,Ty Jerome,SG,25,GSW,27,461,12.1,.602,.399,.188,0.7,9.2,5.0,19.2,1.0,0.4,10.2,15.1,,0.8,0.3,1.0,.109,,-1.4,-0.3,-1.7,0.0
223,Isaiah Joe,SG,23,OKC,36,495,16.8,.653,.781,.219,2.5,13.5,7.9,10.9,2.1,0.7,7.1,17.7,,1.2,0.6,1.8,.170,,2.5,0.6,3.2,0.6
224,Alize Johnson,PF,26,SAS,4,30,4.4,.509,.333,.333,7.1,30.7,18.5,4.2,1.6,0.0,36.8,15.0,,-0.1,0.0,-0.1,-0.096,,-7.3,-1.9,-9.3,-0.1
225,Cameron Johnson,PF,26,PHO,8,202,16.8,.592,.614,.133,2.7,12.6,7.5,10.2,2.2,1.3,2.2,19.0,,0.4,0.2,0.6,.151,,3.0,0.9,3.9,0.3
226,Jalen Johnson,SF,21,ATL,41,622,13.4,.558,.367,.272,4.6,21.1,12.7,8.9,1.6,2.7,9.4,15.2,,0.5,0.9,1.4,.105,,-1.7,1.6,-0.1,0.3
227,James Johnson,PF,35,IND,11,92,3.0,.400,.360,.000,1.2,14.1,7.7,10.0,1.5,4.8,16.7,13.6,,-0.2,0.1,-0.1,-0.040,,-8.2,1.4,-6.8,-0.1
228,Keldon Johnson,SF,23,SAS,39,1258,14.6,.536,.405,.302,2.7,14.7,8.5,12.3,1.1,0.5,9.8,28.6,,0.2,0.3,0.5,.021,,0.3,-2.8,-2.5,-0.1
229,Keon Johnson,SG,20,POR,23,256,5.7,.446,.477,.156,3.2,11.9,7.6,13.1,2.1,1.4,18.8,24.3,,-0.7,0.3,-0.5,-0.087,,-6.0,-1.1,-7.1,-0.3
230,Stanley Johnson,SF,26,SAS,18,236,17.4,.666,.391,.348,4.1,18.6,11.0,25.1,1.6,1.4,15.9,16.6,,0.5,0.1,0.7,.138,,1.7,0.6,2.3,0.3
231,Nikola Jokić,C,27,DEN,40,1336,32.2,.698,.156,.423,7.2,30.3,19.0,46.8,2.1,1.6,16.2,27.7,,6.9,2.0,8.9,.321,,8.6,4.2,12.9,5.0
232,Damian Jones,C,27,LAL,19,169,14.9,.614,.083,.556,11.9,22.2,17.2,3.1,0.8,5.5,15.2,13.2,,0.2,0.2,0.4,.127,,-2.0,0.4,-1.6,0.0
233,Derrick Jones Jr.,SF,25,CHI,33,498,14.5,.624,.310,.395,6.4,12.2,9.3,5.9,1.5,4.4,9.6,14.7,,0.8,0.5,1.3,.130,,-0.8,0.5,-0.3,0.2
234,Herbert Jones,SF,24,NOP,29,813,11.7,.537,.352,.387,5.0,9.9,7.4,9.8,2.6,2.2,11.2,15.7,,0.5,1.1,1.7,.098,,-2.3,1.7,-0.6,0.3
235,Kai Jones,C,22,CHO,25,227,10.6,.551,.196,.196,8.5,15.2,11.7,3.0,1.1,4.4,12.9,12.8,,0.1,0.2,0.3,.056,,-4.3,-0.6,-4.9,-0.2
236,Tre Jones,PG,23,SAS,44,1325,15.6,.529,.231,.229,3.0,11.1,6.9,29.5,2.0,0.4,12.7,20.5,,1.5,0.5,2.0,.072,,-0.2,-1.0,-1.2,0.3
237,Tyus Jones,PG,26,MEM,43,1018,16.7,.556,.450,.153,1.6,8.3,5.0,27.6,1.9,0.2,8.7,18.4,,2.1,1.2,3.3,.157,,1.8,0.4,2.2,1.1
238,DeAndre Jordan,C,34,DEN,30,432,14.4,.731,.013,.481,10.1,30.1,20.4,7.5,0.6,4.0,26.2,13.0,,0.4,0.6,1.0,.109,,-2.3,0.4,-1.9,0.0
239,Cory Joseph,PG,31,DET,35,545,10.5,.497,.432,.230,1.8,7.5,4.6,28.2,1.3,0.3,12.4,14.4,,0.5,0.1,0.5,.048,,-2.2,-1.2,-3.4,-0.2
240,Nikola Jović,PF,19,MIA,15,204,10.8,.530,.507,.275,4.9,13.0,8.8,7.3,1.7,1.0,11.4,18.8,,0.0,0.2,0.3,.061,,-3.3,-0.1,-3.4,-0.1
Rk,Player,Pos,Age,Tm,G,MP,PER,TS%,3PAr,FTr,ORB%,DRB%,TRB%,AST%,STL%,BLK%,TOV%,USG%,,OWS,DWS,WS,WS/48,,OBPM,DBPM,BPM,VORP
241,Mfiondu Kabengele,PF,25,BOS,1,8,18.5,.500,.500,.000,41.8,13.6,27.5,0.0,0.0,0.0,0.0,10.9,,0.0,0.0,0.0,.239,,-0.3,-7.1,-7.4,0.0
242,Frank Kaminsky,C,29,ATL,22,162,15.5,.740,.550,.300,2.0,21.4,11.6,15.6,0.9,0.0,13.4,13.7,,0.4,0.2,0.6,.173,,1.3,1.4,2.6,0.2
243,Trevor Keels,SG,19,NYK,1,1,-26.6,.000,1.000,.000,0.0,100.0,53.1,0.0,0.0,0.0,0.0,42.3,,0.0,0.0,0.0,-0.792,,-36.4,-8.3,-44.6,0.0
244,Luke Kennard,SG,26,LAC,29,640,11.8,.656,.636,.109,1.0,11.5,6.3,8.1,1.2,0.6,12.3,14.9,,0.7,0.6,1.3,.100,,-0.7,0.4,-0.3,0.3
245,Walker Kessler,C,21,UTA,44,869,20.9,.704,.000,.409,15.4,24.6,20.0,5.0,0.8,8.3,12.0,12.8,,2.3,1.3,3.6,.198,,1.0,1.4,2.5,1.0
246,Braxton Key,SF,25,DET,3,9,18.8,1.064,.000,2.000,0.0,12.7,6.2,0.0,0.0,0.0,0.0,8.8,,0.0,0.0,0.0,.239,,2.4,0.5,2.9,0.0
247,Corey Kispert,SF,23,WAS,36,1016,10.4,.633,.629,.187,1.9,9.1,5.6,6.6,1.0,0.4,9.6,12.9,,1.1,0.6,1.7,.081,,-1.2,-0.7,-1.9,0.0
248,Maxi Kleber,C,31,DAL,22,564,9.5,.622,.625,.135,3.9,12.4,8.1,5.2,0.6,3.5,10.6,9.9,,0.5,0.4,1.0,.081,,-1.6,0.1,-1.4,0.1
249,Nathan Knight,PF,25,MIN,21,125,16.9,.714,.219,.813,9.2,14.8,12.1,7.8,1.9,1.5,20.2,18.6,,0.2,0.1,0.4,.136,,-1.1,-0.8,-1.9,0.0
250,Kevin Knox,PF,23,DET,37,541,10.8,.612,.647,.198,3.0,15.8,9.2,4.1,1.1,1.6,12.1,16.2,,0.3,0.2,0.6,.050,,-1.6,-0.8,-2.4,-0.1
251,Christian Koloko,C,22,TOR,40,624,11.3,.538,.076,.449,11.2,13.3,12.2,4.3,0.8,7.1,11.3,10.9,,0.6,0.6,1.3,.096,,-4.4,0.0,-4.4,-0.4
252,John Konchar,SG,26,MEM,39,959,11.7,.574,.563,.103,4.1,17.5,11.0,7.8,2.1,1.0,9.3,11.0,,1.0,1.6,2.6,.129,,-1.0,2.2,1.2,0.8
253,Furkan Korkmaz,SG,25,PHI,24,253,9.2,.523,.449,.372,2.8,10.6,6.7,10.0,1.2,1.1,14.2,18.6,,-0.1,0.2,0.1,.023,,-3.2,-1.2,-4.3,-0.1
254,Luke Kornet,C,27,BOS,38,449,17.6,.731,.077,.220,12.7,17.0,14.8,7.9,0.6,5.6,13.1,11.1,,1.3,0.6,1.9,.203,,0.0,1.2,1.2,0.4
255,Vit Krejci,PG,22,ATL,17,107,6.6,.484,.654,.077,2.0,9.1,5.5,11.7,0.9,0.8,10.0,11.8,,0.0,0.1,0.1,.031,,-4.1,0.2,-3.9,-0.1
256,Jonathan Kuminga,PF,20,GSW,33,615,10.3,.545,.312,.337,6.1,12.9,9.5,12.5,1.2,2.2,17.4,18.8,,-0.1,0.6,0.5,.039,,-3.8,-0.2,-4.0,-0.3
257,Kyle Kuzma,PF,27,WAS,43,1517,15.0,.550,.408,.205,3.2,19.7,11.7,17.6,0.7,1.0,13.3,27.9,,-0.3,1.3,1.1,.034,,0.4,-1.4,-1.0,0.4
258,Anthony Lamb,SF,25,GSW,36,718,12.5,.670,.649,.178,4.6,13.9,9.3,11.4,1.4,1.2,15.2,14.1,,1.0,0.7,1.7,.113,,-0.5,0.5,0.0,0.4
259,Jock Landale,C,27,PHO,38,556,16.5,.607,.303,.365,12.4,18.2,15.2,8.8,0.8,3.4,13.8,18.4,,1.0,0.6,1.6,.135,,-0.7,-0.4,-1.1,0.1
260,Romeo Langford,SG,23,SAS,30,595,10.8,.520,.223,.191,7.7,7.6,7.6,8.2,1.3,1.4,8.9,15.6,,0.3,0.1,0.4,.034,,-2.0,-1.4,-3.4,-0.2
Rk,Player,Pos,Age,Tm,G,MP,PER,TS%,3PAr,FTr,ORB%,DRB%,TRB%,AST%,STL%,BLK%,TOV%,USG%,,OWS,DWS,WS,WS/48,,OBPM,DBPM,BPM,VORP
261,Jake LaRavia,PF,21,MEM,25,349,7.4,.548,.709,.089,4.9,11.4,8.2,7.3,1.5,1.0,17.2,11.6,,0.1,0.5,0.5,.071,,-3.3,0.9,-2.4,0.0
262,Zach LaVine,SG,27,CHI,40,1427,18.2,.589,.432,.268,2.0,12.4,7.3,18.8,1.4,0.5,10.8,27.9,,1.8,1.1,2.9,.098,,2.4,-1.2,1.2,1.2
263,A.J. Lawson,SG,22,TOT,8,22,11.6,.527,.600,.100,0.0,21.1,10.6,7.0,0.0,0.0,0.0,21.4,,0.0,0.0,0.0,.042,,-3.3,-3.4,-6.7,0.0
263,A.J. Lawson,SG,22,MIN,1,2,35.1,1.000,.000,.000,0.0,54.3,28.0,0.0,0.0,0.0,0.0,21.3,,0.0,0.0,0.0,.381,,-2.3,7.5,5.2,0.0
263,A.J. Lawson,SG,22,DAL,7,20,9.3,.477,.667,.111,0.0,17.7,8.8,7.7,0.0,0.0,0.0,21.5,,0.0,0.0,0.0,.008,,-3.4,-4.5,-7.9,0.0
264,Damion Lee,SG,30,PHO,45,1008,12.1,.645,.585,.225,2.6,15.3,8.8,9.3,0.8,0.4,13.1,15.5,,1.4,0.8,2.1,.101,,0.1,-0.7,-0.6,0.3
265,Saben Lee,PG,23,TOT,5,67,17.1,.666,.200,.800,1.6,10.4,5.9,24.2,1.5,0.0,18.2,21.3,,0.2,0.1,0.2,.147,,-0.9,-1.0,-1.8,0.0
265,Saben Lee,PG,23,PHI,2,10,13.0,.750,.250,.000,0.0,0.0,0.0,37.3,4.9,0.0,42.9,31.1,,0.0,0.0,0.0,-0.086,,-3.8,-0.7,-4.4,0.0
265,Saben Lee,PG,23,PHO,3,57,17.8,.651,.188,1.000,1.9,12.2,6.9,21.9,0.9,0.0,11.5,19.5,,0.2,0.0,0.2,.188,,-0.3,-1.0,-1.4,0.0
266,Alex Len,C,29,SAC,10,40,8.5,.553,.100,.400,8.7,28.2,18.6,9.7,0.0,0.0,20.3,15.7,,0.0,0.0,0.0,.043,,-5.6,-1.0,-6.6,0.0
267,Kawhi Leonard,SF,31,LAC,22,662,21.0,.574,.267,.313,4.2,18.0,11.2,21.3,1.9,1.1,9.3,26.9,,1.2,0.9,2.1,.149,,2.8,1.2,4.0,1.0
268,Caris LeVert,SG,28,CLE,41,1264,11.2,.518,.388,.251,2.8,12.6,7.8,17.0,1.3,0.5,11.9,19.5,,0.3,1.6,1.9,.073,,-2.2,0.4,-1.7,0.1
269,Kira Lewis Jr.,PG,21,NOP,5,41,13.9,.609,.235,.471,2.7,13.7,8.2,3.6,1.2,0.0,12.8,24.2,,0.0,0.0,0.1,.098,,-3.5,-0.7,-4.1,0.0
270,Damian Lillard,PG,32,POR,32,1139,24.7,.628,.550,.418,1.8,10.5,6.3,34.1,1.2,0.8,11.9,32.3,,4.1,0.8,4.9,.205,,7.3,-1.1,6.2,2.4
271,Nassir Little,SF,22,POR,23,350,11.0,.576,.485,.228,2.7,13.9,8.4,7.7,1.3,1.3,11.2,15.5,,0.2,0.3,0.5,.067,,-1.1,-0.1,-1.2,0.1
272,Isaiah Livers,PF,24,DET,25,509,8.2,.563,.790,.168,3.2,10.8,6.9,4.3,0.9,2.4,9.9,11.8,,0.2,0.1,0.4,.035,,-1.6,-0.5,-2.1,0.0
273,Kenneth Lofton Jr.,PF,20,MEM,6,24,13.0,.460,.133,.200,4.4,12.7,8.7,26.9,0.0,0.0,5.8,29.4,,0.0,0.0,0.0,.030,,-1.8,-1.4,-3.2,0.0
274,Kevon Looney,C,26,GSW,44,1028,17.0,.648,.000,.411,14.0,25.4,19.8,15.6,0.9,2.0,8.8,10.1,,3.2,1.2,4.4,.206,,0.6,1.2,1.8,1.0
275,Brook Lopez,C,34,MIL,44,1343,17.4,.619,.459,.171,7.2,14.4,10.9,6.0,0.8,6.7,10.5,18.3,,2.0,2.1,4.1,.147,,0.8,1.3,2.1,1.4
276,Robin Lopez,C,34,CLE,25,215,10.7,.668,.020,.280,10.6,9.8,10.2,6.8,0.2,1.3,23.2,15.2,,0.2,0.2,0.4,.088,,-3.5,-0.3,-3.8,-0.1
277,Kevin Love,PF,34,CLE,37,760,14.0,.549,.680,.219,6.3,35.1,20.9,13.8,0.5,0.9,13.2,20.0,,0.5,1.3,1.8,.115,,0.7,0.7,1.5,0.7
278,Kyle Lowry,PG,36,MIA,36,1259,12.8,.558,.628,.291,2.5,12.6,7.3,23.1,1.6,1.4,15.1,17.4,,1.1,1.5,2.6,.100,,-0.7,0.9,0.2,0.7
279,Trey Lyles,PF,27,SAC,36,552,14.7,.606,.605,.259,7.5,19.4,13.5,7.3,0.9,2.9,12.7,18.2,,0.6,0.6,1.2,.103,,0.2,-0.9,-0.6,0.2
280,Théo Maledon,PG,21,CHO,35,562,12.4,.546,.408,.368,1.6,14.8,7.9,20.5,2.3,1.0,16.5,15.7,,0.3,0.5,0.8,.065,,-2.3,0.6,-1.6,0.1
Rk,Player,Pos,Age,Tm,G,MP,PER,TS%,3PAr,FTr,ORB%,DRB%,TRB%,AST%,STL%,BLK%,TOV%,USG%,,OWS,DWS,WS,WS/48,,OBPM,DBPM,BPM,VORP
281,Sandro Mamukelashvili,C,23,MIL,19,168,8.3,.428,.556,.267,7.6,19.4,13.7,11.0,0.6,1.5,10.7,14.1,,0.0,0.2,0.2,.048,,-3.7,0.2,-3.5,-0.1
282,Terance Mann,SG,26,LAC,45,1018,14.1,.612,.357,.215,5.4,12.8,9.1,13.1,1.3,1.1,11.7,15.7,,1.5,1.1,2.6,.124,,-0.2,0.8,0.5,0.6
283,Tre Mann,PG,21,OKC,39,767,9.7,.485,.538,.083,2.3,10.7,6.4,12.0,1.7,0.9,10.1,20.5,,-0.5,0.7,0.2,.014,,-3.0,-0.7,-3.7,-0.3
284,Boban Marjanović,C,34,HOU,15,60,27.6,.728,.045,.636,12.6,27.4,20.0,8.8,0.8,1.6,12.4,22.2,,0.2,0.0,0.3,.225,,5.6,-0.8,4.8,0.1
285,Lauri Markkanen,SF,25,UTA,42,1437,22.7,.663,.443,.365,5.9,21.8,13.9,8.6,0.9,1.4,9.2,25.0,,4.5,1.2,5.7,.192,,5.1,-0.9,4.2,2.2
286,Naji Marshall,SF,25,NOP,42,1048,12.7,.557,.403,.322,3.4,13.3,8.3,13.3,1.6,0.9,12.1,18.0,,0.8,1.2,2.0,.092,,-0.8,0.0,-0.8,0.3
287,Caleb Martin,PF,27,MIA,35,1093,11.5,.565,.425,.147,5.4,12.7,8.9,8.5,1.7,1.2,11.2,14.4,,0.7,1.3,2.0,.089,,-1.5,0.4,-1.1,0.3
288,Cody Martin,SF,27,CHO,7,134,8.9,.448,.389,.194,6.1,13.3,9.5,10.9,1.4,0.7,4.9,12.8,,0.0,0.1,0.1,.040,,-3.5,-0.9,-4.5,-0.1
289,Kenyon Martin Jr.,SF,22,HOU,44,1081,14.7,.621,.363,.285,6.0,15.9,10.9,8.5,0.8,1.3,11.3,16.9,,1.6,0.4,2.0,.089,,0.2,-1.3,-1.1,0.2
290,Tyrese Martin,SG,23,ATL,11,42,6.9,.444,.313,.125,5.0,10.3,7.6,0.0,1.1,0.0,5.6,18.0,,0.0,0.0,0.0,-0.019,,-5.1,-2.1,-7.2,-0.1
291,Garrison Mathews,SG,26,HOU,37,472,10.3,.575,.913,.261,1.8,9.3,5.5,5.9,2.2,0.8,7.8,14.7,,0.6,0.2,0.8,.080,,-1.8,0.2,-1.6,0.0
292,Bennedict Mathurin,SF,20,IND,45,1265,13.3,.557,.352,.474,4.2,11.3,7.8,7.6,1.0,0.3,11.0,25.8,,0.5,0.7,1.1,.043,,-1.1,-2.4,-3.5,-0.5
293,Wesley Matthews,SG,36,MIL,27,393,6.3,.485,.803,.132,5.2,6.2,5.7,5.5,1.7,1.3,11.1,9.7,,0.1,0.4,0.5,.060,,-4.0,1.3,-2.7,-0.1
294,Tyrese Maxey,SG,22,PHI,25,852,16.0,.568,.383,.246,1.4,8.9,5.1,18.1,1.3,0.4,8.6,26.2,,0.9,0.8,1.6,.093,,0.6,-1.5,-0.9,0.2
295,Miles McBride,PG,22,NYK,33,443,6.5,.448,.653,.157,1.9,3.9,2.9,10.5,2.2,0.2,9.8,13.7,,-0.2,0.4,0.2,.027,,-4.7,1.4,-3.3,-0.1
296,CJ McCollum,SG,31,NOP,39,1372,16.5,.540,.406,.160,2.6,12.1,7.4,25.5,1.4,1.7,11.6,26.8,,1.0,1.5,2.5,.087,,2.3,-0.6,1.7,1.2
297,T.J. McConnell,PG,30,IND,42,752,15.6,.543,.113,.133,4.0,12.2,8.1,36.7,2.9,0.6,20.1,17.7,,0.7,0.8,1.5,.097,,-0.4,0.8,0.4,0.5
298,Jaden McDaniels,PF,22,MIN,42,1275,12.4,.613,.351,.195,5.1,8.6,6.9,8.8,1.7,3.2,13.9,15.2,,1.1,1.2,2.3,.087,,-1.4,0.6,-0.8,0.4
299,Jalen McDaniels,SF,25,CHO,45,1205,12.7,.575,.408,.232,3.1,16.3,9.4,10.6,1.9,1.9,12.8,17.3,,0.7,1.0,1.7,.069,,-1.8,0.3,-1.5,0.1
300,Doug McDermott,SF,31,SAS,39,800,12.4,.612,.556,.135,1.7,12.0,6.7,10.3,0.4,0.6,9.9,18.9,,0.9,0.0,0.9,.054,,0.2,-2.5,-2.2,0.0
Rk,Player,Pos,Age,Tm,G,MP,PER,TS%,3PAr,FTr,ORB%,DRB%,TRB%,AST%,STL%,BLK%,TOV%,USG%,,OWS,DWS,WS,WS/48,,OBPM,DBPM,BPM,VORP
301,JaVale McGee,C,35,DAL,28,225,16.0,.621,.051,.308,9.3,26.8,18.0,6.0,0.9,6.5,21.3,22.7,,-0.1,0.3,0.3,.057,,-4.2,0.0,-4.2,-0.1
302,Bryce McGowens,SG,20,CHO,18,208,7.8,.508,.327,.286,1.5,10.1,5.6,8.8,0.9,1.8,11.3,12.5,,0.0,0.1,0.1,.019,,-3.4,-1.5,-4.9,-0.2
303,Rodney McGruder,SG,31,DET,19,194,8.9,.537,.731,.212,5.5,9.4,7.4,8.5,1.2,0.0,11.0,13.9,,0.1,0.0,0.1,.034,,-1.2,-1.3,-2.5,0.0
304,Jordan McLaughlin,PG,26,MIN,18,287,13.4,.522,.515,.136,2.8,8.7,5.8,28.7,2.5,0.6,16.7,12.5,,0.3,0.3,0.6,.101,,-0.4,0.7,0.3,0.2
305,De'Anthony Melton,PG,24,PHI,41,1199,13.3,.548,.608,.078,3.9,14.0,9.0,14.2,3.2,1.6,12.5,17.4,,0.4,2.0,2.3,.093,,-0.7,1.9,1.2,0.9
306,Chimezie Metu,C,25,SAC,30,321,16.5,.650,.198,.236,7.6,25.6,16.7,8.9,1.3,1.3,14.0,18.0,,0.5,0.4,0.9,.131,,-0.7,0.0,-0.6,0.1
307,Khris Middleton,SF,31,MIL,7,171,9.5,.457,.532,.247,0.6,10.2,5.5,26.0,1.1,0.5,11.4,23.8,,-0.1,0.2,0.1,.028,,-3.5,-1.0,-4.6,-0.1
308,Patty Mills,PG,34,BRK,27,325,13.5,.619,.690,.133,1.9,7.0,4.6,13.9,1.2,0.3,11.1,18.5,,0.4,0.2,0.7,.098,,1.0,-1.4,-0.4,0.1
309,Shake Milton,SG,26,PHI,40,936,13.4,.595,.291,.217,2.6,12.0,7.4,21.1,0.7,0.8,14.7,19.1,,1.0,0.8,1.9,.096,,-0.8,-0.8,-1.6,0.1
310,Josh Minott,SF,20,MIN,7,16,35.7,.740,.200,.800,14.4,20.4,17.5,17.9,3.0,11.5,0.0,18.0,,0.1,0.0,0.1,.448,,9.0,6.3,15.3,0.1
311,Davion Mitchell,PG,24,SAC,41,782,9.4,.555,.462,.081,1.3,7.5,4.5,15.2,1.4,1.1,14.2,14.5,,0.2,0.5,0.8,.048,,-2.2,-0.2,-2.5,-0.1
312,Donovan Mitchell,SG,26,CLE,40,1445,23.3,.623,.468,.294,3.1,9.6,6.3,23.4,2.0,0.9,11.6,31.8,,3.7,2.0,5.7,.190,,5.8,0.7,6.5,3.1
313,Evan Mobley,PF,21,CLE,43,1458,16.7,.595,.102,.354,8.5,22.0,15.3,11.9,1.1,3.5,14.1,18.6,,1.8,2.5,4.4,.144,,-0.4,1.8,1.4,1.2
314,Isaiah Mobley,PF,23,CLE,8,26,14.9,.563,.250,.000,4.6,45.0,25.0,0.0,1.9,0.0,0.0,13.7,,0.0,0.1,0.1,.154,,-0.3,1.4,1.1,0.0
315,Chima Moneke,SF,27,SAC,2,8,-3.4,.347,.000,1.000,28.9,0.0,14.3,16.1,0.0,0.0,41.0,26.0,,0.0,0.0,0.0,-0.277,,-12.6,-7.9,-20.5,0.0
316,Malik Monk,SG,24,SAC,41,927,15.9,.568,.500,.243,2.4,9.6,6.0,24.9,1.3,0.6,13.6,26.4,,0.9,0.6,1.5,.079,,1.2,-1.6,-0.4,0.4
317,Moses Moody,SG,20,GSW,38,563,9.3,.588,.627,.242,3.1,8.9,6.0,8.0,1.1,0.8,13.3,14.5,,0.3,0.4,0.6,.054,,-2.2,-1.0,-3.3,-0.2
318,Wendell Moore Jr.,SG,21,MIN,17,98,9.2,.513,.414,.172,2.4,12.2,7.4,12.2,2.4,2.8,18.3,16.6,,-0.1,0.1,0.0,.016,,-4.1,1.2,-2.9,0.0
319,Ja Morant,PG,23,MEM,36,1153,24.4,.562,.254,.399,3.8,14.6,9.3,40.6,1.5,0.8,12.5,35.6,,2.6,1.6,4.1,.172,,5.9,0.5,6.4,2.4
320,Marcus Morris,PF,33,LAC,42,1236,12.5,.557,.490,.146,1.9,15.5,8.8,9.0,1.1,1.4,7.6,18.9,,0.8,1.4,2.2,.085,,-0.9,0.3,-0.6,0.4
Rk,Player,Pos,Age,Tm,G,MP,PER,TS%,3PAr,FTr,ORB%,DRB%,TRB%,AST%,STL%,BLK%,TOV%,USG%,,OWS,DWS,WS,WS/48,,OBPM,DBPM,BPM,VORP
321,Markieff Morris,PF,33,BRK,21,237,12.3,.601,.603,.147,5.1,17.8,11.8,12.2,1.2,1.5,14.2,15.9,,0.2,0.3,0.5,.108,,-0.7,0.0,-0.7,0.1
322,Monte Morris,PG,27,WAS,38,1085,14.3,.565,.394,.158,1.5,11.2,6.5,26.4,1.3,0.5,9.7,15.3,,1.8,0.8,2.6,.115,,0.2,-0.2,0.0,0.6
323,Trey Murphy III,SF,22,NOP,41,1178,14.7,.644,.612,.217,3.5,11.4,7.5,6.3,1.7,1.7,7.3,15.6,,2.3,1.4,3.6,.149,,1.3,0.5,1.7,1.1
324,Dejounte Murray,SG,26,ATL,39,1423,17.1,.531,.304,.148,2.0,14.2,8.0,25.0,2.2,0.8,11.2,25.1,,0.6,1.7,2.3,.078,,0.9,0.5,1.4,1.2
325,Jamal Murray,PG,25,DEN,37,1182,16.8,.553,.372,.225,2.7,11.7,7.3,24.2,1.4,0.7,10.9,25.5,,1.5,0.9,2.4,.099,,1.6,-1.6,0.0,0.6
326,Keegan Murray,SF,22,SAC,40,1144,11.1,.572,.603,.123,3.8,11.2,7.6,4.4,1.4,1.7,8.7,16.7,,0.5,1.0,1.5,.063,,-0.5,-0.8,-1.3,0.2
327,Mike Muscala,C,31,OKC,33,478,13.3,.587,.704,.197,3.7,19.4,11.4,8.4,0.9,3.4,6.8,15.4,,0.7,0.6,1.3,.127,,-0.2,0.2,0.1,0.3
328,Svi Mykhailiuk,SF,25,NYK,12,39,16.5,.739,.833,.417,0.0,19.3,9.5,3.7,1.3,0.0,12.3,17.6,,0.1,0.0,0.1,.155,,3.8,0.7,4.5,0.1
329,Larry Nance Jr.,PF,30,NOP,34,760,16.6,.657,.142,.213,8.3,19.8,14.0,11.2,2.0,3.2,12.3,12.7,,1.5,1.2,2.7,.171,,0.1,2.2,2.4,0.8
330,Andrew Nembhard,SG,23,IND,40,1100,9.4,.548,.476,.074,2.0,10.0,6.1,19.3,1.7,0.7,17.8,14.1,,0.2,0.8,1.0,.044,,-2.5,0.2,-2.3,-0.1
331,Aaron Nesmith,SF,23,IND,38,889,10.7,.557,.525,.215,3.8,14.0,9.0,7.6,1.5,1.7,9.7,16.9,,0.4,0.8,1.2,.066,,-2.3,-0.1,-2.3,-0.1
332,Raul Neto,PG,30,CLE,28,294,12.8,.635,.429,.254,2.0,8.0,5.0,17.9,1.9,0.3,11.4,12.0,,0.6,0.4,1.0,.155,,-1.4,2.3,0.9,0.2
333,Georges Niang,PF,29,PHI,42,832,12.4,.627,.786,.092,1.6,12.3,7.0,8.3,0.9,1.1,9.2,18.1,,0.9,0.8,1.7,.100,,0.6,-0.8,-0.2,0.4
334,Daishen Nix,PG,20,HOU,35,491,7.6,.496,.682,.234,2.4,9.4,5.9,22.9,2.4,0.6,28.9,14.0,,-0.4,0.3,-0.2,-0.017,,-3.8,-0.4,-4.2,-0.3
335,Zeke Nnaji,PF,22,DEN,34,399,13.6,.646,.241,.286,12.5,6.8,9.6,2.7,0.7,2.3,10.6,15.3,,0.8,0.3,1.0,.124,,-2.0,-2.1,-4.0,-0.2
336,Nerlens Noel,C,28,DET,12,142,11.7,.489,.074,.222,5.3,21.7,13.3,6.7,4.4,5.6,16.8,10.6,,0.0,0.2,0.2,.067,,-3.8,3.4,-0.3,0.1
337,Jaylen Nowell,SG,23,MIN,45,908,14.2,.519,.374,.158,3.7,11.3,7.6,16.2,1.6,0.4,8.3,25.4,,0.2,0.7,0.9,.046,,-1.0,-1.2,-2.2,-0.1
338,Frank Ntilikina,PG,24,DAL,26,352,4.3,.455,.571,.195,1.3,11.8,6.5,13.0,1.0,0.8,18.5,13.2,,-0.4,0.2,-0.2,-0.022,,-6.3,-1.1,-7.4,-0.5
339,Kendrick Nunn,SG,27,LAL,36,474,8.3,.491,.478,.083,0.9,8.6,4.9,9.9,1.1,0.2,11.3,23.8,,-0.7,0.3,-0.4,-0.044,,-3.9,-2.1,-6.0,-0.5
340,Jusuf Nurkić,C,28,POR,39,1113,18.3,.603,.216,.407,10.0,29.9,20.1,15.9,1.5,3.0,17.7,22.3,,1.3,1.7,3.0,.128,,-0.1,1.1,1.0,0.8
Rk,Player,Pos,Age,Tm,G,MP,PER,TS%,3PAr,FTr,ORB%,DRB%,TRB%,AST%,STL%,BLK%,TOV%,USG%,,OWS,DWS,WS,WS/48,,OBPM,DBPM,BPM,VORP
341,Jordan Nwora,SF,24,MIL,32,533,9.9,.534,.517,.236,4.6,15.1,10.0,8.1,0.9,0.8,14.4,18.2,,0.0,0.6,0.6,.050,,-2.1,-0.7,-2.9,-0.1
342,Royce O'Neale,SF,29,BRK,40,1392,9.2,.544,.675,.094,2.5,13.2,8.1,14.9,1.3,1.9,16.4,13.1,,0.3,1.5,1.8,.063,,-1.5,0.5,-1.0,0.4
343,Chuma Okeke,SF,24,ORL,18,392,9.9,.509,.690,.241,6.1,15.7,10.9,8.9,1.4,2.2,8.6,11.6,,0.3,0.4,0.6,.077,,-1.7,0.8,-1.0,0.1
344,Josh Okogie,SG,24,PHO,39,487,14.1,.523,.424,.404,12.1,14.5,13.3,12.0,2.3,2.6,15.2,18.4,,0.3,0.6,0.9,.091,,-1.2,0.6,-0.5,0.2
345,Onyeka Okongwu,C,22,ATL,43,1069,17.1,.648,.011,.340,11.7,21.1,16.3,5.6,1.3,4.2,12.2,13.9,,2.2,1.5,3.7,.165,,-1.1,0.8,-0.4,0.4
346,Isaac Okoro,SF,22,CLE,45,868,9.7,.570,.464,.302,3.4,11.7,7.6,5.7,1.8,1.7,10.7,12.5,,0.5,1.3,1.8,.102,,-2.9,2.0,-0.9,0.3
347,KZ Okpala,PF,23,SAC,30,237,7.0,.614,.529,.176,3.4,12.4,7.9,6.6,1.2,2.5,14.1,7.7,,0.2,0.2,0.4,.082,,-3.7,1.1,-2.6,0.0
348,Victor Oladipo,SG,30,MIA,19,548,12.9,.530,.503,.270,2.0,12.1,6.8,20.6,3.0,0.7,14.2,19.8,,0.1,0.8,0.9,.079,,-2.4,1.5,-0.9,0.2
349,Kelly Olynyk,C,31,UTA,39,1112,13.9,.647,.442,.397,4.4,14.9,9.6,15.6,1.9,1.9,19.5,17.2,,1.5,1.0,2.5,.109,,-0.7,0.9,0.2,0.6
350,Eugene Omoruyi,SF,25,OKC,20,248,11.2,.546,.341,.247,8.0,11.7,9.8,6.1,2.5,0.0,12.9,18.2,,0.1,0.3,0.3,.067,,-3.7,-0.2,-3.9,-0.1
351,Cedi Osman,SF,27,CLE,43,954,11.0,.572,.546,.220,1.5,10.9,6.3,9.9,1.1,0.4,9.5,17.8,,0.6,1.1,1.8,.089,,-1.8,0.5,-1.3,0.2
352,Kelly Oubre Jr.,SF,27,CHO,35,1141,14.6,.515,.417,.224,4.6,12.4,8.3,5.9,2.3,1.0,6.0,26.6,,0.0,0.9,0.9,.039,,-0.5,-1.1,-1.6,0.1
353,Chris Paul,PG,37,PHO,26,808,17.2,.556,.403,.321,1.6,13.8,7.5,37.3,2.3,0.8,14.5,18.9,,1.6,0.9,2.5,.148,,1.6,1.0,2.6,0.9
354,Cameron Payne,PG,28,PHO,28,671,13.9,.516,.412,.159,1.5,9.5,5.4,32.8,1.8,0.7,14.3,24.5,,0.2,0.6,0.8,.059,,-0.1,-1.1,-1.2,0.1
355,Gary Payton II,PG,30,POR,6,98,12.2,.857,.429,.000,1.2,17.3,9.4,16.7,3.5,0.0,30.0,8.9,,0.1,0.1,0.3,.133,,-2.9,3.0,0.1,0.1
356,Theo Pinson,SG,27,DAL,23,127,10.9,.540,.706,.265,2.8,22.3,12.5,14.5,0.8,0.0,9.5,15.0,,0.1,0.1,0.2,.082,,-1.1,-1.3,-2.5,0.0
357,Scotty Pippen Jr.,PG,22,LAL,5,26,8.7,.420,.300,.700,8.6,8.0,8.3,4.9,3.6,3.2,13.3,24.5,,-0.1,0.0,0.0,-0.049,,-6.0,-0.5,-6.5,0.0
358,Mason Plumlee,C,32,CHO,45,1272,19.8,.662,.000,.640,12.3,25.2,18.5,18.6,1.1,2.3,15.3,15.0,,3.3,1.2,4.5,.170,,1.4,0.7,2.1,1.3
359,Jakob Poeltl,C,27,SAS,36,949,20.7,.638,.000,.362,14.0,25.7,19.6,16.0,1.5,3.9,17.4,18.3,,1.7,0.9,2.6,.133,,1.1,0.4,1.5,0.8
360,Aleksej Pokusevski,PF,21,OKC,31,677,14.2,.530,.416,.136,7.0,17.8,12.3,12.6,1.4,5.5,13.7,18.4,,0.1,1.0,1.1,.078,,-0.4,1.1,0.6,0.4
Rk,Player,Pos,Age,Tm,G,MP,PER,TS%,3PAr,FTr,ORB%,DRB%,TRB%,AST%,STL%,BLK%,TOV%,USG%,,OWS,DWS,WS,WS/48,,OBPM,DBPM,BPM,VORP
361,Jordan Poole,PG,23,GSW,44,1330,14.2,.570,.495,.297,1.3,8.1,4.7,22.7,1.2,0.7,16.0,30.3,,0.1,0.9,1.0,.036,,-0.4,-2.3,-2.6,-0.2
362,Kevin Porter Jr.,PG,22,HOU,40,1359,15.7,.551,.413,.299,4.4,13.1,8.7,26.7,1.9,1.2,17.0,25.6,,0.7,0.8,1.4,.050,,0.9,-0.9,-0.1,0.7
363,Michael Porter Jr.,SF,24,DEN,30,871,15.8,.604,.527,.154,4.2,17.9,11.2,5.7,1.0,1.6,7.7,22.1,,1.1,0.8,1.9,.105,,1.0,-1.7,-0.7,0.3
364,Otto Porter Jr.,SF,29,TOR,8,146,14.2,.656,.567,.267,4.3,10.9,7.3,7.5,3.7,0.0,10.7,11.0,,0.2,0.2,0.4,.138,,-1.1,1.7,0.6,0.1
365,Bobby Portis,PF,27,MIL,45,1204,18.3,.563,.297,.131,10.2,28.6,19.6,10.8,0.8,0.8,9.3,21.8,,1.7,1.8,3.5,.140,,1.3,-0.5,0.8,0.9
366,Kristaps Porziņģis,C,27,WAS,39,1283,21.6,.600,.352,.449,6.7,22.2,14.7,11.2,1.4,3.8,10.5,27.3,,2.3,1.8,4.1,.152,,2.7,0.3,3.0,1.6
367,Micah Potter,PF,24,UTA,3,14,17.0,1.000,.000,.000,7.9,15.7,11.8,19.5,0.0,0.0,0.0,6.0,,0.1,0.0,0.1,.235,,2.3,1.5,3.8,0.0
368,Dwight Powell,C,31,DAL,40,704,15.2,.748,.016,.715,12.3,12.9,12.6,4.8,1.5,1.9,16.5,12.5,,1.9,0.6,2.5,.171,,-1.7,-0.4,-2.1,0.0
369,Norman Powell,SG,29,LAC,36,911,16.0,.595,.398,.380,1.3,11.2,6.3,10.8,1.6,1.5,11.8,25.6,,0.8,1.0,1.8,.094,,0.1,-0.2,-0.1,0.4
370,Jason Preston,PG,23,LAC,9,70,10.1,.461,.522,.087,1.6,15.6,8.7,33.1,0.7,0.0,14.3,17.3,,0.0,0.1,0.1,.047,,-2.6,-0.1,-2.7,0.0
371,Joshua Primo,SG,20,SAS,4,93,6.3,.467,.462,.346,2.3,13.6,7.7,24.4,0.5,1.8,26.9,18.2,,-0.1,0.0,-0.1,-0.068,,-4.5,-1.8,-6.3,-0.1
372,Taurean Prince,SF,28,MIN,25,520,10.4,.631,.512,.185,1.6,10.7,6.2,7.9,0.8,1.2,14.2,16.8,,0.3,0.3,0.7,.060,,-2.1,-1.0,-3.1,-0.1
373,Payton Pritchard,PG,25,BOS,30,321,10.1,.510,.570,.094,5.6,8.5,7.0,11.9,1.5,0.3,13.6,20.9,,-0.2,0.3,0.1,.018,,-3.0,-1.7,-4.7,-0.2
374,Trevelin Queen,SG,25,IND,3,29,3.1,.268,.750,.375,7.6,11.2,9.4,12.6,1.6,6.1,24.4,17.8,,-0.1,0.0,-0.1,-0.145,,-6.8,-0.3,-7.0,0.0
375,Neemias Queta,C,23,SAC,4,25,17.7,.676,.000,.250,18.5,22.6,20.6,6.1,0.0,3.4,10.1,16.8,,0.1,0.0,0.1,.167,,-2.4,-0.7,-3.1,0.0
376,Immanuel Quickley,PG,23,NYK,45,1219,14.2,.547,.477,.257,2.4,13.5,7.9,17.5,1.6,0.5,9.4,19.6,,1.6,1.3,2.9,.115,,-0.3,0.6,0.4,0.7
377,Julius Randle,PF,28,NYK,45,1605,20.8,.579,.430,.403,6.4,25.4,15.8,17.6,1.0,1.0,11.2,28.2,,3.2,2.2,5.4,.161,,4.0,0.3,4.3,2.6
378,Austin Reaves,SG,24,LAL,36,1039,11.8,.645,.492,.417,2.5,8.8,5.8,10.0,0.9,1.1,14.0,14.2,,1.4,0.6,2.0,.093,,-1.2,-0.2,-1.4,0.2
379,Cam Reddish,SF,23,NYK,20,438,10.7,.558,.412,.243,1.7,5.9,3.8,6.5,1.7,1.8,9.1,16.0,,0.3,0.4,0.7,.079,,-2.2,0.0,-2.2,0.0
380,Davon Reed,SG,27,DEN,29,258,5.7,.472,.597,.290,3.2,14.9,9.2,7.4,1.5,1.4,16.7,14.1,,-0.2,0.2,0.0,.005,,-4.9,-0.7,-5.6,-0.2
Rk,Player,Pos,Age,Tm,G,MP,PER,TS%,3PAr,FTr,ORB%,DRB%,TRB%,AST%,STL%,BLK%,TOV%,USG%,,OWS,DWS,WS,WS/48,,OBPM,DBPM,BPM,VORP
381,Paul Reed,C,23,PHI,35,343,16.6,.587,.048,.214,15.8,24.1,19.9,5.8,3.6,5.9,18.6,14.6,,0.4,0.8,1.2,.163,,-3.6,2.4,-1.2,0.1
382,Naz Reid,C,23,MIN,37,660,18.8,.623,.355,.199,7.9,22.7,15.5,7.7,1.4,4.6,12.6,23.1,,0.7,0.9,1.7,.120,,0.4,0.1,0.5,0.4
383,Jared Rhoden,SG,23,DET,1,12,-3.0,.333,.333,.000,0.0,9.5,4.6,0.0,0.0,0.0,0.0,10.6,,0.0,0.0,0.0,-0.089,,-12.4,-4.3,-16.7,0.0
384,Nick Richards,C,25,CHO,38,659,20.1,.665,.000,.547,15.3,20.4,17.8,4.7,0.6,4.1,11.2,17.0,,1.8,0.5,2.4,.172,,0.4,-1.2,-0.8,0.2
385,Josh Richardson,SG,29,SAS,35,814,13.7,.564,.521,.150,2.9,9.5,6.1,19.4,1.7,0.8,13.0,20.3,,0.6,0.3,0.9,.053,,0.0,-1.3,-1.3,0.1
386,Austin Rivers,SG,30,MIN,35,733,8.3,.615,.584,.195,0.3,8.3,4.4,9.1,1.3,0.3,11.0,10.6,,0.6,0.4,1.1,.069,,-2.7,0.0,-2.7,-0.1
387,Duncan Robinson,SF,28,MIA,28,501,7.9,.528,.799,.126,1.5,11.3,6.2,9.6,0.8,0.0,9.4,17.8,,0.0,0.4,0.4,.042,,-3.3,-1.6,-4.8,-0.4
388,Mitchell Robinson,C,24,NYK,37,1013,18.8,.664,.000,.417,16.9,18.3,17.6,5.0,1.6,6.3,8.0,9.4,,2.8,1.7,4.4,.210,,1.0,1.7,2.7,1.2
389,Orlando Robinson,C,22,MIA,17,258,15.0,.586,.079,.222,12.0,21.5,16.5,9.2,1.7,2.8,12.6,13.5,,0.4,0.4,0.8,.146,,-2.2,1.0,-1.2,0.1
390,Jeremiah Robinson-Earl,PF,22,OKC,26,548,15.4,.593,.437,.161,9.7,15.3,12.5,6.2,1.6,1.8,7.9,15.4,,0.9,0.6,1.6,.138,,0.5,-0.3,0.3,0.3
391,Isaiah Roby,PF,24,SAS,32,342,10.4,.505,.431,.266,4.1,21.2,12.3,12.1,1.8,1.5,13.5,17.0,,-0.1,0.2,0.1,.014,,-3.1,-0.3,-3.4,-0.1
392,David Roddy,PF,21,MEM,39,726,8.0,.504,.525,.182,3.5,12.2,8.0,5.0,1.1,1.5,11.5,16.2,,-0.3,0.9,0.6,.042,,-3.5,-0.2,-3.7,-0.3
393,Ryan Rollins,PG,20,GSW,12,62,-1.3,.508,.450,.300,5.4,15.7,10.6,12.6,0.8,1.4,41.4,26.0,,-0.3,0.1,-0.3,-0.219,,-11.4,-3.9,-15.3,-0.2
394,Derrick Rose,PG,34,NYK,26,336,10.8,.474,.387,.077,2.5,10.2,6.3,20.7,1.0,1.4,12.1,22.9,,-0.2,0.3,0.1,.018,,-1.8,-1.4,-3.1,-0.1
395,Terrence Ross,SG,31,ORL,40,898,8.7,.538,.533,.070,1.3,9.1,5.2,8.0,1.3,0.8,11.1,16.0,,-0.1,0.6,0.4,.022,,-2.7,-0.5,-3.2,-0.3
396,Terry Rozier,SG,28,CHO,35,1245,13.8,.509,.407,.163,3.0,9.8,6.3,23.2,1.1,0.4,10.6,26.8,,0.0,0.4,0.4,.017,,0.5,-2.3,-1.8,0.1
397,Ricky Rubio,PG,32,CLE,3,40,7.7,.504,.692,.154,0.0,17.6,8.9,10.6,0.0,0.0,0.0,15.5,,0.0,0.0,0.1,.087,,-3.9,0.5,-3.4,0.0
398,D'Angelo Russell,PG,26,MIN,42,1364,16.1,.591,.486,.247,1.9,8.4,5.2,27.2,1.6,1.3,15.4,22.4,,1.8,1.0,2.8,.098,,1.6,-0.9,0.6,0.9
399,Matt Ryan,SF,25,TOT,24,223,6.9,.500,.738,.113,2.0,8.0,5.1,4.7,0.8,0.4,6.7,17.1,,-0.1,0.1,0.0,.008,,-2.5,-1.7,-4.3,-0.1
399,Matt Ryan,SF,25,LAL,12,129,4.8,.459,.714,.102,1.7,9.7,5.8,4.0,0.7,0.0,5.5,17.8,,-0.1,0.1,-0.1,-0.021,,-4.2,-1.7,-5.9,-0.1
399,Matt Ryan,SF,25,MIN,12,94,9.7,.565,.774,.129,2.5,5.8,4.2,5.6,1.0,1.0,8.4,16.2,,0.0,0.0,0.1,.047,,-0.3,-1.7,-2.0,0.0
400,Domantas Sabonis,C,26,SAC,41,1406,23.9,.671,.107,.518,10.2,31.5,21.0,29.6,1.0,1.2,15.5,20.6,,5.4,1.7,7.1,.241,,4.4,2.1,6.5,3.0
Rk,Player,Pos,Age,Tm,G,MP,PER,TS%,3PAr,FTr,ORB%,DRB%,TRB%,AST%,STL%,BLK%,TOV%,USG%,,OWS,DWS,WS,WS/48,,OBPM,DBPM,BPM,VORP
401,Dario Šarić,PF,28,PHO,26,353,10.7,.527,.443,.165,6.8,20.1,13.2,14.4,1.3,0.5,16.9,18.0,,0.0,0.4,0.4,.052,,-2.6,-0.3,-2.9,-0.1
402,Jordan Schakel,SF,24,WAS,2,6,24.6,.750,.500,.000,0.0,0.0,0.0,24.0,8.1,0.0,0.0,14.5,,0.0,0.0,0.0,.320,,7.7,9.5,17.3,0.0
403,Admiral Schofield,PF,25,ORL,25,333,12.5,.613,.587,.207,6.5,11.1,8.8,9.5,0.9,0.9,4.7,13.7,,0.7,0.2,0.9,.132,,-0.8,-0.4,-1.2,0.1
404,Dennis Schröder,PG,29,LAL,30,891,10.7,.565,.374,.349,0.6,7.3,4.0,16.5,1.0,0.1,13.1,17.7,,0.6,0.5,1.0,.055,,-2.8,-1.2,-4.0,-0.4
405,Dereon Seabron,SG,22,NOP,4,8,11.7,.500,.000,.000,14.0,0.0,7.0,0.0,0.0,0.0,0.0,21.1,,0.0,0.0,0.0,.059,,-3.7,-4.8,-8.5,0.0
406,Alperen Şengün,C,20,HOU,40,1083,21.2,.615,.067,.372,13.2,21.9,17.5,19.1,1.3,3.5,15.8,22.1,,2.3,0.9,3.2,.143,,1.4,0.1,1.6,1.0
407,Collin Sexton,SG,24,UTA,34,820,16.3,.612,.256,.429,3.9,6.6,5.2,18.0,1.2,0.2,12.9,23.4,,1.7,0.3,2.0,.115,,0.4,-1.5,-1.1,0.2
408,Landry Shamet,SG,25,PHO,30,642,11.3,.546,.669,.186,1.4,7.8,4.5,14.5,1.4,0.7,10.0,19.4,,0.5,0.4,0.9,.069,,-0.5,-0.7,-1.2,0.1
409,Day'Ron Sharpe,C,21,BRK,22,189,16.3,.589,.088,.368,17.2,24.6,21.1,10.9,0.8,5.5,20.4,19.6,,0.2,0.3,0.5,.128,,-2.7,0.0,-2.7,0.0
410,Shaedon Sharpe,SG,19,POR,43,846,9.5,.551,.390,.131,4.7,9.7,7.3,4.0,0.9,0.7,9.7,17.0,,0.2,0.5,0.7,.039,,-2.5,-1.7,-4.2,-0.5
411,Pascal Siakam,C,28,TOR,35,1312,22.0,.576,.226,.465,5.4,20.5,12.4,28.3,1.1,1.5,10.6,28.2,,3.2,1.1,4.3,.156,,4.5,-0.3,4.2,2.1
412,Ben Simmons,PG,26,BRK,32,877,14.7,.565,.005,.250,4.4,23.0,14.2,30.4,2.7,1.9,25.5,14.6,,0.7,1.6,2.3,.124,,-1.8,3.1,1.2,0.7
413,Marko Simonovic,C,23,CHI,1,2,-19.2,.000,1.000,.000,0.0,0.0,0.0,0.0,0.0,0.0,0.0,21.9,,0.0,0.0,0.0,-0.539,,-18.7,-13.9,-32.7,0.0
414,Anfernee Simons,SG,23,POR,42,1506,15.0,.577,.561,.176,0.9,8.2,4.6,17.9,1.0,0.6,10.4,25.4,,1.8,0.9,2.7,.085,,1.2,-1.8,-0.6,0.5
415,Jericho Sims,C,24,NYK,32,394,17.6,.787,.000,.147,15.2,21.3,18.2,3.9,0.7,4.6,14.2,9.1,,1.1,0.6,1.7,.202,,0.0,0.6,0.6,0.3
416,Marcus Smart,PG,28,BOS,39,1277,12.8,.542,.573,.191,2.5,8.9,5.7,29.9,1.9,1.0,18.2,16.8,,1.3,1.4,2.7,.101,,-0.9,0.2,-0.7,0.4
417,Dennis Smith Jr.,PG,25,CHO,23,589,11.7,.471,.231,.129,1.7,10.2,5.8,26.0,3.0,1.9,14.4,16.2,,-0.1,0.6,0.5,.038,,-3.7,1.6,-2.1,0.0
418,Dru Smith,SG,25,MIA,5,67,7.2,.393,.429,.000,1.7,14.4,7.7,10.1,3.0,4.6,6.7,9.8,,0.0,0.1,0.1,.059,,-6.0,3.1,-2.9,0.0
419,Ish Smith,PG,34,DEN,20,163,6.4,.418,.113,.038,0.7,10.4,5.7,25.9,1.5,3.4,25.0,19.1,,-0.4,0.2,-0.2,-0.063,,-5.3,-0.9,-6.2,-0.2
420,Jabari Smith Jr.,PF,19,HOU,43,1284,10.3,.506,.515,.198,4.5,21.1,12.7,5.0,0.9,3.1,9.8,18.4,,-0.1,0.9,0.8,.030,,-2.8,-1.1,-3.9,-0.6
Rk,Player,Pos,Age,Tm,G,MP,PER,TS%,3PAr,FTr,ORB%,DRB%,TRB%,AST%,STL%,BLK%,TOV%,USG%,,OWS,DWS,WS,WS/48,,OBPM,DBPM,BPM,VORP
421,Jalen Smith,PF,22,IND,43,854,15.3,.554,.408,.270,10.2,22.5,16.4,8.0,0.9,3.9,12.0,21.2,,0.5,1.0,1.5,.083,,-1.1,-0.7,-1.9,0.0
422,Jeremy Sochan,PF,19,SAS,39,1002,9.8,.503,.248,.204,6.5,14.6,10.4,12.4,1.6,1.5,16.6,17.2,,-0.5,0.5,0.0,-0.001,,-3.6,-0.9,-4.5,-0.6
423,Jaden Springer,SG,20,PHI,7,26,26.2,.618,.000,.333,18.1,13.4,15.7,6.8,3.8,7.1,6.8,25.2,,0.1,0.1,0.1,.257,,-1.0,2.6,1.6,0.0
424,Lamar Stevens,PF,25,CLE,29,603,8.9,.509,.329,.219,4.2,15.7,10.0,4.4,1.0,2.2,9.1,13.9,,0.0,0.9,0.8,.067,,-3.2,0.4,-2.8,-0.1
425,Isaiah Stewart,C,21,DET,37,1056,13.4,.575,.473,.332,8.3,23.1,15.5,6.3,0.7,2.3,12.8,17.3,,0.9,0.6,1.5,.066,,-0.8,-1.4,-2.2,-0.1
426,Max Strus,SF,26,MIA,43,1336,11.1,.541,.688,.117,2.2,11.8,6.8,10.3,1.2,0.7,7.6,18.6,,0.6,1.3,1.9,.070,,-1.0,-0.5,-1.6,0.2
427,Jalen Suggs,PG,21,ORL,20,488,12.1,.505,.459,.273,4.4,9.2,6.8,25.8,2.5,2.2,19.6,22.6,,-0.4,0.5,0.1,.014,,-2.4,0.0,-2.4,0.0
428,Edmond Sumner,SG,27,BRK,36,507,14.0,.582,.324,.358,2.4,9.2,6.0,13.9,2.6,1.2,13.7,21.1,,0.4,0.6,1.0,.095,,-2.7,0.5,-2.2,0.0
429,Cole Swider,SF,23,LAL,4,32,9.7,.563,.875,.000,0.0,19.5,10.1,15.6,0.0,0.0,0.0,10.6,,0.1,0.0,0.1,.107,,-1.9,0.4,-1.6,0.0
430,Jae'Sean Tate,SF,27,HOU,8,161,12.1,.481,.264,.132,8.7,8.8,8.8,25.6,2.7,0.6,15.1,17.0,,0.1,0.1,0.2,.058,,-2.9,0.0,-2.9,0.0
431,Jayson Tatum,PF,24,BOS,43,1582,25.1,.613,.434,.396,3.3,21.2,12.4,19.6,1.3,1.8,9.3,33.0,,4.4,2.1,6.5,.198,,5.6,0.2,5.8,3.1
432,Terry Taylor,SG,23,IND,20,155,7.6,.475,.317,.122,9.3,10.5,9.9,6.0,0.6,2.3,12.2,13.3,,0.0,0.1,0.1,.019,,-3.9,-1.3,-5.2,-0.1
433,Garrett Temple,SG,36,NOP,14,109,12.2,.582,.633,.133,2.1,8.2,5.1,8.5,4.0,0.9,8.6,13.4,,0.1,0.2,0.3,.122,,-2.5,2.9,0.4,0.1
434,Dalen Terry,SG,20,CHI,16,54,5.6,.444,.286,.286,0.0,8.3,4.2,16.5,0.9,3.5,20.2,16.0,,-0.1,0.0,0.0,-0.043,,-5.3,-0.9,-6.2,-0.1
435,Cam Thomas,SG,21,BRK,28,398,11.5,.528,.233,.427,0.9,9.2,5.3,13.5,1.2,0.9,10.5,22.3,,0.0,0.3,0.3,.042,,-3.0,-0.9,-3.9,-0.2
436,Klay Thompson,SG,32,GSW,34,1087,14.2,.554,.577,.103,2.5,10.8,6.7,12.3,0.9,1.2,8.2,26.8,,0.4,0.8,1.1,.049,,1.0,-2.0,-1.0,0.2
437,JT Thor,PF,20,CHO,32,340,6.9,.484,.566,.217,4.5,13.1,8.6,5.4,0.8,2.1,13.3,12.9,,-0.2,0.2,0.0,.001,,-4.1,-1.1,-5.3,-0.3
438,Matisse Thybulle,SG,25,PHI,40,480,8.3,.507,.571,.066,2.9,8.5,5.7,5.2,3.2,2.3,7.0,9.3,,0.1,0.7,0.8,.081,,-3.9,2.8,-1.2,0.1
439,Xavier Tillman Sr.,PF,24,MEM,27,304,17.5,.599,.115,.368,12.6,14.4,13.5,7.5,2.0,2.6,9.0,14.9,,0.6,0.5,1.1,.172,,0.2,1.1,1.3,0.3
440,Isaiah Todd,PF,21,WAS,4,13,-3.1,.250,.750,.000,0.0,0.0,0.0,0.0,0.0,0.0,0.0,13.4,,0.0,0.0,0.0,-0.160,,-8.1,-5.5,-13.6,0.0
Rk,Player,Pos,Age,Tm,G,MP,PER,TS%,3PAr,FTr,ORB%,DRB%,TRB%,AST%,STL%,BLK%,TOV%,USG%,,OWS,DWS,WS,WS/48,,OBPM,DBPM,BPM,VORP
441,Obi Toppin,PF,24,NYK,30,479,12.2,.522,.569,.101,3.7,19.5,11.5,9.1,1.3,1.2,9.2,19.1,,0.2,0.6,0.8,.078,,-0.5,-0.1,-0.6,0.2
442,Juan Toscano-Anderson,SF,29,LAL,24,320,7.9,.575,.321,.196,3.8,14.3,9.3,8.2,1.5,1.8,19.8,10.0,,0.0,0.3,0.4,.054,,-4.2,1.3,-2.9,-0.1
443,Karl-Anthony Towns,PF,27,MIN,21,709,19.5,.625,.386,.343,5.7,21.0,13.6,23.4,1.1,1.8,15.7,24.9,,1.4,0.8,2.1,.145,,2.4,0.8,3.2,0.9
444,Gary Trent Jr.,SG,24,TOR,38,1240,16.0,.573,.494,.272,1.4,7.2,4.1,7.2,2.6,0.7,5.7,22.3,,1.8,1.0,2.8,.108,,0.7,-0.2,0.4,0.8
445,P.J. Tucker,PF,37,PHI,42,1135,5.1,.549,.597,.113,5.6,12.6,9.1,3.8,1.0,0.8,19.7,6.4,,0.2,1.1,1.3,.057,,-3.9,0.2,-3.7,-0.5
446,Myles Turner,C,26,IND,36,1079,20.1,.664,.350,.387,5.0,23.6,14.4,7.6,1.0,6.8,11.1,20.6,,2.1,1.5,3.6,.161,,1.6,1.2,2.8,1.3
447,Jonas Valančiūnas,C,30,NOP,44,1107,19.6,.614,.168,.309,12.5,30.9,21.7,10.8,0.6,2.0,14.6,23.5,,1.9,1.6,3.5,.153,,0.5,-0.6,-0.1,0.5
448,Jarred Vanderbilt,PF,23,UTA,45,1113,16.4,.621,.169,.316,11.0,25.2,18.1,15.4,2.0,0.9,17.8,14.2,,2.0,1.3,3.3,.144,,0.2,1.3,1.5,1.0
449,Fred VanVleet,PG,28,TOR,37,1361,16.2,.531,.548,.265,1.4,13.1,6.8,25.6,2.0,1.5,8.7,22.4,,1.9,1.2,3.1,.111,,1.8,0.1,1.9,1.3
450,Devin Vassell,SG,22,SAS,29,907,16.8,.562,.438,.188,0.7,13.8,7.0,17.3,1.8,1.1,8.2,24.9,,0.9,0.4,1.3,.071,,2.1,-1.0,1.1,0.7
451,Gabe Vincent,PG,26,MIA,31,787,9.7,.538,.595,.136,1.8,8.4,5.0,16.1,1.8,0.4,14.4,17.8,,0.0,0.8,0.8,.049,,-3.1,0.1,-2.9,-0.2
452,Noah Vonleh,C,27,BOS,23,171,6.0,.502,.167,.083,11.7,19.1,15.5,5.1,0.6,3.9,30.7,9.1,,0.0,0.2,0.2,.053,,-6.7,0.4,-6.4,-0.2
453,Nikola Vučević,C,32,CHI,44,1480,19.5,.611,.341,.153,7.1,29.5,18.4,13.9,0.9,2.5,11.1,21.0,,2.5,1.9,4.4,.142,,2.5,0.3,2.8,1.8
454,Dean Wade,PF,26,CLE,17,409,9.8,.602,.667,.155,2.9,16.9,10.0,5.6,1.5,1.4,7.2,10.6,,0.4,0.6,1.0,.123,,-1.6,2.6,1.0,0.3
455,Franz Wagner,SF,21,ORL,43,1435,17.0,.593,.309,.297,2.9,10.2,6.6,16.4,1.4,0.7,11.1,24.9,,2.1,0.9,3.0,.100,,1.0,-0.9,0.0,0.7
456,Moritz Wagner,C,25,ORL,23,544,17.0,.622,.432,.395,8.6,20.6,14.6,12.5,1.7,0.9,14.2,20.1,,1.0,0.6,1.6,.137,,0.1,0.0,0.1,0.3
457,Ish Wainright,SF,28,PHO,28,407,9.3,.536,.723,.096,7.5,8.3,7.9,8.9,2.3,1.5,13.3,11.9,,0.3,0.4,0.7,.079,,-2.5,1.2,-1.3,0.1
458,Jabari Walker,SF,20,POR,28,254,9.1,.476,.271,.356,12.4,17.3,14.9,8.5,0.6,1.7,13.9,13.6,,0.1,0.2,0.3,.057,,-3.7,-1.0,-4.7,-0.2
459,Kemba Walker,PG,32,DAL,9,144,15.4,.543,.491,.368,2.4,10.7,6.5,20.7,0.7,1.3,5.7,22.2,,0.2,0.1,0.3,.106,,0.3,-0.8,-0.5,0.0
460,Lonnie Walker IV,SG,24,LAL,32,953,12.5,.578,.460,.193,1.3,7.0,4.2,6.6,1.2,1.0,7.1,19.4,,0.7,0.6,1.3,.067,,-0.9,-0.7,-1.6,0.1
Rk,Player,Pos,Age,Tm,G,MP,PER,TS%,3PAr,FTr,ORB%,DRB%,TRB%,AST%,STL%,BLK%,TOV%,USG%,,OWS,DWS,WS,WS/48,,OBPM,DBPM,BPM,VORP
461,John Wall,PG,32,LAC,34,755,14.0,.498,.322,.334,2.1,11.3,6.7,37.0,1.8,1.4,17.1,27.0,,-0.4,0.9,0.5,.034,,-0.8,-0.4,-1.2,0.2
462,T.J. Warren,PF,29,BRK,19,393,16.2,.592,.247,.167,3.7,13.2,8.7,9.1,1.7,1.3,7.5,21.3,,0.4,0.5,0.9,.111,,-0.4,-0.3,-0.7,0.1
463,Duane Washington Jr.,SG,22,PHO,27,359,9.9,.464,.431,.103,0.3,9.7,4.9,24.3,0.8,1.0,11.7,32.7,,-0.7,0.2,-0.5,-0.067,,-1.5,-3.0,-4.5,-0.2
464,P.J. Washington,PF,24,CHO,44,1421,12.8,.547,.437,.176,3.4,11.9,7.5,10.5,1.2,3.1,9.9,19.9,,0.6,0.9,1.5,.051,,-0.6,-0.7,-1.2,0.3
465,TyTy Washington Jr.,PG,21,HOU,13,140,5.5,.380,.460,.120,0.8,11.7,6.2,17.5,1.7,0.0,7.1,16.8,,-0.2,0.1,-0.1,-0.037,,-7.0,-0.7,-7.7,-0.2
466,Yuta Watanabe,SF,28,BRK,30,549,13.9,.684,.556,.162,4.4,12.2,8.5,6.3,1.3,1.6,7.9,13.4,,1.0,0.6,1.6,.140,,0.9,-0.1,0.8,0.4
467,Lindy Waters III,SG,25,OKC,18,206,12.7,.579,.924,.106,3.6,12.6,8.0,9.6,1.4,2.6,6.7,15.0,,0.3,0.2,0.5,.114,,1.3,0.1,1.4,0.2
468,Trendon Watford,PF,22,POR,31,475,12.1,.640,.247,.474,5.2,20.7,13.1,13.1,1.3,0.6,19.3,13.3,,0.6,0.5,1.1,.107,,-2.1,0.7,-1.4,0.1
469,Peyton Watson,SG,20,DEN,6,15,4.2,.333,.111,.000,15.8,7.5,11.6,0.0,0.0,0.0,0.0,26.0,,0.0,0.0,0.0,-0.119,,-7.1,-7.1,-14.2,0.0
470,Blake Wesley,SG,19,SAS,4,39,14.2,.730,.286,.286,2.7,8.9,5.7,19.4,0.0,0.0,20.2,21.0,,0.1,0.0,0.1,.066,,-0.9,-2.0,-3.0,0.0
471,Russell Westbrook,PG,34,LAL,41,1176,16.2,.501,.292,.313,4.2,19.9,12.3,39.3,1.7,1.4,18.5,28.4,,-0.7,1.4,0.7,.030,,0.2,0.2,0.4,0.7
472,Coby White,SG,22,CHI,36,764,11.4,.569,.649,.153,0.9,13.1,7.0,12.0,1.7,0.5,10.2,16.9,,0.4,0.7,1.1,.067,,-1.5,-0.2,-1.6,0.1
473,Derrick White,SG,28,BOS,45,1178,14.1,.597,.544,.262,2.6,10.4,6.5,17.5,1.4,2.9,11.0,15.7,,2.0,1.4,3.3,.136,,0.3,1.2,1.4,1.0
474,Jack White,SF,25,DEN,11,34,5.9,.389,.333,.000,10.5,13.3,11.9,0.0,1.4,5.4,10.0,12.8,,0.0,0.0,0.0,.007,,-6.0,-1.3,-7.4,0.0
475,Aaron Wiggins,SG,24,OKC,34,607,11.9,.594,.350,.227,5.9,14.0,9.9,10.7,1.2,0.9,14.7,14.4,,0.6,0.6,1.2,.093,,-1.4,-0.5,-1.9,0.0
476,Andrew Wiggins,SF,27,GSW,27,858,16.2,.583,.464,.130,5.5,11.5,8.6,10.8,2.0,2.2,7.8,21.9,,0.9,0.9,1.9,.105,,0.9,-0.2,0.8,0.6
477,Alondes Williams,SG,23,BRK,1,5,-21.1,,,,0.0,21.6,11.4,0.0,0.0,0.0,100.0,17.8,,-0.1,0.0,-0.1,-0.509,,-20.9,-5.2,-26.1,0.0
478,Grant Williams,PF,24,BOS,44,1222,11.8,.643,.591,.236,4.5,14.3,9.5,8.5,1.2,1.2,11.9,12.3,,1.8,1.3,3.1,.123,,-0.8,0.7,-0.1,0.6
479,Jalen Williams,SG,21,OKC,40,1125,12.9,.575,.284,.204,2.7,12.0,7.3,14.1,1.6,1.7,13.2,17.3,,0.8,1.2,1.9,.082,,-1.8,0.2,-1.6,0.1
480,Jaylin Williams,PF,20,OKC,13,160,9.4,.468,.286,.204,7.2,27.0,16.9,12.3,1.5,0.6,13.0,16.0,,0.0,0.2,0.2,.057,,-5.0,0.5,-4.5,-0.1
Rk,Player,Pos,Age,Tm,G,MP,PER,TS%,3PAr,FTr,ORB%,DRB%,TRB%,AST%,STL%,BLK%,TOV%,USG%,,OWS,DWS,WS,WS/48,,OBPM,DBPM,BPM,VORP
481,Kenrich Williams,PF,28,OKC,36,779,14.6,.615,.364,.124,8.6,14.8,11.7,9.0,1.5,1.0,6.4,12.6,,1.6,0.8,2.4,.146,,0.5,0.1,0.6,0.5
482,Mark Williams,C,21,CHO,14,182,19.1,.616,.000,.545,11.2,36.0,23.1,4.0,2.1,4.0,15.0,18.4,,0.2,0.3,0.5,.137,,-1.7,0.0,-1.7,0.0
483,Patrick Williams,PF,21,CHI,44,1279,10.4,.576,.435,.150,3.8,12.0,8.0,6.1,1.1,2.8,13.2,15.1,,0.3,1.1,1.4,.054,,-1.8,-0.3,-2.1,0.0
484,Robert Williams,C,25,BOS,13,282,21.5,.765,.000,.220,15.0,24.7,19.9,10.0,1.2,5.1,14.5,11.7,,0.9,0.5,1.4,.241,,1.9,2.0,3.9,0.4
485,Vince Williams Jr.,SG,22,MEM,8,44,6.8,.318,.727,.000,2.4,9.2,5.9,8.1,4.3,2.0,0.0,10.2,,0.0,0.1,0.1,.060,,-6.0,4.7,-1.3,0.0
486,Ziaire Williams,SF,21,MEM,17,303,7.7,.526,.480,.098,2.5,14.4,8.6,7.4,1.2,1.2,16.5,17.1,,-0.2,0.4,0.2,.032,,-5.0,-0.3,-5.3,-0.3
487,Zion Williamson,PF,22,NOP,29,956,25.5,.652,.041,.529,6.8,16.9,11.8,24.0,1.6,1.6,14.6,29.9,,2.6,1.2,3.8,.192,,5.0,0.9,5.9,1.9
488,Justise Winslow,SF,26,POR,29,776,9.5,.466,.227,.141,7.4,13.9,10.7,17.2,1.9,1.3,17.0,14.2,,0.0,0.8,0.8,.048,,-3.4,0.9,-2.4,-0.1
489,James Wiseman,C,21,GSW,19,241,16.4,.635,.023,.402,8.3,23.0,15.7,8.8,0.4,2.6,12.0,20.2,,0.4,0.3,0.6,.127,,-1.8,-0.7,-2.6,0.0
490,Christian Wood,C,27,DAL,41,1184,20.7,.637,.369,.349,5.8,28.5,17.1,9.9,0.8,3.9,13.0,26.0,,1.8,1.5,3.3,.134,,2.0,-0.3,1.6,1.0
491,Delon Wright,PG,30,WAS,15,305,15.1,.510,.459,.257,3.7,9.8,6.9,21.9,4.9,1.4,13.6,13.6,,0.2,0.5,0.8,.120,,-1.1,4.9,3.8,0.4
492,McKinley Wright IV,PG,24,DAL,14,135,8.4,.472,.250,.333,3.5,10.5,7.0,20.3,2.6,2.0,24.6,12.3,,-0.1,0.1,0.1,.034,,-4.7,0.3,-4.4,-0.1
493,Thaddeus Young,PF,34,TOR,35,579,14.8,.573,.164,.136,10.3,14.6,12.3,14.0,3.2,0.7,14.9,12.8,,0.8,0.7,1.4,.120,,-1.0,1.4,0.4,0.3
494,Trae Young,PG,24,ATL,39,1394,21.7,.566,.348,.431,2.0,6.5,4.2,41.9,1.2,0.4,14.1,33.4,,2.6,0.9,3.5,.121,,5.1,-2.0,3.1,1.8
495,Ivica Zubac,C,25,LAC,44,1288,15.7,.655,.007,.488,12.6,26.2,19.4,5.2,0.7,4.1,19.8,14.4,,1.7,2.0,3.7,.138,,-1.9,0.6,-1.3,0.2
