,PLAYER,TEAM,GP,MIN,PTS,FGM,FGA,FG%,3PM,3PA,3P%,eFG%
0,A.J. Lawson,DAL,13,4.8,1.6,0.5,1.2,46.7,0.5,1.2,46.7,70.0
1,AJ Green,MIL,33,9.7,3.2,1.1,2.3,46.7,1.1,2.3,46.7,70.0
2,AJ Griffin,ATL,68,19.3,3.1,1.1,2.9,37.4,1.0,2.7,36.0,54.6
3,Aaron Gordon,DEN,65,30.1,1.6,0.6,1.8,31.9,0.5,1.5,32.3,45.7
4,Aaron Holiday,ATL,59,13.3,1.3,0.4,1.0,42.6,0.4,1.0,42.6,63.9
5,Aaron Nesmith,IND,69,24.9,3.9,1.3,3.8,34.2,1.3,3.7,34.1,51.0
6,Aaron Wiggins,OKC,66,18.4,1.8,0.6,1.6,38.5,0.6,1.6,38.8,57.7
7,Admiral Schofield,ORL,33,11.7,2.0,0.7,1.8,37.9,0.7,1.8,37.9,56.9
8,Al Horford,BOS,61,30.5,6.8,2.3,5.2,44.1,2.2,4.9,45.0,65.6
9,Alec Burks,DET,51,22.0,3.2,1.1,2.5,43.7,1.0,2.4,43.4,64.7
10,Aleksej Pokusevski,OKC,34,20.6,3.4,1.2,3.1,37.7,1.1,2.9,37.4,55.2
11,Alex Caruso,CHI,63,23.8,2.4,0.8,2.2,38.0,0.8,2.1,37.4,55.8
12,Alex Len,SAC,21,4.4,0.0,0.0,0.1,0.0,0.0,0.1,0.0,0.0
13,Alize Johnson,SAS,4,7.4,0.0,0.0,0.3,0.0,0.0,0.3,0.0,0.0
14,Alondes Williams,BKN,1,5.3,0.0,0.0,0.0,-,-,-,-,-
15,Alperen Sengun,HOU,71,28.7,0.8,0.3,0.9,37.1,0.2,0.6,35.0,48.4
16,Amir Coffey,LAC,49,12.7,0.7,0.2,0.7,33.3,0.2,0.7,30.3,47.2
17,Andre Drummond,CHI,63,12.8,0.0,0.0,0.1,0.0,0.0,0.0,0.0,0.0
18,Andre Iguodala,GSW,8,14.1,0.0,0.0,0.8,0.0,0.0,0.8,0.0,0.0
19,Andrew Nembhard,IND,71,27.4,3.0,1.0,2.8,36.5,1.0,2.7,35.8,53.8
20,Andrew Wiggins,GSW,37,32.2,6.6,2.2,5.2,43.0,2.1,5.0,42.5,63.5
21,Anfernee Simons,POR,62,35.0,5.7,1.9,4.9,39.3,1.9,4.9,39.2,58.7
22,Anthony Davis,LAL,51,34.0,2.0,0.8,2.5,33.6,0.4,1.3,29.2,41.2
23,Anthony Edwards,MIN,75,36.1,3.3,1.1,2.7,42.2,1.1,2.5,42.1,62.3
24,Anthony Gill,WAS,54,10.0,0.2,0.1,0.4,20.0,0.1,0.4,15.8,27.5
25,Anthony Lamb,GSW,58,19.9,3.5,1.2,3.1,37.6,1.1,3.0,36.9,55.5
26,Austin Reaves,LAL,59,28.4,2.9,1.0,2.5,39.2,0.9,2.4,38.2,57.8
27,Austin Rivers,MIN,52,19.5,2.1,0.7,2.0,36.3,0.7,2.0,36.3,54.4
28,Ayo Dosunmu,CHI,75,26.4,2.3,0.8,2.3,32.4,0.7,2.3,32.0,48.0
29,Bam Adebayo,MIA,72,35.2,1.7,0.9,1.9,44.3,0.0,0.1,12.5,44.6
30,Ben Simmons,BKN,42,26.3,0.1,0.0,0.1,40.0,0.0,0.0,-,40.0
31,Bennedict Mathurin,IND,74,28.1,2.2,0.8,2.5,30.8,0.7,2.3,30.6,45.1
32,Bismack Biyombo,PHX,57,14.4,0.1,0.1,0.2,40.0,-,-,-,40.0
33,Blake Griffin,BOS,37,14.1,1.5,0.5,1.4,35.8,0.5,1.4,36.5,53.8
34,Blake Wesley,SAS,32,17.0,1.4,0.5,1.3,36.6,0.4,1.3,35.0,53.7
35,Boban Marjanovic,HOU,28,5.3,0.1,0.0,0.1,33.3,0.0,0.0,0.0,33.3
36,Bobby Portis,MIL,66,25.8,4.4,1.6,4.0,40.0,1.2,3.4,35.3,54.9
37,Bogdan Bogdanovic,ATL,51,28.1,6.2,2.2,5.2,41.9,1.8,4.7,39.2,59.6
38,Bojan Bogdanovic,DET,59,32.1,5.8,2.0,4.2,47.4,1.8,4.0,45.5,69.0
39,Bol Bol,ORL,67,21.4,0.9,0.3,1.0,30.4,0.3,0.9,28.6,43.5
40,Bones Hyland,LAC,52,19.4,3.1,1.0,2.8,37.1,1.0,2.7,37.9,55.6
41,Bradley Beal,WAS,50,33.5,3.1,1.1,2.7,41.8,0.9,2.2,40.0,58.2
42,Brandon Boston Jr.,LAC,21,11.7,0.7,0.2,0.8,31.3,0.2,0.7,35.7,46.9
43,Brandon Clarke,MEM,56,19.5,0.9,0.4,0.9,49.0,0.0,0.1,16.7,50.0
44,Brandon Ingram,NOP,40,33.3,4.1,1.5,3.5,42.8,1.2,2.8,42.7,59.8
45,Braxton Key,DET,3,3.0,0.0,0.0,0.0,-,-,-,-,-
46,Brook Lopez,MIL,75,30.3,5.4,1.9,4.9,39.0,1.6,4.3,37.8,55.4
47,Bruce Brown,DEN,76,28.3,3.2,1.1,2.9,37.3,1.1,2.8,37.9,55.7
48,Bruno Fernando,ATL,36,10.5,0.0,0.0,0.0,0.0,0.0,0.0,0.0,0.0
49,Bryce McGowens,CHA,42,15.6,1.4,0.5,1.4,32.8,0.5,1.3,33.9,49.1
50,Bryn Forbes,MIN,25,10.7,1.2,0.4,1.4,29.4,0.4,1.3,31.3,44.1
51,Buddy Boeheim,DET,7,9.8,1.7,0.6,3.1,18.2,0.6,3.0,19.0,27.3
52,Buddy Hield,IND,76,31.5,7.5,2.5,6.1,41.2,2.5,6.1,41.3,61.6
53,CJ McCollum,NOP,70,35.1,5.4,1.8,4.6,39.6,1.7,4.3,40.9,58.6
54,Cade Cunningham,DET,12,33.3,2.4,0.8,2.7,31.3,0.8,2.3,33.3,45.3
55,Caleb Houstan,ORL,47,15.2,2.4,0.8,2.5,32.5,0.8,2.3,32.7,47.9
56,Caleb Martin,MIA,66,29.5,3.2,1.1,3.1,35.4,0.9,2.8,34.1,50.5
57,Cam Reddish,POR,40,24.7,2.7,0.9,2.9,31.9,0.9,2.8,31.0,47.0
58,Cam Thomas,BKN,54,16.5,1.1,0.4,0.9,42.9,0.3,0.8,38.1,59.2
59,Cameron Johnson,BKN,38,28.2,7.0,2.4,5.7,41.3,2.3,5.5,41.0,61.0
60,Cameron Payne,PHX,45,20.8,2.4,0.8,2.3,34.3,0.8,2.3,34.3,51.4
61,Caris LeVert,CLE,72,30.1,3.2,1.1,2.8,38.3,1.1,2.8,38.0,57.2
62,Carlik Jones,CHI,4,7.0,0.0,0.0,0.3,0.0,0.0,0.3,0.0,0.0
63,Cedi Osman,CLE,73,20.5,3.8,1.3,3.5,36.9,1.2,3.4,36.5,55.0
64,Charles Bassey,SAS,35,14.5,0.4,0.2,0.5,36.8,0.0,0.1,20.0,39.5
65,Chima Moneke,SAC,2,4.0,0.0,0.0,0.0,-,-,-,-,-
66,Chimezie Metu,SAC,63,10.4,0.5,0.2,0.6,30.8,0.1,0.5,26.5,42.3
67,Chris Boucher,TOR,71,20.2,2.5,0.9,2.5,33.9,0.8,2.4,33.1,49.4
68,Chris Duarte,IND,46,19.5,2.2,0.8,2.2,34.3,0.7,2.1,33.7,50.5
69,Chris Paul,PHX,56,31.9,2.2,0.8,1.5,51.2,0.7,1.4,49.4,74.4
70,Chris Silva,DAL,1,3.0,0.0,0.0,0.0,-,-,-,-,-
71,Christian Braun,DEN,71,14.9,1.2,0.4,1.0,37.8,0.4,1.0,39.1,56.1
72,Christian Koloko,TOR,53,13.9,0.2,0.1,0.4,19.0,0.0,0.2,11.1,21.4
73,Christian Wood,DAL,64,26.1,4.2,1.4,3.5,41.1,1.4,3.3,41.4,60.5
74,Chuma Okeke,ORL,23,18.1,2.3,0.8,2.5,31.0,0.8,2.5,31.0,46.6
75,Clint Capela,ATL,61,26.6,0.0,0.0,0.0,0.0,0.0,0.0,0.0,0.0
76,Coby White,CHI,69,23.1,4.5,1.5,3.9,39.0,1.5,3.9,38.6,58.2
77,Cody Martin,CHA,7,19.1,1.6,0.6,1.4,40.0,0.4,1.3,33.3,55.0
78,Cody Zeller,MIA,12,12.8,0.0,0.0,0.2,0.0,0.0,0.1,0.0,0.0
79,Cole Anthony,ORL,57,25.7,2.7,0.9,2.5,36.8,0.8,2.4,34.6,53.1
80,Cole Swider,LAL,6,6.7,1.5,0.5,1.0,50.0,0.5,1.0,50.0,75.0
81,Collin Sexton,UTA,47,24.0,1.8,0.6,1.6,38.2,0.6,1.6,37.0,55.9
82,Corey Kispert,WAS,69,28.3,6.1,2.0,4.7,43.8,2.0,4.6,43.7,65.2
83,Cory Joseph,DET,57,18.9,1.9,0.6,1.6,39.4,0.6,1.6,39.8,59.0
84,D'Angelo Russell,LAL,67,32.6,4.6,1.6,3.8,40.5,1.5,3.7,39.5,59.5
85,Daishen Nix,HOU,54,16.3,1.3,0.4,1.7,26.7,0.4,1.6,27.0,40.0
86,Dalano Banton,TOR,27,9.3,1.2,0.4,1.3,31.4,0.4,1.3,32.4,47.1
87,Dalen Terry,CHI,33,5.4,0.4,0.1,0.5,26.7,0.1,0.5,26.7,40.0
88,Damian Jones,UTA,37,10.4,0.6,0.2,0.4,50.0,0.2,0.4,53.8,75.0
89,Damian Lillard,POR,58,36.3,4.3,1.5,4.0,37.2,1.4,3.8,36.2,54.5
90,Damion Lee,PHX,71,20.5,4.6,1.5,3.3,46.4,1.5,3.2,47.1,68.9
91,Daniel Gafford,WAS,74,20.4,0.1,0.0,0.1,28.6,-,-,-,28.6
92,Daniel Theis,IND,7,15.5,1.4,0.6,2.4,23.5,0.3,1.6,18.2,29.4
93,Danny Green,CLE,9,9.8,2.3,0.8,1.9,41.2,0.8,1.7,46.7,61.8
94,Danuel House Jr.,PHI,51,14.1,1.2,0.4,1.2,33.9,0.4,1.2,33.9,50.8
95,Dario Saric,OKC,54,13.9,2.4,0.8,2.2,38.5,0.7,1.9,39.0,55.1
96,Darius Bazley,PHX,41,14.2,1.5,0.5,1.3,40.4,0.4,1.2,37.5,57.7
97,Darius Days,HOU,4,6.2,2.3,0.8,2.5,30.0,0.8,2.5,30.0,45.0
98,Darius Garland,CLE,67,35.4,3.4,1.1,2.7,43.3,1.1,2.5,44.1,64.3
99,David Duke Jr.,BKN,20,9.0,0.2,0.1,0.4,14.3,0.1,0.4,14.3,21.4
100,David Roddy,MEM,65,17.3,2.5,0.8,2.8,30.0,0.8,2.7,30.5,45.0
101,Davion Mitchell,SAC,76,18.1,1.7,0.6,1.6,34.4,0.6,1.6,34.4,51.6
102,Davis Bertans,DAL,42,10.6,3.1,1.0,2.7,38.9,1.0,2.7,38.4,58.0
103,Davon Reed,LAL,41,8.2,1.0,0.3,1.0,32.5,0.3,1.0,33.3,48.8
104,Day'Ron Sharpe,BKN,43,11.4,0.4,0.2,0.3,50.0,0.1,0.2,50.0,67.9
105,De'Aaron Fox,SAC,69,33.6,2.5,0.9,2.4,36.8,0.8,2.2,35.1,53.4
106,De'Andre Hunter,ATL,65,32.0,4.3,1.5,4.3,36.1,1.2,3.6,33.9,50.5
107,De'Anthony Melton,PHI,74,28.2,5.1,1.7,4.0,42.3,1.7,4.0,41.8,62.9
108,DeAndre Jordan,DEN,36,14.5,0.1,0.0,0.1,50.0,0.0,0.0,100,75.0
109,DeMar DeRozan,CHI,70,36.4,2.5,1.0,2.4,41.3,0.5,1.5,34.3,51.8
110,Dean Wade,CLE,40,19.7,2.9,1.0,2.9,34.2,1.0,2.8,34.5,50.9
111,Deandre Ayton,PHX,64,30.4,3.2,1.6,3.6,43.5,0.1,0.3,23.8,44.6
112,Dejounte Murray,ATL,70,36.4,3.6,1.2,3.7,32.7,1.1,3.5,32.5,48.1
113,Delon Wright,WAS,48,24.4,1.5,0.5,1.5,34.7,0.5,1.5,34.3,51.4
114,Deni Avdija,WAS,75,26.5,2.4,0.8,2.6,31.6,0.8,2.5,31.6,46.9
115,Dennis Schroder,LAL,63,30.4,3.1,1.1,2.9,36.4,1.0,2.8,36.0,53.8
116,Dennis Smith Jr.,CHA,54,25.7,1.3,0.4,1.7,25.8,0.4,1.7,25.0,38.2
117,Deonte Burton,SAC,2,3.2,0.0,0.0,0.5,0.0,0.0,0.5,0.0,0.0
118,Dereon Seabron,NOP,5,2.3,0.0,0.0,0.0,-,-,-,-,-
119,Derrick Jones Jr.,CHI,59,14.0,1.1,0.4,1.1,33.3,0.4,1.1,33.3,50.0
120,Derrick Rose,NYK,27,12.5,0.9,0.3,1.4,21.6,0.3,1.3,22.2,32.4
121,Derrick White,BOS,78,28.3,4.5,1.5,3.8,38.7,1.5,3.8,39.1,58.0
122,Desmond Bane,MEM,54,31.4,4.3,1.5,3.6,40.3,1.4,3.4,39.5,58.9
123,Devin Booker,PHX,50,34.6,3.3,1.2,2.6,46.9,0.9,2.0,45.1,64.8
124,Devin Vassell,SAS,38,31.0,6.6,2.3,5.3,42.4,2.1,4.9,43.2,62.1
125,Devon Dotson,WAS,6,8.9,0.5,0.2,0.5,33.3,0.2,0.5,33.3,50.0
126,Devonte' Graham,SAS,71,18.2,3.0,1.0,2.7,37.0,1.0,2.7,37.0,55.6
127,Dewayne Dedmon,PHI,36,10.9,0.9,0.3,1.1,30.0,0.3,1.0,27.8,42.5
128,Dillon Brooks,MEM,70,30.2,4.0,1.3,4.0,33.5,1.3,3.8,34.6,49.6
129,Domantas Sabonis,SAC,75,34.8,2.1,0.8,1.9,43.2,0.4,1.0,36.8,52.7
130,Dominick Barlow,SAS,23,12.2,0.3,0.1,0.6,21.4,0.0,0.2,0.0,21.4
131,Donovan Mitchell,CLE,66,35.6,4.2,1.4,3.7,37.8,1.3,3.5,37.6,55.7
132,Donte DiVincenzo,GSW,68,26.2,5.5,1.8,4.3,42.0,1.8,4.3,42.1,62.9
133,Dorian Finney-Smith,BKN,63,30.5,4.9,1.6,4.9,33.6,1.6,4.8,33.4,50.2
134,Doug McDermott,SAS,62,20.6,4.8,1.6,4.0,40.8,1.6,3.8,40.9,60.6
135,Draymond Green,GSW,69,31.5,1.8,0.6,1.9,32.1,0.5,1.7,31.0,45.5
136,Drew Eubanks,POR,75,19.9,0.4,0.2,0.4,41.9,0.0,0.1,30.0,46.8
137,Dru Smith,BKN,12,10.9,1.3,0.4,1.1,38.5,0.4,1.1,38.5,57.7
138,Duane Washington Jr.,NYK,31,12.7,2.1,0.7,2.3,31.4,0.6,2.1,30.8,45.7
139,Duncan Robinson,MIA,38,16.3,3.2,1.1,3.3,32.3,1.1,3.3,32.0,48.0
140,Dwight Powell,DAL,72,19.4,0.0,0.0,0.1,16.7,0.0,0.0,0.0,16.7
141,Dylan Windler,CLE,3,3.5,1.0,0.3,0.7,50.0,0.3,0.7,50.0,75.0
142,Dyson Daniels,NOP,55,18.1,1.2,0.4,1.2,33.3,0.4,1.2,33.8,50.0
143,Edmond Sumner,BKN,51,14.0,1.6,0.5,1.5,37.8,0.5,1.4,37.0,56.1
144,Eric Gordon,LAC,66,28.8,4.3,1.4,3.8,37.5,1.4,3.8,37.5,56.0
145,Eugene Omoruyi,DET,37,15.6,1.5,0.5,1.9,27.5,0.5,1.8,26.9,40.6
146,Evan Fournier,NYK,23,18.0,2.7,0.9,2.6,35.6,0.9,2.5,36.2,53.4
147,Evan Mobley,CLE,76,34.6,1.2,0.5,1.8,25.9,0.3,1.3,20.4,33.1
148,Facundo Campazzo,DAL,8,6.5,0.8,0.3,0.8,33.3,0.3,0.8,33.3,50.0
149,Frank Jackson,UTA,1,5.1,0.0,0.0,1.0,0.0,0.0,1.0,0.0,0.0
150,Frank Kaminsky,HOU,34,6.3,1.1,0.4,0.9,41.9,0.4,0.9,40.0,61.3
151,Frank Ntilikina,DAL,45,11.8,1.0,0.4,1.2,28.6,0.3,1.1,25.5,40.2
152,Franz Wagner,ORL,76,33.0,3.5,1.2,2.8,40.9,1.1,2.8,41.2,61.2
153,Fred VanVleet,TOR,65,37.0,4.8,1.6,4.4,36.1,1.6,4.3,36.2,53.6
154,Furkan Korkmaz,PHI,33,8.9,0.8,0.3,0.8,32.1,0.3,0.8,34.6,48.2
155,Gabe Vincent,MIA,63,26.1,3.5,1.2,3.4,34.6,1.1,3.3,34.3,51.4
156,Garrett Temple,NOP,24,6.6,1.1,0.4,0.9,42.9,0.4,0.8,45.0,64.3
157,Garrison Mathews,ATL,52,12.7,2.9,1.0,2.7,35.5,0.9,2.7,35.3,52.8
158,Gary Harris,ORL,46,24.8,5.1,1.7,3.9,43.3,1.7,3.9,43.3,65.0
159,Gary Payton II,GSW,18,16.5,1.8,0.6,1.2,52.4,0.6,1.2,52.4,78.6
160,Gary Trent Jr.,TOR,63,32.6,5.9,2.0,4.9,40.4,1.9,4.7,40.8,60.3
161,George Hill,IND,44,18.0,1.7,0.6,1.5,38.5,0.5,1.5,37.5,56.9
162,Georges Niang,PHI,74,19.4,5.8,1.9,4.6,41.6,1.9,4.6,41.3,62.1
163,Giannis Antetokounmpo,MIL,61,32.1,1.1,0.4,1.3,29.5,0.4,1.1,32.4,43.6
164,Goga Bitadze,ORL,33,10.8,0.4,0.2,0.7,22.7,0.1,0.6,21.1,31.8
165,Goran Dragic,MIL,54,15.0,2.3,0.8,1.8,43.8,0.8,1.7,44.7,65.6
166,Gordon Hayward,CHA,50,31.5,3.2,1.2,3.3,35.3,0.8,2.5,33.3,47.6
167,Gorgui Dieng,SAS,28,10.5,1.7,0.6,1.8,34.0,0.5,1.6,31.1,48.0
168,Grant Williams,BOS,75,26.3,3.6,1.2,3.0,39.5,1.2,3.0,39.4,59.0
169,Grayson Allen,MIL,71,27.5,4.6,1.5,3.7,42.0,1.5,3.7,41.8,62.8
170,Greg Brown III,POR,16,5.8,0.2,0.1,0.4,14.3,0.1,0.4,16.7,21.4
171,Hamidou Diallo,DET,56,17.8,0.4,0.2,0.5,33.3,0.1,0.3,17.6,38.9
172,Harrison Barnes,SAC,77,32.7,4.1,1.4,3.7,36.8,1.3,3.6,36.3,54.7
173,Haywood Highsmith,MIA,51,17.5,2.1,0.7,2.0,35.3,0.7,1.9,35.1,52.0
174,Herbert Jones,NOP,61,29.1,2.4,0.8,2.7,29.5,0.8,2.4,30.9,43.4
175,Immanuel Quickley,NYK,77,28.6,3.4,1.1,3.0,37.6,1.1,2.9,37.6,55.8
176,Isaac Okoro,CLE,76,21.7,2.3,0.8,2.1,36.6,0.8,2.1,36.6,55.0
177,Isaiah Hartenstein,NYK,78,19.9,0.7,0.3,0.9,30.6,0.1,0.5,21.6,36.1
178,Isaiah Jackson,IND,59,16.0,0.2,0.1,0.3,22.2,0.0,0.2,16.7,27.8
179,Isaiah Joe,OKC,70,18.9,5.4,1.8,4.2,42.1,1.8,4.2,42.7,63.1
180,Isaiah Livers,DET,50,22.9,3.5,1.2,3.5,34.1,1.1,3.4,33.7,50.6
181,Isaiah Mobley,CLE,10,3.3,0.3,0.1,0.3,33.3,0.1,0.3,33.3,50.0
182,Isaiah Roby,SAS,42,11.3,1.0,0.4,1.1,31.9,0.3,1.0,31.8,46.8
183,Isaiah Stewart,DET,50,28.3,4.3,1.5,4.0,36.3,1.3,3.9,34.7,53.0
184,Isaiah Todd,WAS,4,3.1,0.0,0.0,0.8,0.0,0.0,0.8,0.0,0.0
185,Ish Smith,DEN,40,8.6,0.2,0.1,0.1,40.0,0.1,0.1,40.0,60.0
186,Ish Wainright,PHX,55,15.3,2.7,0.9,2.7,34.2,0.9,2.6,34.5,51.4
187,Ivica Zubac,LAC,72,28.6,0.1,0.0,0.1,20.0,0.0,0.0,0.0,20.0
188,JD Davison,BOS,10,2.7,0.5,0.2,0.5,40.0,0.1,0.4,25.0,50.0
189,JT Thor,CHA,65,12.9,1.5,0.5,1.7,31.5,0.5,1.5,31.3,45.8
190,Ja Morant,MEM,58,32.0,1.6,0.5,1.6,34.4,0.5,1.5,34.1,51.1
191,JaMychal Green,GSW,56,14.0,2.4,0.8,2.1,39.2,0.8,1.9,38.9,56.7
192,JaVale McGee,DAL,39,8.1,0.1,0.0,0.1,50.0,0.0,0.1,50.0,75.0
193,Jabari Smith Jr.,HOU,75,30.9,3.9,1.3,4.4,30.3,1.2,4.1,29.1,43.9
194,Jabari Walker,POR,51,10.0,0.8,0.3,1.0,30.6,0.2,0.7,28.9,41.8
195,Jack White,DEN,16,3.2,0.6,0.2,0.5,37.5,0.2,0.5,37.5,56.3
196,Jaden Hardy,DAL,43,14.7,2.7,0.9,2.1,42.4,0.9,2.1,42.4,63.6
197,Jaden Ivey,DET,69,30.7,2.7,0.9,2.4,37.2,0.9,2.3,37.9,55.8
198,Jaden McDaniels,MIN,75,30.7,3.8,1.3,3.3,39.0,1.2,3.2,38.7,57.7
199,Jaden Springer,PHI,14,3.8,0.1,0.1,0.2,33.3,0.0,0.1,0.0,33.3
200,Jae Crowder,MIL,13,18.0,2.1,0.7,2.0,34.6,0.7,1.9,36.0,51.9
201,Jae'Sean Tate,HOU,31,21.9,1.1,0.4,1.3,27.5,0.4,1.3,27.5,41.3
202,Jake LaRavia,MEM,34,12.1,1.9,0.6,1.8,36.7,0.6,1.8,36.7,55.0
203,Jakob Poeltl,TOR,67,26.9,1.0,0.5,1.0,50.0,0.0,0.0,-,50.0
204,Jalen Brunson,NYK,67,34.9,2.7,0.9,1.9,48.0,0.9,1.9,47.2,71.3
205,Jalen Duren,DET,62,24.5,0.0,0.0,0.1,14.3,0.0,0.0,0.0,14.3
206,Jalen Green,HOU,72,34.1,3.6,1.2,3.3,36.3,1.2,3.2,36.2,53.5
207,Jalen Johnson,ATL,65,14.4,1.1,0.4,1.4,27.3,0.4,1.3,29.3,40.9
208,Jalen McDaniels,PHI,75,24.0,2.9,1.0,2.9,33.9,0.9,2.8,32.7,49.8
209,Jalen Smith,IND,66,18.6,2.4,0.8,3.1,26.7,0.7,2.7,26.5,38.6
210,Jalen Suggs,ORL,48,23.7,2.1,0.7,2.2,32.7,0.7,2.0,32.7,48.1
211,Jalen Williams,OKC,72,30.3,2.5,0.8,2.3,36.1,0.8,2.3,35.8,53.6
212,Jamal Cain,MIA,15,12.4,0.5,0.2,0.9,23.1,0.1,0.8,16.7,30.8
213,Jamal Murray,DEN,62,33.1,3.5,1.2,2.9,40.2,1.1,2.8,40.6,60.1
214,Jamaree Bouyea,WAS,5,14.1,0.0,0.0,0.4,0.0,0.0,0.4,0.0,0.0
215,James Bouknight,CHA,30,13.8,1.6,0.5,1.7,32.0,0.5,1.6,32.7,48.0
216,James Harden,PHI,55,37.0,2.3,0.8,1.8,42.6,0.8,1.8,42.0,63.4
217,James Johnson,IND,16,8.6,0.4,0.1,0.6,22.2,0.1,0.6,22.2,33.3
218,James Wiseman,DET,40,18.8,0.6,0.3,0.8,34.4,0.1,0.4,21.4,39.1
219,Jared Butler,OKC,3,8.9,0.0,0.0,0.7,0.0,0.0,0.7,0.0,0.0
220,Jared Rhoden,DET,9,10.0,0.7,0.2,1.0,22.2,0.2,1.0,22.2,33.3
221,Jaren Jackson Jr.,MEM,59,28.1,4.2,1.4,4.1,33.7,1.4,4.0,34.0,50.4
222,Jarred Vanderbilt,LAL,73,24.5,1.1,0.4,1.2,30.8,0.4,1.1,31.7,45.1
223,Jarrell Brantley,UTA,4,9.7,3.0,1.0,2.0,50.0,1.0,2.0,50.0,75.0
224,Jarrett Allen,CLE,65,33.0,0.6,0.3,0.9,32.8,0.0,0.1,11.1,33.6
225,Jarrett Culver,ATL,10,13.7,0.3,0.1,1.2,8.3,0.1,1.0,10.0,12.5
226,Jason Preston,LAC,13,9.4,0.9,0.3,1.1,28.6,0.3,1.1,28.6,42.9
227,Javonte Green,CHI,31,15.1,1.2,0.4,1.1,36.4,0.4,1.1,36.4,54.5
228,Jaxson Hayes,NOP,46,13.2,0.2,0.1,0.7,13.3,0.1,0.6,10.3,18.3
229,Jay Huff,WAS,3,4.1,0.0,0.0,0.3,0.0,0.0,0.3,0.0,0.0
230,Jaylen Brown,BOS,66,35.8,4.7,1.6,4.8,34.0,1.5,4.4,33.7,49.2
231,Jaylen Nowell,MIN,65,19.3,2.0,0.7,2.3,30.6,0.6,2.1,28.3,43.9
232,Jaylin Williams,OKC,46,18.5,3.2,1.2,3.0,39.6,0.8,2.2,38.6,53.6
233,Jayson Tatum,BOS,72,37.1,5.6,1.9,4.7,41.2,1.7,4.2,40.7,59.6
234,Jeff Dowtin Jr.,TOR,23,10.3,0.5,0.2,0.6,30.8,0.2,0.6,30.8,46.2
235,Jeff Green,DEN,52,19.5,1.3,0.5,1.6,28.6,0.4,1.5,27.6,41.1
236,Jerami Grant,POR,63,35.6,6.4,2.2,5.5,39.2,2.0,5.2,39.3,57.8
237,Jeremiah Robinson-Earl,OKC,41,18.8,2.7,0.9,2.8,33.3,0.8,2.5,33.0,48.2
238,Jeremy Sochan,SAS,56,26.0,1.8,0.6,2.4,25.7,0.5,2.1,23.7,36.0
239,Jericho Sims,NYK,50,15.6,0.1,0.0,0.1,66.7,0.0,0.0,-,66.7
240,Jevon Carter,MIL,77,22.3,3.2,1.1,2.5,43.3,1.1,2.4,44.1,64.4
241,Jimmy Butler,MIA,61,33.4,1.1,0.4,1.1,36.9,0.3,0.9,32.1,50.0
242,Jock Landale,PHX,65,14.1,1.2,0.4,1.5,30.5,0.3,1.2,25.6,41.1
243,Joe Harris,BKN,70,21.0,5.1,1.7,4.0,43.0,1.7,3.9,43.0,63.9
244,Joe Ingles,MIL,42,22.7,3.3,1.1,3.0,36.5,1.1,3.0,36.8,54.8
245,Joe Wieskamp,TOR,5,5.9,1.8,0.6,1.2,50.0,0.6,1.2,50.0,75.0
246,Joel Embiid,PHI,63,34.7,4.2,1.7,3.6,47.3,0.8,1.8,41.4,58.0
247,John Butler Jr.,POR,14,7.0,0.2,0.1,0.9,7.7,0.1,0.9,7.7,11.5
248,John Collins,ATL,67,30.1,3.3,1.2,3.8,32.0,0.9,3.2,27.6,43.9
249,John Konchar,MEM,67,20.8,2.4,0.8,2.3,34.6,0.8,2.2,34.7,51.3
250,John Wall,LAC,34,22.2,2.6,0.9,2.5,34.9,0.9,2.5,35.3,52.3
251,Johnny Davis,WAS,23,10.6,0.9,0.3,1.2,25.0,0.3,1.2,25.0,37.5
252,Johnny Juzang,UTA,15,12.4,2.0,0.7,2.6,25.6,0.7,2.5,26.3,38.5
253,Jonas Valanciunas,NOP,74,25.0,2.4,1.0,2.5,38.3,0.5,1.4,35.6,47.9
254,Jonathan Isaac,ORL,11,11.3,2.4,0.9,1.9,47.6,0.5,1.3,42.9,61.9
255,Jonathan Kuminga,GSW,63,20.8,2.2,0.8,2.1,36.6,0.7,1.9,36.1,52.6
256,Jordan Clarkson,UTA,61,32.6,4.1,1.4,4.1,33.9,1.3,4.0,33.9,50.4
257,Jordan Goodwin,WAS,57,17.1,1.2,0.4,1.2,35.3,0.4,1.1,35.4,52.2
258,Jordan Hall,SAS,9,9.2,0.6,0.2,1.6,14.3,0.1,1.3,8.3,17.9
259,Jordan McLaughlin,MIN,40,15.8,1.1,0.4,1.3,26.9,0.4,1.3,26.9,40.4
260,Jordan Nwora,IND,58,18.6,3.3,1.1,2.6,42.7,1.1,2.5,43.5,64.0
261,Jordan Poole,GSW,78,30.4,4.6,1.6,4.3,36.1,1.5,4.2,36.4,53.7
262,Jordan Schakel,WAS,2,3.1,0.0,0.0,0.0,-,0.0,0.0,-,-
263,Jose Alvarado,NOP,61,21.5,3.5,1.2,3.5,33.3,1.2,3.5,33.5,50.0
264,Josh Christopher,HOU,60,11.7,0.5,0.2,0.8,23.9,0.2,0.7,22.7,34.8
265,Josh Giddey,OKC,73,31.1,2.8,1.0,2.7,35.5,0.8,2.5,33.7,51.0
266,Josh Green,DAL,57,25.4,3.4,1.1,2.7,42.2,1.1,2.7,41.4,62.7
267,Josh Hart,NYK,72,32.4,2.5,0.8,2.0,41.1,0.8,2.0,41.8,61.3
268,Josh Minott,MIN,14,6.5,0.4,0.1,0.4,40.0,0.1,0.4,40.0,60.0
269,Josh Okogie,PHX,67,18.2,2.4,0.8,2.3,35.7,0.8,2.2,35.3,52.9
270,Josh Richardson,NOP,60,23.8,4.7,1.6,4.2,38.0,1.5,4.0,37.2,55.8
271,Joshua Primo,SAS,4,23.3,1.5,0.5,2.3,22.2,0.5,2.3,22.2,33.3
272,Jrue Holiday,MIL,64,32.5,2.5,0.8,1.8,44.9,0.8,1.8,45.1,66.5
273,Juan Toscano-Anderson,UTA,47,12.6,0.5,0.2,0.6,30.0,0.1,0.6,25.9,41.7
274,Juancho Hernangomez,TOR,42,14.6,1.2,0.4,1.5,26.2,0.4,1.5,26.6,39.2
275,Julian Champagnie,SAS,12,14.5,3.3,1.1,3.3,33.3,1.1,3.3,33.3,50.0
276,Julius Randle,NYK,77,35.5,5.2,1.8,5.1,34.9,1.7,4.9,34.5,51.4
277,Justin Champagnie,TOR,3,3.6,0.0,0.0,0.0,-,-,-,-,-
278,Justin Holiday,DAL,43,15.2,2.6,0.9,2.6,33.6,0.9,2.6,33.6,50.0
279,Justin Jackson,BOS,23,4.7,0.5,0.2,0.8,22.2,0.2,0.8,22.2,33.3
280,Justise Winslow,POR,29,26.8,1.5,0.5,1.8,29.4,0.5,1.5,31.8,43.1
281,Jusuf Nurkic,POR,52,26.8,2.5,0.8,2.3,36.4,0.8,2.2,36.0,53.3
282,KZ Okpala,SAC,35,7.1,0.6,0.2,0.6,33.3,0.2,0.6,33.3,50.0
283,Kai Jones,CHA,42,10.9,0.2,0.1,0.3,23.1,0.1,0.3,25.0,34.6
284,Karl-Anthony Towns,MIN,25,33.5,5.8,2.0,5.3,37.6,1.8,4.9,35.8,54.1
285,Kawhi Leonard,LAC,48,33.3,3.9,1.4,3.1,44.4,1.1,2.5,41.8,61.3
286,Keegan Murray,SAC,75,29.6,7.2,2.4,5.9,41.0,2.4,5.8,41.1,61.1
287,Keita Bates-Diop,SAS,62,21.3,2.2,0.7,1.9,39.0,0.7,1.9,39.7,58.5
288,Keldon Johnson,SAS,62,32.8,5.3,1.8,5.1,35.2,1.8,5.0,35.0,52.5
289,Kelly Olynyk,UTA,64,28.3,3.7,1.3,3.2,39.1,1.2,3.1,38.4,57.5
290,Kelly Oubre Jr.,CHA,48,32.2,5.5,1.9,5.7,32.5,1.8,5.5,32.3,48.0
291,Kemba Walker,DAL,9,16.0,0.2,0.1,0.9,12.5,0.0,0.8,0.0,12.5
292,Kendall Brown,IND,6,6.7,0.0,0.0,0.2,0.0,0.0,0.2,0.0,0.0
293,Kendrick Nunn,WAS,65,13.3,1.9,0.6,2.0,33.1,0.6,1.9,31.7,48.4
294,Kennedy Chandler,MEM,33,8.1,0.2,0.1,0.3,18.2,0.1,0.3,18.2,27.3
295,Kenneth Lofton Jr.,MEM,19,5.5,0.7,0.3,0.9,29.4,0.2,0.5,40.0,41.2
296,Kenrich Williams,OKC,53,22.8,2.9,1.0,2.4,42.5,0.9,2.2,39.0,60.6
297,Kentavious Caldwell-Pope,DEN,73,31.6,5.0,1.7,3.9,44.5,1.5,3.5,43.9,64.3
298,Kenyon Martin Jr.,HOU,78,27.9,2.6,0.9,2.7,32.2,0.9,2.7,32.4,48.3
299,Keon Ellis,SAC,13,3.9,0.7,0.2,0.5,50.0,0.2,0.5,50.0,75.0
300,Keon Johnson,POR,40,10.4,1.1,0.4,1.2,31.9,0.4,1.2,31.9,47.9
301,Kessler Edwards,SAC,31,10.0,1.5,0.5,1.4,34.1,0.5,1.4,34.9,51.1
302,Kevin Durant,PHX,44,35.5,4.3,1.6,3.5,45.8,1.0,2.5,41.3,60.3
303,Kevin Huerter,SAC,71,29.5,5.6,1.9,4.8,40.2,1.8,4.6,39.2,58.8
304,Kevin Knox II,POR,58,13.9,2.4,0.8,2.3,35.1,0.8,2.3,35.3,52.6
305,Kevin Love,MIA,58,20.3,4.2,1.4,4.3,34.0,1.3,3.9,33.9,49.6
306,Kevin Porter Jr.,HOU,56,34.2,2.4,0.8,2.0,41.1,0.8,1.9,42.1,61.2
307,Kevon Harris,ORL,31,12.3,0.9,0.3,0.7,39.1,0.3,0.7,39.1,58.7
308,Kevon Looney,GSW,78,23.8,0.3,0.2,0.3,50.0,0.0,0.0,0.0,50.0
309,Khem Birch,SAS,20,8.1,0.3,0.1,0.3,40.0,0.1,0.1,50.0,50.0
310,Khris Middleton,MIL,31,24.5,2.5,0.9,2.8,30.7,0.7,2.5,30.3,43.8
311,Killian Hayes,DET,71,27.7,2.3,0.8,2.5,30.9,0.7,2.4,29.6,44.8
312,Kira Lewis Jr.,NOP,24,9.7,1.5,0.5,1.2,41.4,0.5,1.2,42.9,62.1
313,Klay Thompson,GSW,66,33.1,10.3,3.6,8.6,41.2,3.2,7.7,41.3,59.6
314,Kobi Simmons,CHA,1,4.0,0.0,0.0,1.0,0.0,0.0,1.0,0.0,0.0
315,Kris Dunn,UTA,17,23.6,1.9,0.6,1.6,40.7,0.6,1.5,42.3,61.1
316,Kristaps Porzingis,WAS,65,32.6,6.2,2.2,5.4,39.9,1.9,4.7,39.3,57.1
317,Kyle Anderson,MIN,65,28.2,1.8,0.6,1.4,44.7,0.5,1.2,42.3,62.2
318,Kyle Kuzma,WAS,64,35.0,5.3,1.8,5.3,33.6,1.7,5.1,33.8,49.9
319,Kyle Lowry,MIA,51,32.1,3.8,1.3,3.6,34.4,1.3,3.6,34.6,51.6
320,Kyrie Irving,DAL,57,37.0,3.9,1.4,3.5,38.1,1.2,3.2,37.9,55.2
321,LaMelo Ball,CHA,36,35.2,6.7,2.2,5.5,40.2,2.2,5.5,40.4,60.3
322,Lamar Stevens,CLE,58,18.1,1.5,0.5,1.5,32.6,0.5,1.5,31.8,47.8
323,Landry Shamet,PHX,35,21.0,4.3,1.5,3.6,40.8,1.4,3.5,40.7,60.8
324,Larry Nance Jr.,NOP,60,21.2,1.1,0.4,1.1,39.1,0.2,0.7,34.1,50.0
325,Lauri Markkanen,UTA,65,34.4,8.6,2.9,7.0,41.2,2.8,6.8,41.0,61.2
326,LeBron James,LAL,50,35.8,4.0,1.4,3.9,36.2,1.2,3.4,34.5,51.0
327,Leandro Bolmaro,UTA,14,4.9,0.0,0.0,0.3,0.0,0.0,0.3,0.0,0.0
328,Lester Quinones,GSW,1,1.5,0.0,0.0,0.0,-,0.0,0.0,-,-
329,Lindell Wigginton,MIL,5,3.6,0.0,0.0,0.6,0.0,0.0,0.6,0.0,0.0
330,Lindy Waters III,OKC,38,12.9,3.7,1.2,3.3,37.9,1.2,3.3,37.9,56.9
331,Lonnie Walker IV,LAL,54,23.8,4.3,1.4,3.8,38.2,1.4,3.7,37.7,56.6
332,Luguentz Dort,OKC,71,30.7,4.6,1.5,4.6,33.4,1.5,4.6,33.6,50.2
333,Luka Doncic,DAL,62,36.3,1.2,0.4,1.0,41.3,0.4,1.0,40.3,61.1
334,Luka Garza,MIN,26,9.0,1.8,0.6,1.6,38.1,0.5,1.5,36.8,54.8
335,Luka Samanic,UTA,2,18.6,1.5,0.5,3.0,16.7,0.5,3.0,16.7,25.0
336,Luke Kennard,MEM,56,21.8,5.5,1.9,3.6,52.0,1.8,3.5,51.8,77.3
337,Luke Kornet,BOS,65,11.4,0.1,0.0,0.2,18.2,0.0,0.1,22.2,27.3
338,Malachi Flynn,TOR,49,13.1,2.1,0.7,1.8,38.2,0.7,1.8,38.2,57.3
339,Malaki Branham,SAS,61,23.2,3.0,1.0,3.1,32.4,1.0,3.0,32.8,48.1
340,Malcolm Brogdon,BOS,65,25.9,3.2,1.1,2.4,43.9,1.0,2.4,43.9,65.6
341,Malcolm Hill,CHI,5,1.8,0.6,0.2,0.6,33.3,0.2,0.6,33.3,50.0
342,Malik Beasley,LAL,76,26.1,6.6,2.3,6.2,36.2,2.1,6.0,35.7,53.3
343,Malik Monk,SAC,74,22.4,3.9,1.3,3.4,37.7,1.3,3.4,37.8,56.5
344,Mamadi Diakite,CLE,20,6.8,0.6,0.2,0.9,23.5,0.2,0.8,26.7,35.3
345,MarJon Beauchamp,MIL,47,13.0,1.9,0.6,2.0,31.3,0.6,2.0,32.3,46.9
346,Marcus Morris Sr.,LAC,65,28.1,4.4,1.5,4.1,36.3,1.4,4.0,36.6,53.9
347,Marcus Smart,BOS,60,32.1,4.7,1.6,4.5,34.7,1.5,4.5,34.5,51.7
348,Mark Williams,CHA,40,18.6,0.2,0.1,0.3,40.0,-,-,-,40.0
349,Markelle Fultz,ORL,56,30.2,1.1,0.4,1.2,30.4,0.3,1.2,29.2,44.2
350,Markieff Morris,DAL,33,9.7,2.2,0.8,1.8,41.0,0.7,1.7,40.0,59.0
351,Marko Simonovic,CHI,4,2.2,0.0,0.0,0.5,0.0,0.0,0.3,0.0,0.0
352,Marvin Bagley III,DET,39,24.1,1.6,0.6,1.8,35.7,0.4,1.3,28.0,45.7
353,Mason Plumlee,LAC,75,26.4,0.1,0.0,0.1,42.9,-,-,-,42.9
354,Matisse Thybulle,POR,70,16.7,2.1,0.7,1.9,36.3,0.7,1.9,36.3,54.4
355,Matt Ryan,MIN,33,9.3,2.7,0.9,2.4,38.0,0.9,2.3,38.7,56.3
356,Matthew Dellavedova,SAC,32,6.6,0.7,0.2,0.7,31.8,0.2,0.7,31.8,47.7
357,Max Christie,LAL,38,13.3,1.9,0.6,1.6,40.0,0.6,1.6,40.7,60.0
358,Max Strus,MIA,75,28.7,6.5,2.2,6.0,35.8,2.1,6.0,35.6,53.5
359,Maxi Kleber,DAL,34,25.9,3.3,1.1,3.1,36.2,1.1,3.0,36.3,53.8
360,McKinley Wright IV,DAL,25,11.3,0.6,0.2,0.6,35.7,0.2,0.6,35.7,53.6
361,Meyers Leonard,MIL,6,8.5,2.5,0.8,1.8,45.5,0.8,1.7,50.0,68.2
362,Mfiondu Kabengele,BOS,2,7.0,0.0,0.0,0.5,0.0,0.0,0.5,0.0,0.0
363,Micah Potter,UTA,5,5.4,1.2,0.4,0.6,66.7,0.4,0.6,66.7,100
364,Michael Foster Jr.,PHI,1,1.0,0.0,0.0,0.0,-,-,-,-,-
365,Michael Porter Jr.,DEN,59,29.0,7.8,2.7,5.9,46.3,2.3,5.3,44.1,66.1
366,Mikal Bridges,BKN,78,36.0,5.7,2.0,4.9,40.2,1.7,4.3,40.8,58.0
367,Mike Conley,MIN,63,30.2,3.0,1.0,2.3,44.4,1.0,2.2,43.8,65.5
368,Mike Muscala,BOS,59,14.3,3.9,1.4,3.5,39.3,1.1,3.0,36.9,55.3
369,Miles McBride,NYK,60,11.8,1.7,0.6,1.7,34.0,0.6,1.7,33.3,50.0
370,Mitchell Robinson,NYK,56,26.9,0.0,0.0,0.0,-,-,-,-,-
371,Mo Bamba,LAL,47,16.2,3.2,1.1,2.6,41.9,1.0,2.4,40.9,60.9
372,Monte Morris,WAS,62,27.4,2.6,0.9,2.2,39.1,0.8,2.1,38.6,57.6
373,Montrezl Harrell,PHI,53,12.0,0.0,0.0,0.1,14.3,0.0,0.1,0.0,14.3
374,Moritz Wagner,ORL,54,19.6,2.6,0.9,2.8,31.3,0.8,2.7,30.4,46.3
375,Moses Brown,BKN,36,8.2,0.0,0.0,0.0,-,-,-,-,-
376,Moses Moody,GSW,60,12.5,1.9,0.6,1.8,33.9,0.6,1.8,34.6,50.9
377,Moussa Diabate,LAC,21,9.2,0.1,0.0,0.1,50.0,0.0,0.1,50.0,75.0
378,Myles Turner,IND,62,29.4,4.7,1.7,4.3,39.4,1.3,3.6,37.1,55.1
379,Naji Marshall,NOP,72,24.0,2.6,0.9,2.7,32.6,0.9,2.7,32.3,48.7
380,Nassir Little,POR,54,18.1,2.4,0.8,2.2,35.8,0.8,2.2,35.8,53.8
381,Nathan Knight,MIN,36,7.9,0.6,0.2,0.5,38.9,0.2,0.5,38.9,58.3
382,Naz Reid,MIN,68,18.4,3.2,1.1,2.9,36.0,1.1,2.9,36.4,54.0
383,Neemias Queta,SAC,4,6.1,0.0,0.0,0.0,-,-,-,-,-
384,Nerlens Noel,BKN,17,11.5,0.6,0.3,0.8,35.7,0.1,0.1,50.0,39.3
385,Nic Claxton,BKN,72,29.7,0.1,0.0,0.1,37.5,0.0,0.0,0.0,37.5
386,Nick Richards,CHA,62,18.6,0.2,0.1,0.2,50.0,0.0,0.0,100,55.0
387,Nickeil Alexander-Walker,MIN,55,15.1,2.0,0.7,1.8,37.0,0.7,1.8,36.4,55.0
388,Nicolas Batum,LAC,74,21.8,4.6,1.6,4.0,38.7,1.5,3.9,39.0,57.7
389,Nikola Jokic,DEN,67,33.9,3.2,1.3,2.6,49.4,0.6,1.5,38.2,60.5
390,Nikola Jovic,MIA,15,13.6,2.0,0.7,2.7,26.8,0.5,2.3,22.9,36.6
391,Nikola Vucevic,CHI,77,33.8,6.6,2.5,6.3,40.4,1.5,4.3,35.9,52.6
392,Noah Vonleh,BOS,23,7.5,0.1,0.0,0.1,33.3,0.0,0.1,33.3,50.0
393,Norman Powell,LAC,56,25.7,4.6,1.5,3.5,43.4,1.5,3.3,44.4,64.4
394,O.G. Anunoby,TOR,63,35.7,5.9,2.0,4.8,42.0,1.9,4.7,41.0,62.2
395,Obi Toppin,NYK,63,14.5,3.2,1.1,3.1,34.5,1.0,3.1,34.0,51.3
396,Ochai Agbaji,UTA,54,19.4,3.7,1.2,3.2,38.6,1.2,3.1,38.8,57.9
397,Olivier Sarr,OKC,6,11.2,0.5,0.2,1.0,16.7,0.2,1.0,16.7,25.0
398,Omer Yurtseven,MIA,6,6.2,0.0,0.0,0.2,0.0,0.0,0.2,0.0,0.0
399,Onyeka Okongwu,ATL,75,23.2,0.7,0.3,0.8,43.1,0.0,0.1,28.6,44.8
400,Orlando Robinson,MIA,29,13.7,0.0,0.0,0.3,0.0,0.0,0.2,0.0,0.0
401,Oshae Brissett,IND,61,16.5,2.2,0.7,2.2,32.1,0.7,2.2,32.1,48.2
402,Otto Porter Jr.,TOR,8,18.3,2.3,0.8,2.0,37.5,0.8,2.0,37.5,56.3
403,Ousmane Dieng,OKC,35,14.5,2.0,0.7,2.3,29.1,0.7,2.2,29.5,43.7
404,P.J. Tucker,PHI,72,25.6,2.2,0.8,1.9,39.9,0.7,1.8,38.5,58.0
405,P.J. Washington,CHA,73,32.6,5.1,1.7,5.1,34.0,1.7,4.9,33.9,50.3
406,PJ Dozier,SAC,12,2.6,0.0,0.0,0.3,0.0,0.0,0.3,0.0,0.0
407,Paolo Banchero,ORL,70,33.8,2.3,0.8,2.2,34.4,0.7,2.1,33.8,50.3
408,Pascal Siakam,TOR,67,37.5,3.2,1.1,3.3,33.0,1.0,3.0,34.5,48.4
409,Pat Connaughton,MIL,59,24.3,5.2,1.7,5.2,33.6,1.7,5.2,33.3,50.2
410,Patrick Baldwin Jr.,GSW,28,7.6,3.1,1.0,2.8,37.2,1.0,2.7,37.3,55.1
411,Patrick Beverley,CHI,63,27.1,3.0,1.0,2.9,34.1,1.0,2.9,34.2,51.1
412,Patrick Williams,CHI,77,28.3,3.9,1.3,3.2,42.0,1.3,3.1,41.7,62.1
413,Patty Mills,BKN,39,13.6,2.7,0.9,2.5,36.1,0.9,2.4,35.8,53.6
414,Paul George,LAC,56,34.6,4.8,1.7,4.3,38.8,1.4,3.8,38.4,55.6
415,Paul Reed,PHI,64,10.5,0.2,0.1,0.3,29.4,0.0,0.1,0.0,29.4
416,Payton Pritchard,BOS,46,12.5,2.2,0.7,2.0,36.6,0.7,2.0,36.3,54.3
417,Peyton Watson,DEN,18,4.4,0.8,0.3,0.4,62.5,0.3,0.4,62.5,93.8
418,Precious Achiuwa,TOR,50,20.8,1.4,0.5,1.9,25.8,0.4,1.7,25.3,36.6
419,Quentin Grimes,NYK,67,29.4,5.7,1.9,4.7,39.9,1.9,4.7,39.7,59.6
420,Quenton Jackson,WAS,4,2.9,0.8,0.3,0.8,33.3,0.3,0.8,33.3,50.0
421,R.J. Hampton,DET,42,15.3,2.2,0.7,2.0,37.8,0.7,1.9,38.8,56.7
422,RJ Barrett,NYK,71,33.8,4.7,1.6,4.8,33.6,1.5,4.6,33.4,49.7
423,Raul Neto,CLE,46,10.0,0.7,0.2,0.7,32.3,0.2,0.7,32.3,48.4
424,Reggie Bullock,DAL,74,30.7,5.8,1.9,5.0,39.0,1.9,4.9,39.4,58.4
425,Reggie Jackson,DEN,63,24.7,3.4,1.1,3.0,38.5,1.1,2.9,37.7,57.0
426,Richaun Holmes,SAC,39,8.3,0.7,0.3,0.4,64.7,0.1,0.2,66.7,76.5
427,Ricky Rubio,CLE,29,17.0,1.6,0.5,1.8,28.8,0.5,1.8,29.4,43.3
428,Robert Covington,LAC,45,16.4,3.2,1.1,2.7,39.3,1.1,2.7,39.3,59.0
429,Robert Williams III,BOS,33,23.2,0.2,0.1,0.2,50.0,0.0,0.0,0.0,50.0
430,Robin Lopez,CLE,35,7.5,0.2,0.1,0.1,75.0,0.1,0.1,66.7,100
431,Rodney McGruder,DET,32,16.4,3.1,1.0,2.6,39.3,1.0,2.6,39.8,58.9
432,Romeo Langford,SAS,39,20.1,1.3,0.4,1.4,32.1,0.4,1.3,30.8,47.2
433,Ron Harper Jr.,TOR,5,3.3,1.2,0.4,0.8,50.0,0.4,0.8,50.0,75.0
434,Royce O'Neale,BKN,72,31.8,5.5,1.8,4.6,39.8,1.8,4.6,39.9,59.7
435,Rudy Gay,UTA,56,14.6,1.6,0.6,2.1,27.6,0.5,1.9,24.8,39.2
436,Rudy Gobert,MIN,66,30.9,0.2,0.1,0.2,41.7,0.0,0.0,0.0,41.7
437,Rui Hachimura,LAL,58,23.3,2.8,1.0,2.8,35.6,0.8,2.5,33.6,50.3
438,Russell Westbrook,LAC,69,29.0,2.1,0.7,2.3,30.2,0.7,2.3,30.6,45.4
439,Ryan Arcidiacono,POR,20,8.6,1.1,0.4,0.9,38.9,0.4,0.9,38.9,58.3
440,Ryan Rollins,GSW,12,5.2,0.8,0.3,0.6,42.9,0.3,0.6,42.9,64.3
441,Saben Lee,PHX,22,13.7,0.8,0.3,0.5,50.0,0.3,0.5,50.0,75.0
442,Saddiq Bey,ATL,72,27.6,4.7,1.6,4.1,38.7,1.5,3.9,38.8,57.4
443,Sam Hauser,BOS,76,15.6,4.6,1.5,3.6,42.5,1.5,3.6,42.6,63.6
444,Sam Merrill,CLE,3,3.6,0.0,0.0,0.7,0.0,0.0,0.7,0.0,0.0
445,Sandro Mamukelashvili,SAS,38,14.1,1.7,0.6,2.2,26.8,0.6,2.1,27.5,40.2
446,Santi Aldama,MEM,74,22.1,3.5,1.2,3.2,37.4,1.1,3.1,36.4,55.0
447,Scottie Barnes,TOR,72,35.0,2.1,0.7,2.5,29.4,0.7,2.1,30.9,42.7
448,Scotty Pippen Jr.,LAL,6,5.3,0.0,0.0,0.2,0.0,0.0,0.2,0.0,0.0
449,Serge Ibaka,MIL,16,11.6,0.9,0.3,1.1,27.8,0.3,1.1,29.4,41.7
450,Seth Curry,BKN,57,20.5,3.5,1.2,3.0,40.8,1.1,2.7,40.3,59.2
451,Shaedon Sharpe,POR,76,21.7,2.7,0.9,2.0,45.4,0.9,1.9,45.9,67.4
452,Shai Gilgeous-Alexander,OKC,65,35.5,0.8,0.3,0.9,35.7,0.2,0.7,31.9,49.1
453,Shake Milton,PHI,72,20.2,2.0,0.7,1.6,43.1,0.6,1.6,41.1,62.9
454,Shaquille Harrison,POR,1,24.3,6.0,2.0,2.0,100,2.0,2.0,100,150.0
455,Simone Fontecchio,UTA,47,13.9,2.9,1.0,2.8,35.4,1.0,2.7,35.7,53.1
456,Skylar Mays,POR,1,30.1,6.0,2.0,5.0,40.0,2.0,5.0,40.0,60.0
457,Spencer Dinwiddie,BKN,75,34.5,3.4,1.1,2.7,42.1,1.1,2.6,42.4,62.9
458,Stanley Johnson,SAS,30,15.6,1.6,0.6,1.2,47.2,0.5,1.1,45.5,68.1
459,Stanley Umude,DET,1,2.1,0.0,0.0,1.0,0.0,0.0,1.0,0.0,0.0
460,Stephen Curry,GSW,52,34.9,6.5,2.2,5.2,41.9,2.1,5.1,41.8,62.1
461,Sterling Brown,LAL,4,6.1,0.0,0.0,0.5,0.0,0.0,0.5,0.0,0.0
462,Steven Adams,MEM,42,27.0,0.1,0.0,0.1,33.3,0.0,0.0,0.0,33.3
463,Svi Mykhailiuk,CHA,28,12.0,2.3,0.8,1.6,48.9,0.8,1.5,48.8,72.2
464,T.J. McConnell,IND,73,20.3,0.6,0.2,0.7,33.3,0.2,0.5,32.5,46.9
465,T.J. Warren,PHX,40,16.6,1.8,0.7,1.7,40.9,0.5,1.3,35.8,55.3
466,Taj Gibson,WAS,48,9.7,0.6,0.3,0.8,32.4,0.1,0.4,22.2,37.8
467,Talen Horton-Tucker,UTA,63,19.7,1.5,0.5,1.7,29.8,0.5,1.6,30.4,44.7
468,Tari Eason,HOU,78,21.3,2.1,0.7,2.0,34.6,0.7,1.9,36.0,51.9
469,Taurean Prince,MIN,50,21.8,3.5,1.2,2.8,41.5,1.2,2.8,41.1,62.0
470,Terance Mann,LAC,77,23.2,2.1,0.7,1.8,37.9,0.7,1.8,38.4,56.8
471,Terence Davis,SAC,60,12.9,3.0,1.0,2.7,37.5,1.0,2.7,37.1,55.9
472,Terrence Ross,PHX,58,21.2,4.2,1.4,3.6,39.3,1.3,3.3,40.2,57.8
473,Terry Rozier,CHA,63,35.3,3.8,1.3,3.7,35.2,1.2,3.5,33.8,51.5
474,Terry Taylor,CHI,29,8.2,0.5,0.2,0.6,27.8,0.2,0.6,27.8,41.7
475,Thaddeus Young,TOR,54,14.7,0.4,0.1,0.7,18.9,0.1,0.6,18.2,27.0
476,Thanasis Antetokounmpo,MIL,33,4.2,0.0,0.0,0.1,0.0,0.0,0.1,0.0,0.0
477,Theo Maledon,CHA,40,17.3,1.4,0.5,1.1,42.2,0.4,1.1,40.5,61.1
478,Theo Pinson,DAL,38,6.6,0.9,0.3,1.0,31.6,0.3,1.0,31.6,47.4
479,Thomas Bryant,DEN,58,18.3,2.0,0.8,1.7,47.0,0.4,0.9,42.6,58.5
480,Tim Hardaway Jr.,DAL,68,30.3,7.2,2.4,6.2,39.2,2.3,6.0,38.8,57.9
481,Tobias Harris,PHI,71,33.1,4.7,1.6,4.1,38.4,1.5,3.9,38.9,57.0
482,Tony Bradley,CHI,12,2.8,0.8,0.3,0.5,50.0,0.3,0.4,60.0,75.0
483,Torrey Craig,PHX,74,25.1,3.7,1.3,3.2,39.2,1.2,3.1,39.6,58.2
484,Trae Young,ATL,70,34.5,1.5,0.5,1.4,36.1,0.5,1.3,37.0,53.6
485,Tre Jones,SAS,63,29.1,1.6,0.5,1.8,29.8,0.5,1.8,28.8,43.9
486,Tre Mann,OKC,64,17.7,1.7,0.6,1.6,34.6,0.5,1.6,34.0,51.4
487,Trendon Watford,POR,58,18.9,1.2,0.4,1.0,38.3,0.4,0.9,38.2,55.8
488,Trent Forrest,ATL,20,12.3,0.0,0.0,0.1,0.0,0.0,0.1,0.0,0.0
489,Trevelin Queen,IND,7,10.0,0.4,0.1,0.7,20.0,0.1,0.7,20.0,30.0
490,Trevor Hudgins,HOU,5,5.7,1.2,0.4,0.6,66.7,0.4,0.6,66.7,100
491,Trevor Keels,NYK,3,2.7,1.0,0.3,1.3,25.0,0.3,1.3,25.0,37.5
492,Trey Lyles,SAC,69,16.8,3.3,1.1,2.9,38.3,1.1,2.9,38.3,57.5
493,Trey Murphy III,NOP,74,30.4,6.9,2.3,5.7,40.3,2.3,5.6,40.6,60.0
494,Troy Brown Jr.,LAL,71,24.6,3.9,1.3,3.4,38.0,1.3,3.4,37.8,56.6
495,Ty Jerome,GSW,44,18.5,1.6,0.5,1.4,39.3,0.5,1.4,39.3,59.0
496,TyTy Washington Jr.,HOU,30,13.7,1.2,0.4,1.8,21.8,0.4,1.8,21.8,32.7
497,Tyler Dorsey,DAL,3,2.7,1.0,0.3,0.7,50.0,0.3,0.7,50.0,75.0
498,Tyler Herro,MIA,63,35.3,4.9,1.7,4.3,39.2,1.6,4.1,38.5,57.8
499,Tyrese Haliburton,IND,56,33.6,2.0,0.7,1.7,39.8,0.7,1.7,39.8,59.7
500,Tyrese Martin,ATL,13,3.5,0.0,0.0,0.4,0.0,0.0,0.3,0.0,0.0
501,Tyrese Maxey,PHI,58,33.5,4.8,1.6,3.6,44.5,1.6,3.6,44.9,66.7
502,Tyus Jones,MEM,76,24.2,3.3,1.1,2.9,37.9,1.1,2.9,38.1,56.8
503,Udoka Azubuike,UTA,31,7.8,0.0,0.0,0.0,0.0,-,-,-,0.0
504,Udonis Haslem,MIA,6,7.9,0.3,0.2,1.2,14.3,0.0,0.3,0.0,14.3
505,Usman Garuba,HOU,71,13.2,1.0,0.3,0.7,47.1,0.3,0.7,47.1,70.6
506,Vernon Carey Jr.,WAS,11,2.6,0.0,0.0,0.2,0.0,-,-,-,0.0
507,Victor Oladipo,MIA,40,26.4,2.6,0.9,2.9,29.9,0.9,2.9,29.3,44.4
508,Vince Williams Jr.,MEM,11,4.7,0.5,0.2,0.9,20.0,0.2,0.9,20.0,30.0
509,Vit Krejci,ATL,26,5.4,0.3,0.1,0.6,20.0,0.1,0.6,20.0,30.0
510,Vlatko Cancar,DEN,55,15.0,2.2,0.8,1.9,39.6,0.7,1.8,39.0,58.0
511,Walker Kessler,UTA,73,23.0,0.1,0.0,0.1,42.9,0.0,0.0,50.0,50.0
512,Wendell Carter Jr.,ORL,54,30.0,4.5,1.6,4.5,35.2,1.3,3.8,34.3,49.6
513,Wendell Moore Jr.,MIN,27,5.5,0.1,0.0,0.6,6.7,0.0,0.6,6.7,10.0
514,Wenyen Gabriel,LAL,63,15.2,0.5,0.2,0.6,28.9,0.1,0.5,29.0,40.8
515,Wesley Matthews,MIL,47,15.5,2.1,0.7,2.2,33.3,0.7,2.1,31.3,48.5
516,Will Barton,TOR,52,17.9,2.3,0.8,1.9,40.0,0.7,1.8,40.9,59.0
517,Willy Hernangomez,NOP,38,12.0,0.3,0.1,0.4,26.7,0.1,0.3,27.3,36.7
518,Xavier Cooks,WAS,5,3.7,0.0,0.0,0.0,-,-,-,-,-
519,Xavier Moon,LAC,3,6.0,1.0,0.3,0.7,50.0,0.3,0.7,50.0,75.0
520,Xavier Sneed,CHA,1,7.8,0.0,0.0,1.0,0.0,0.0,1.0,0.0,0.0
521,Xavier Tillman,MEM,58,19.3,0.6,0.2,0.6,41.2,0.1,0.2,33.3,47.1
522,Yuta Watanabe,BKN,54,16.2,3.0,1.0,2.2,46.2,1.0,2.1,45.7,68.5
523,Zach Collins,SAS,61,22.7,3.0,1.1,2.8,38.7,0.8,2.2,37.8,53.5
524,Zach LaVine,CHI,73,36.1,4.0,1.4,3.2,42.7,1.3,3.1,42.6,63.0
525,Zeke Nnaji,DEN,50,13.5,0.9,0.3,1.0,28.8,0.3,1.0,28.0,42.3
526,Ziaire Williams,MEM,36,14.7,1.4,0.5,2.1,22.4,0.4,2.0,21.9,32.9
527,Zion Williamson,NOP,29,33.0,0.6,0.2,0.5,42.9,0.2,0.5,42.9,64.3
