,PLAYER,TEAM,GP,W,L,MIN,Passes Made,Passes Received,AST,Secondary AST,Potential AST,AST PTS Created,AST PTS Created.1,AST Adj,AST To Pass%,AST To Pass% Adj
0,A.J. Lawson,DAL,13,5,8,4.8,2.7,3.3,0.1,0.1,0.3,0.2,0.2,2.9,5.7,
1,AJ Green,MIL,33,26,7,9.7,7.8,8.7,0.6,0.1,1.3,1.6,0.7,7.8,9.3,
2,AJ Griffin,ATL,67,31,36,19.3,12.4,14.4,1.0,0.1,1.7,2.6,1.2,8.0,9.4,
3,Aaron Gordon,DEN,64,44,20,30.0,26.0,27.6,2.9,0.3,4.4,7.2,3.5,11.1,13.3,
4,Aaron Holiday,ATL,58,30,28,13.5,15.4,16.2,1.4,0.1,3.0,3.6,1.7,8.8,11.0,
5,Aaron Nesmith,IND,68,28,40,24.9,24.6,20.2,1.4,0.2,2.0,3.6,1.6,5.5,6.6,
6,Aaron Wiggins,OKC,65,35,30,18.2,13.9,13.5,1.2,0.2,2.0,3.1,1.4,8.3,10.3,
7,Admiral Schofield,ORL,33,13,20,11.7,14.0,9.1,0.8,0.0,1.3,2.1,0.8,5.4,5.8,
8,Al Horford,BOS,61,43,18,30.5,36.8,27.6,3.0,0.4,4.6,8.0,3.6,8.0,9.8,
9,Alec Burks,DET,50,12,38,22.0,21.6,24.7,2.2,0.2,3.6,5.3,2.5,10.3,11.5,
10,Aleksej Pokusevski,OKC,33,16,17,20.9,32.5,25.3,1.9,0.2,3.5,4.7,2.2,5.9,6.6,
11,Alex Caruso,CHI,61,28,33,23.9,36.5,28.1,3.0,0.4,4.7,7.8,3.7,8.1,10.2,
12,Alex Len,SAC,20,13,7,4.0,5.1,3.2,0.3,0.0,0.5,0.8,0.3,5.9,5.9,
13,Alize Johnson,SAS,4,1,3,7.4,8.8,5.8,0.3,0.0,1.3,0.8,0.3,2.9,2.9,
14,Alondes Williams,BKN,1,1,0,5.3,7.0,5.0,0.0,0.0,0.0,0.0,0.0,0.0,0.0,
15,Alperen Sengun,HOU,70,14,56,28.6,39.1,36.7,3.8,0.3,6.6,9.6,4.6,9.6,11.7,
16,Amir Coffey,LAC,48,25,23,12.7,9.4,10.6,1.1,0.1,2.0,2.8,1.4,11.5,14.6,
17,Andre Drummond,CHI,62,29,33,12.8,11.4,9.0,0.5,0.0,0.8,1.2,0.6,4.5,5.1,
18,Andre Iguodala,GSW,7,2,5,13.5,21.4,14.7,2.6,0.6,3.4,6.6,3.1,12.0,14.7,
19,Andrew Nembhard,IND,70,30,40,27.3,34.7,38.4,4.3,0.4,8.3,11.4,5.3,12.3,15.4,
20,Andrew Wiggins,GSW,36,18,18,32.3,28.8,33.3,2.3,0.6,4.8,6.3,3.1,8.0,10.9,
21,Anfernee Simons,POR,62,27,35,35.0,45.4,57.5,4.1,1.0,7.1,10.3,5.4,9.0,11.8,
22,Anthony Davis,LAL,50,26,24,33.9,44.9,38.7,2.6,0.4,4.4,6.4,3.0,5.8,6.7,
23,Anthony Edwards,MIN,74,37,37,36.1,44.8,53.6,4.5,0.8,7.9,11.6,5.5,10.0,12.2,
24,Anthony Gill,WAS,53,20,33,9.9,7.1,6.1,0.5,0.0,0.9,1.4,0.6,7.2,8.6,
25,Anthony Lamb,GSW,56,31,25,19.7,26.1,19.2,1.6,0.2,3.5,4.8,2.1,6.2,8.1,
26,Austin Reaves,LAL,58,30,28,28.3,29.0,29.1,3.2,0.4,5.9,8.1,3.8,11.0,13.2,
27,Austin Rivers,MIN,52,25,27,19.5,17.4,18.2,1.4,0.3,2.4,3.8,1.8,8.3,10.5,
28,Ayo Dosunmu,CHI,73,35,38,26.5,33.9,33.6,2.6,0.5,4.7,6.4,3.3,7.7,9.6,
29,Bam Adebayo,MIA,72,37,35,35.2,41.4,43.0,3.3,0.4,5.8,8.6,3.9,7.9,9.5,
30,Ben Simmons,BKN,42,24,18,26.3,52.2,42.3,6.1,0.6,9.5,15.5,7.0,11.7,13.4,
31,Bennedict Mathurin,IND,73,31,42,28.0,23.5,30.2,1.4,0.3,2.7,3.9,1.9,6.0,8.1,
32,Bismack Biyombo,PHX,56,29,27,14.3,18.6,12.8,0.9,0.1,1.4,2.2,1.1,5.1,5.7,
33,Blake Griffin,BOS,36,23,13,13.9,16.0,12.0,1.3,0.1,2.1,3.6,1.4,8.2,9.0,
34,Blake Wesley,SAS,30,6,24,17.2,26.0,27.8,2.6,0.7,5.2,6.9,3.5,9.9,13.5,
35,Boban Marjanovic,HOU,27,4,23,5.2,4.0,3.9,0.3,0.0,0.4,0.7,0.3,7.3,8.3,
36,Bobby Portis,MIL,66,44,22,25.8,35.3,23.3,1.5,0.2,2.8,4.1,1.8,4.3,5.2,
37,Bogdan Bogdanovic,ATL,50,25,25,28.2,26.6,28.9,2.7,0.4,4.8,6.9,3.4,10.3,12.8,
38,Bojan Bogdanovic,DET,58,15,43,32.0,26.0,34.4,2.6,0.4,5.6,6.9,3.3,9.9,12.5,
39,Bol Bol,ORL,67,26,41,21.4,13.2,12.6,0.9,0.1,1.6,2.3,1.0,6.9,7.9,
40,Bones Hyland,LAC,51,33,18,19.3,32.1,38.1,3.2,0.5,5.5,8.0,4.0,9.8,12.5,
41,Bradley Beal,WAS,50,24,26,33.5,42.9,56.1,5.4,0.8,10.8,14.5,7.0,12.6,16.3,
42,Brandon Boston Jr.,LAC,21,8,13,11.7,12.8,14.3,0.9,0.2,2.1,2.1,1.0,7.1,8.2,
43,Brandon Clarke,MEM,56,32,24,19.5,20.0,17.9,1.3,0.2,2.5,3.4,1.6,6.4,8.1,
44,Brandon Ingram,NOP,40,20,20,33.3,38.5,53.3,5.5,0.8,10.7,15.0,6.9,14.4,17.9,
45,Braxton Key,DET,3,0,3,3.0,2.7,1.7,0.0,0.0,0.3,0.0,0.0,0.0,0.0,
46,Brook Lopez,MIL,75,54,21,30.3,20.3,22.3,1.3,0.1,2.2,3.4,1.5,6.4,7.5,
47,Bruce Brown,DEN,75,51,24,28.1,38.7,37.9,3.3,0.5,5.3,8.2,4.0,8.6,10.3,
48,Bruno Fernando,ATL,35,11,24,10.7,15.0,10.3,0.9,0.1,1.5,2.4,1.0,5.9,6.9,
49,Bryce McGowens,CHA,41,15,26,15.4,10.8,11.0,1.0,0.1,1.6,2.3,1.1,9.3,10.7,
50,Bryn Forbes,MIN,25,9,16,10.7,7.5,8.9,0.7,0.1,1.0,1.8,0.8,9.1,11.2,
51,Buddy Boeheim,DET,7,1,6,9.8,6.0,5.7,0.4,0.0,1.0,1.3,0.4,7.1,7.1,
52,Buddy Hield,IND,75,33,42,31.6,42.5,39.0,2.8,0.6,4.9,7.2,3.6,6.5,8.6,
53,CJ McCollum,NOP,70,35,35,35.1,50.4,64.4,5.9,0.7,10.7,15.3,7.4,11.6,14.6,
54,Cade Cunningham,DET,12,3,9,33.3,50.3,65.8,6.0,0.4,12.6,17.3,8.3,11.9,16.4,
55,Caleb Houstan,ORL,46,18,28,15.3,8.7,6.9,0.5,0.0,0.8,1.3,0.5,5.5,6.0,
56,Caleb Martin,MIA,66,34,32,29.5,28.3,25.6,1.6,0.3,3.5,4.6,2.2,5.6,7.7,
57,Cam Reddish,POR,40,14,26,24.7,17.9,21.0,1.4,0.2,2.9,3.6,1.7,8.0,9.2,
58,Cam Thomas,BKN,53,28,25,16.8,18.0,23.6,1.5,0.2,2.6,3.6,1.7,8.1,9.6,
59,Cameron Johnson,BKN,37,21,16,28.0,25.1,26.1,1.8,0.3,3.6,5.0,2.4,7.2,9.6,
60,Cameron Payne,PHX,44,24,20,21.0,38.5,41.4,4.6,0.8,8.8,11.6,5.9,12.0,15.4,
61,Caris LeVert,CLE,71,43,28,30.0,33.3,34.2,3.9,0.4,6.7,9.8,4.7,11.7,14.2,
62,Carlik Jones,CHI,2,0,2,11.5,14.0,12.5,1.0,0.0,2.0,2.0,1.0,7.1,7.1,
63,Cedi Osman,CLE,72,45,27,20.5,19.6,20.9,1.5,0.3,2.4,3.7,1.9,7.5,9.7,
64,Charles Bassey,SAS,35,9,26,14.5,19.3,12.6,1.3,0.1,2.1,3.4,1.6,7.0,8.1,
65,Chima Moneke,SAC,2,1,1,4.0,4.0,4.0,0.5,0.0,0.0,1.0,0.5,12.5,12.5,
66,Chimezie Metu,SAC,62,39,23,10.6,11.0,8.7,0.6,0.1,1.0,1.7,0.8,5.9,7.1,
67,Chris Boucher,TOR,70,36,34,20.2,14.9,11.4,0.4,0.1,0.9,1.0,0.5,2.7,3.4,
68,Chris Duarte,IND,46,19,27,19.5,19.5,20.3,1.4,0.1,2.5,3.4,1.6,7.1,8.0,
69,Chris Paul,PHX,55,29,26,31.9,57.2,61.1,9.1,1.0,16.8,23.1,11.1,15.8,19.4,
70,Chris Silva,DAL,1,1,0,3.0,3.0,1.0,0.0,0.0,0.0,0.0,0.0,0.0,0.0,
71,Christian Braun,DEN,70,47,23,14.7,12.3,10.0,0.7,0.1,1.2,1.8,0.9,6.0,7.0,
72,Christian Koloko,TOR,52,26,26,14.1,11.3,8.5,0.5,0.1,0.7,1.2,0.6,4.4,5.3,
73,Christian Wood,DAL,64,32,32,26.1,30.5,28.6,1.8,0.3,3.2,4.7,2.2,6.0,7.3,
74,Chuma Okeke,ORL,23,7,16,18.1,16.4,12.0,1.1,0.2,2.0,2.9,1.4,6.9,8.5,
75,Clint Capela,ATL,60,32,28,26.7,26.7,14.8,0.9,0.2,1.7,2.5,1.3,3.5,4.7,
76,Coby White,CHI,67,32,35,23.2,27.1,28.7,2.6,0.4,4.5,6.7,3.3,9.7,12.1,
77,Cody Martin,CHA,7,2,5,19.1,15.1,13.6,1.6,0.0,2.4,4.1,1.6,10.4,10.4,
78,Cody Zeller,MIA,12,4,8,12.8,15.2,11.1,0.6,0.3,1.3,1.8,0.9,3.8,6.0,
79,Cole Anthony,ORL,56,26,30,25.7,38.8,39.7,3.9,0.4,7.1,10.1,4.7,10.0,12.1,
80,Cole Swider,LAL,6,1,5,6.7,7.5,5.3,0.7,0.0,1.0,1.7,0.7,8.9,8.9,
81,Collin Sexton,UTA,47,24,23,24.0,31.2,38.5,2.9,0.3,5.9,7.5,3.4,9.2,10.8,
82,Corey Kispert,WAS,68,30,38,28.1,22.5,20.6,1.2,0.1,2.2,3.2,1.6,5.4,7.0,
83,Cory Joseph,DET,56,11,45,18.8,30.8,34.0,3.4,0.3,5.9,9.0,3.9,10.9,12.8,
84,D'Angelo Russell,LAL,66,35,31,32.6,61.2,66.5,6.2,0.7,10.5,15.9,7.7,10.1,12.6,
85,Daishen Nix,HOU,53,12,41,16.5,29.8,28.8,2.4,0.3,4.7,5.9,2.9,8.1,9.6,
86,Dalano Banton,TOR,27,14,13,9.3,14.9,15.3,1.1,0.1,1.8,2.7,1.3,7.2,8.4,
87,Dalen Terry,CHI,31,14,17,5.6,5.5,4.8,0.6,0.1,0.8,1.5,0.6,11.8,11.2,
88,Damian Jones,UTA,36,11,25,10.3,7.9,5.4,0.3,0.1,0.6,0.9,0.4,3.9,5.3,
89,Damian Lillard,POR,58,27,31,36.3,56.5,75.0,7.3,1.1,12.9,18.9,9.1,13.0,16.1,
90,Damion Lee,PHX,71,39,32,20.5,20.4,19.3,1.4,0.2,2.7,3.6,1.7,6.8,8.4,
91,Daniel Gafford,WAS,73,31,42,20.2,21.3,14.3,1.0,0.0,1.4,2.6,1.1,4.9,5.3,
92,Daniel Theis,IND,7,1,6,15.5,16.3,17.6,1.3,0.1,1.6,3.4,1.4,7.9,8.8,
93,Danny Green,CLE,9,5,4,9.8,9.9,8.2,0.2,0.1,1.1,0.7,0.3,2.2,3.4,
94,Danuel House Jr.,PHI,50,34,16,14.1,11.6,10.4,0.7,0.2,1.3,1.9,0.9,6.2,8.1,
95,Dario Saric,OKC,54,25,29,13.9,16.4,13.5,1.3,0.1,2.1,3.4,1.5,8.1,9.3,
96,Darius Bazley,PHX,41,19,22,14.2,16.1,11.1,0.9,0.0,1.3,2.3,1.0,5.4,5.9,
97,Darius Days,HOU,4,0,4,6.2,7.5,5.5,0.3,0.0,0.8,0.8,0.3,3.3,3.3,
98,Darius Garland,CLE,66,38,28,35.3,52.2,68.1,7.8,0.9,12.8,18.7,9.4,14.9,18.0,
99,David Duke Jr.,BKN,20,8,12,9.0,7.5,9.0,0.8,0.0,1.7,2.5,0.9,10.7,12.0,
100,David Roddy,MEM,64,41,23,17.2,12.5,13.1,0.7,0.1,1.5,1.8,0.9,5.6,7.5,
101,Davion Mitchell,SAC,75,45,30,18.0,28.0,30.5,2.2,0.4,4.5,6.2,3.0,8.0,10.7,
102,Davis Bertans,DAL,42,20,22,10.6,8.9,8.0,0.5,0.1,0.9,1.1,0.6,5.4,7.0,
103,Davon Reed,LAL,41,27,14,8.2,11.9,9.8,0.5,0.1,1.1,1.2,0.6,4.3,5.3,
104,Day'Ron Sharpe,BKN,42,18,24,11.4,13.8,9.9,0.8,0.0,1.3,2.0,0.9,5.7,6.4,
105,De'Aaron Fox,SAC,68,42,26,33.7,52.7,67.5,6.1,0.5,11.8,16.1,7.2,11.5,13.7,
106,De'Andre Hunter,ATL,65,35,30,32.0,22.4,23.1,1.4,0.1,2.9,3.7,1.7,6.3,7.5,
107,De'Anthony Melton,PHI,73,48,25,28.2,36.8,31.4,2.6,0.4,4.9,7.4,3.4,7.1,9.3,
108,DeAndre Jordan,DEN,35,22,13,14.3,14.0,10.7,0.9,0.0,1.3,2.3,1.0,6.3,6.9,
109,DeMar DeRozan,CHI,68,33,35,36.5,35.5,51.0,5.1,1.1,9.5,13.3,6.6,14.4,18.6,
110,Dean Wade,CLE,39,27,12,19.9,17.2,12.2,0.8,0.2,1.7,2.3,1.0,4.8,5.8,
111,Deandre Ayton,PHX,63,32,31,30.4,35.0,27.0,1.8,0.1,2.5,4.4,2.0,5.0,5.7,
112,Dejounte Murray,ATL,69,35,34,36.4,49.2,58.4,6.1,0.5,10.5,15.1,7.1,12.5,14.5,
113,Delon Wright,WAS,47,25,22,24.2,37.8,35.8,3.8,0.4,7.0,9.9,4.5,10.1,11.9,
114,Deni Avdija,WAS,74,33,41,26.4,32.7,25.7,2.7,0.4,4.9,7.1,3.4,8.4,10.5,
115,Dennis Schroder,LAL,63,34,29,30.0,40.5,45.7,4.5,0.6,8.5,11.5,5.4,11.0,13.4,
116,Dennis Smith Jr.,CHA,54,19,35,25.7,41.5,44.0,4.8,0.5,10.0,12.8,6.0,11.7,14.6,
117,Deonte Burton,SAC,2,1,1,3.3,1.0,1.5,0.0,0.0,0.0,0.0,0.0,0.0,0.0,
118,Dereon Seabron,NOP,5,2,3,2.3,1.6,2.0,0.0,0.0,0.4,0.0,0.0,0.0,0.0,
119,Derrick Jones Jr.,CHI,58,25,33,14.0,13.4,10.1,0.6,0.1,0.9,1.6,0.7,4.4,5.3,
120,Derrick Rose,NYK,27,12,15,12.5,19.1,22.6,1.7,0.1,3.0,4.2,2.0,8.9,10.3,
121,Derrick White,BOS,77,53,24,28.3,34.8,35.9,3.9,0.5,6.4,10.2,4.6,11.3,13.3,
122,Desmond Bane,MEM,53,35,18,31.3,41.4,47.8,4.2,0.8,7.6,11.0,5.5,10.2,13.3,
123,Devin Booker,PHX,49,30,19,34.6,34.7,55.0,5.4,1.0,10.7,14.1,6.8,15.6,19.7,
124,Devin Vassell,SAS,38,12,26,31.0,33.4,39.2,3.6,0.5,6.6,9.5,4.4,10.7,13.1,
125,Devon Dotson,WAS,6,1,5,8.9,14.0,12.0,1.3,0.0,3.0,3.3,1.3,9.5,9.5,
126,Devonte' Graham,SAS,70,30,40,18.1,26.1,27.4,2.7,0.2,5.0,6.5,3.1,10.4,11.8,
127,Dewayne Dedmon,PHI,36,21,15,10.9,13.0,9.8,0.5,0.1,0.9,1.3,0.6,4.1,4.7,
128,Dillon Brooks,MEM,69,44,25,30.3,24.3,30.8,2.6,0.2,4.5,6.6,3.1,10.7,12.6,
129,Domantas Sabonis,SAC,74,45,29,34.8,65.2,50.7,7.2,0.3,12.6,19.3,8.0,11.0,12.3,
130,Dominick Barlow,SAS,22,2,20,12.2,9.6,7.1,0.5,0.0,1.1,1.4,0.6,5.7,6.2,
131,Donovan Mitchell,CLE,65,42,23,35.6,40.0,56.9,4.5,0.8,8.7,11.4,5.7,11.2,14.3,
132,Donte DiVincenzo,GSW,66,37,29,26.3,37.7,32.7,3.3,0.6,6.1,8.5,4.2,8.7,11.3,
133,Dorian Finney-Smith,BKN,62,28,34,30.6,28.4,23.5,1.5,0.4,3.1,4.1,2.1,5.3,7.3,
134,Doug McDermott,SAS,61,18,43,20.6,18.3,19.9,1.5,0.2,2.8,3.6,1.9,8.0,10.1,
135,Draymond Green,GSW,67,36,31,31.6,61.9,48.1,6.9,0.7,13.6,18.6,8.4,11.2,13.6,
136,Drew Eubanks,POR,74,30,44,19.8,21.5,13.9,1.3,0.1,2.3,3.5,1.5,6.0,7.0,
137,Dru Smith,BKN,12,5,7,10.9,15.4,14.4,1.3,0.0,2.3,3.1,1.4,8.6,9.2,
138,Duane Washington Jr.,NYK,31,17,14,12.7,19.3,24.7,2.0,0.2,4.0,5.3,2.5,10.6,12.7,
139,Duncan Robinson,MIA,38,16,22,16.3,15.7,16.7,1.1,0.2,2.4,2.8,1.5,6.7,9.4,
140,Dwight Powell,DAL,72,36,36,19.4,20.0,14.2,0.9,0.1,1.9,2.4,1.1,4.4,5.6,
141,Dylan Windler,CLE,3,3,0,3.5,5.0,4.3,0.3,0.0,0.3,0.7,0.3,6.7,6.7,
142,Dyson Daniels,NOP,55,30,25,18.1,23.7,19.2,2.3,0.2,4.3,6.1,2.9,9.9,12.2,
143,Edmond Sumner,BKN,50,30,20,14.2,15.9,18.9,1.4,0.3,2.5,3.3,1.8,8.5,11.0,
144,Eric Gordon,LAC,65,22,43,29.0,26.5,32.6,2.7,0.4,4.8,6.8,3.5,10.2,13.2,
145,Eugene Omoruyi,DET,36,10,26,15.6,12.1,11.5,0.6,0.1,0.8,1.4,0.8,5.3,6.2,
146,Evan Fournier,NYK,23,13,10,18.0,15.2,17.0,1.5,0.2,2.9,3.9,1.8,10.0,11.7,
147,Evan Mobley,CLE,75,46,29,34.5,42.9,31.1,2.8,0.3,4.7,7.2,3.4,6.6,8.0,
148,Facundo Campazzo,DAL,8,2,6,6.5,12.0,11.6,1.1,0.0,2.6,3.5,1.5,9.4,12.5,
149,Frank Jackson,UTA,1,0,1,5.1,7.0,7.0,1.0,0.0,0.0,2.0,1.0,14.3,14.3,
150,Frank Kaminsky,HOU,34,12,22,6.3,10.6,8.5,0.8,0.0,1.5,2.1,0.9,7.8,8.9,
151,Frank Ntilikina,DAL,45,20,25,11.8,12.2,11.9,1.2,0.1,1.9,3.1,1.3,9.4,10.7,
152,Franz Wagner,ORL,75,31,44,33.0,34.9,42.3,3.6,0.4,7.2,9.6,4.5,10.3,12.8,
153,Fred VanVleet,TOR,64,32,32,36.9,62.3,69.8,7.0,0.7,13.0,17.5,8.3,11.3,13.3,
154,Furkan Korkmaz,PHI,33,22,11,8.9,8.8,9.7,0.6,0.2,1.4,1.5,0.8,6.9,9.3,
155,Gabe Vincent,MIA,63,33,30,26.1,31.9,35.1,2.4,0.3,4.9,6.3,3.0,7.6,9.4,
156,Garrett Temple,NOP,24,16,8,6.6,6.3,5.8,0.5,0.1,0.9,1.2,0.8,8.6,11.8,
157,Garrison Mathews,ATL,51,15,36,12.8,9.5,9.7,0.5,0.1,0.8,1.3,0.6,5.2,6.2,
158,Gary Harris,ORL,45,20,25,24.9,14.0,17.7,1.2,0.2,2.3,3.2,1.5,8.9,10.9,
159,Gary Payton II,GSW,17,9,8,16.5,18.1,11.4,1.4,0.1,2.8,3.6,1.5,7.5,8.4,
160,Gary Trent Jr.,TOR,63,30,33,32.6,22.2,32.5,1.6,0.3,3.3,4.2,2.0,7.1,9.1,
161,George Hill,IND,44,26,18,18.0,25.0,24.3,2.3,0.2,4.0,5.8,2.6,9.3,10.5,
162,Georges Niang,PHI,73,48,25,19.5,21.3,16.1,1.0,0.1,1.5,2.7,1.2,4.8,5.7,
163,Giannis Antetokounmpo,MIL,61,45,16,32.1,45.2,54.4,5.6,0.7,11.1,14.9,6.5,12.4,14.3,
164,Goga Bitadze,ORL,32,11,21,10.5,12.0,9.2,0.9,0.1,1.3,2.3,1.0,7.5,8.3,
165,Goran Dragic,MIL,53,24,29,15.0,25.2,26.4,2.7,0.3,4.6,6.7,3.4,10.5,13.3,
166,Gordon Hayward,CHA,50,20,30,31.5,32.8,35.7,4.1,0.6,7.4,10.5,5.0,12.5,15.3,
167,Gorgui Dieng,SAS,27,2,25,10.2,14.7,13.4,1.5,0.0,2.7,3.8,1.7,10.3,11.3,
168,Grant Williams,BOS,74,51,23,26.4,21.6,17.6,1.7,0.1,2.6,4.6,1.9,7.7,8.9,
169,Grayson Allen,MIL,71,52,19,27.5,24.7,24.7,2.3,0.5,4.1,6.0,2.9,9.2,11.7,
170,Greg Brown III,POR,16,10,6,5.8,2.8,3.2,0.2,0.0,0.3,0.5,0.2,6.7,6.7,
171,Hamidou Diallo,DET,55,12,43,17.7,18.3,15.9,1.0,0.1,1.6,2.5,1.1,5.4,6.0,
172,Harrison Barnes,SAC,76,46,30,32.7,32.7,27.3,1.6,0.3,3.5,4.4,2.1,4.9,6.3,
173,Haywood Highsmith,MIA,51,26,25,17.5,14.3,10.9,0.7,0.1,1.9,2.0,0.9,4.8,6.1,
174,Herbert Jones,NOP,61,28,33,29.1,31.9,24.5,2.4,0.2,4.0,6.0,2.7,7.5,8.4,
175,Immanuel Quickley,NYK,76,44,32,28.6,36.3,40.8,3.3,0.5,6.3,8.6,4.0,9.1,11.1,
176,Isaac Okoro,CLE,76,48,28,21.7,13.8,11.9,1.1,0.2,1.9,2.8,1.4,8.3,10.5,
177,Isaiah Hartenstein,NYK,77,44,33,19.8,24.2,12.7,1.1,0.1,2.1,2.8,1.3,4.5,5.3,
178,Isaiah Jackson,IND,58,22,36,16.0,15.4,13.0,0.8,0.2,1.5,2.2,1.1,5.3,7.4,
179,Isaiah Joe,OKC,69,35,34,18.8,16.2,17.3,1.2,0.2,2.0,3.1,1.5,7.2,9.0,
180,Isaiah Livers,DET,48,10,38,22.8,18.8,15.2,0.8,0.1,1.7,2.0,1.0,4.1,5.2,
181,Isaiah Mobley,CLE,10,7,3,3.3,4.2,2.6,0.0,0.0,0.1,0.0,0.0,0.0,0.0,
182,Isaiah Roby,SAS,41,9,32,11.3,13.6,10.4,0.9,0.0,1.8,2.3,1.0,6.8,7.7,
183,Isaiah Stewart,DET,49,12,37,28.3,27.4,21.1,1.4,0.1,2.2,3.5,1.5,5.1,5.6,
184,Isaiah Todd,WAS,4,2,2,3.1,3.3,2.5,0.0,0.0,0.0,0.0,0.0,0.0,0.0,
185,Ish Smith,DEN,39,24,15,8.5,15.7,16.5,2.1,0.2,3.7,5.3,2.5,13.2,15.7,
186,Ish Wainright,PHX,55,30,25,15.3,11.1,9.5,0.9,0.1,1.5,2.4,1.0,8.4,9.4,
187,Ivica Zubac,LAC,71,40,31,28.6,32.6,18.9,1.1,0.2,1.7,2.6,1.3,3.2,4.0,
188,JD Davison,BOS,10,9,1,2.7,3.4,4.2,0.6,0.1,0.9,1.4,0.7,17.6,20.6,
189,JT Thor,CHA,64,21,43,12.7,12.7,8.8,0.5,0.1,0.8,1.2,0.6,3.8,4.7,
190,Ja Morant,MEM,57,37,20,32.1,47.2,64.1,8.1,0.7,14.1,20.3,9.4,17.2,19.8,
191,JaMychal Green,GSW,56,29,27,14.0,16.3,13.2,0.9,0.1,1.9,2.4,1.1,5.5,6.5,
192,JaVale McGee,DAL,39,19,20,8.1,7.6,5.8,0.3,0.0,0.4,0.6,0.3,3.4,3.7,
193,Jabari Smith Jr.,HOU,74,17,57,30.8,31.6,24.5,1.3,0.2,2.1,3.2,1.6,4.1,5.1,
194,Jabari Walker,POR,50,20,30,9.8,7.7,6.0,0.5,0.1,1.0,1.2,0.6,6.2,7.5,
195,Jack White,DEN,16,12,4,3.2,3.5,2.8,0.2,0.0,0.1,0.4,0.2,5.4,5.4,
196,Jaden Hardy,DAL,43,19,24,14.7,15.9,20.7,1.3,0.3,3.1,3.9,2.0,8.3,12.3,
197,Jaden Ivey,DET,67,15,52,30.6,35.7,45.9,5.1,0.3,9.2,13.1,6.0,14.2,16.8,
198,Jaden McDaniels,MIN,74,38,36,30.6,27.3,24.5,1.9,0.3,3.2,4.8,2.4,7.1,8.7,
199,Jaden Springer,PHI,14,11,3,3.8,1.8,2.4,0.4,0.0,0.4,0.9,0.4,20.0,20.0,
200,Jae Crowder,MIL,13,10,3,18.0,20.9,11.5,1.4,0.2,2.5,3.5,1.7,6.6,8.1,
201,Jae'Sean Tate,HOU,31,7,24,21.9,30.4,30.2,2.7,0.2,5.5,7.4,3.2,8.9,10.6,
202,Jake LaRavia,MEM,34,22,12,12.1,10.9,8.0,0.6,0.1,1.3,1.6,0.8,5.7,7.3,
203,Jakob Poeltl,TOR,65,23,42,26.8,41.1,28.8,2.8,0.3,4.4,7.0,3.3,6.8,8.0,
204,Jalen Brunson,NYK,66,38,28,34.9,58.8,70.7,6.1,0.9,11.6,16.3,7.7,10.4,13.0,
205,Jalen Duren,DET,60,15,45,24.6,26.8,13.9,1.2,0.1,1.7,3.1,1.4,4.4,5.2,
206,Jalen Green,HOU,71,16,55,34.1,39.9,53.2,3.6,0.6,6.5,9.1,4.7,9.0,11.7,
207,Jalen Johnson,ATL,64,32,32,14.5,15.7,8.6,1.0,0.0,1.9,2.5,1.1,6.5,7.0,
208,Jalen McDaniels,PHI,74,27,47,24.0,25.4,20.6,1.6,0.1,2.9,4.3,2.0,6.5,7.7,
209,Jalen Smith,IND,65,30,35,18.4,19.8,16.7,1.0,0.2,1.2,2.5,1.2,5.1,6.1,
210,Jalen Suggs,ORL,47,18,29,23.7,31.6,30.3,3.1,0.2,4.8,7.6,3.5,9.7,11.0,
211,Jalen Williams,OKC,71,35,36,30.3,32.0,33.5,3.3,0.4,5.5,8.4,3.9,10.2,12.0,
212,Jamal Cain,MIA,15,8,7,12.4,7.7,6.6,0.6,0.1,0.9,1.6,0.7,7.8,8.6,
213,Jamal Murray,DEN,62,42,20,33.1,49.5,60.8,6.2,0.9,10.5,15.3,7.7,12.5,15.5,
214,Jamaree Bouyea,WAS,5,2,3,14.1,19.6,18.2,0.8,0.0,1.4,1.8,1.0,4.1,5.1,
215,James Bouknight,CHA,29,8,21,13.3,12.0,13.1,1.1,0.0,1.8,2.7,1.1,9.5,9.5,
216,James Harden,PHI,54,37,17,37.0,70.0,79.0,10.9,1.2,17.4,28.2,13.7,15.5,19.5,
217,James Johnson,IND,16,6,10,8.6,8.4,8.4,0.7,0.1,1.9,2.0,0.9,8.2,10.4,
218,James Wiseman,DET,39,10,29,18.7,22.5,13.7,0.6,0.1,1.1,1.7,0.7,2.9,3.2,
219,Jared Butler,OKC,3,1,2,8.9,10.3,11.0,1.3,0.0,3.0,3.7,1.3,12.9,12.9,
220,Jared Rhoden,DET,8,1,7,9.3,7.0,5.0,0.3,0.0,1.1,0.5,0.3,3.6,3.6,
221,Jaren Jackson Jr.,MEM,58,38,20,28.1,23.4,24.7,0.9,0.2,1.7,2.3,1.2,3.8,5.3,
222,Jarred Vanderbilt,LAL,72,38,34,24.4,24.1,16.8,2.5,0.2,4.4,6.7,2.9,10.3,12.0,
223,Jarrell Brantley,UTA,4,0,4,9.7,13.0,13.3,0.8,0.0,2.3,2.3,1.0,5.8,7.7,
224,Jarrett Allen,CLE,65,42,23,33.0,30.5,23.2,1.7,0.2,3.0,4.5,2.1,5.5,6.8,
225,Jarrett Culver,ATL,10,5,5,13.7,14.3,9.6,0.6,0.0,1.6,1.4,0.6,4.2,4.2,
226,Jason Preston,LAC,13,3,10,9.4,19.0,19.5,2.1,0.2,3.6,5.3,2.5,10.9,13.4,
227,Javonte Green,CHI,31,12,19,15.1,17.1,11.9,0.7,0.1,1.2,1.8,0.9,4.3,5.1,
228,Jaxson Hayes,NOP,46,22,24,13.2,11.0,10.0,0.7,0.1,1.3,2.0,0.8,6.7,7.5,
229,Jay Huff,WAS,3,1,2,4.1,3.7,3.3,0.3,0.0,0.3,0.7,0.3,9.1,9.1,
230,Jaylen Brown,BOS,65,44,21,35.9,36.2,45.8,3.4,0.8,6.5,9.2,4.5,9.5,12.4,
231,Jaylen Nowell,MIN,65,34,31,19.3,21.3,25.7,2.0,0.3,3.2,5.2,2.5,9.5,11.9,
232,Jaylin Williams,OKC,45,22,23,18.6,30.2,21.2,1.5,0.1,3.1,4.0,1.7,5.1,5.7,
233,Jayson Tatum,BOS,71,50,21,37.2,45.7,54.1,4.6,1.1,8.6,12.3,5.9,10.1,13.0,
234,Jeff Dowtin Jr.,TOR,22,15,7,10.3,14.0,13.4,1.2,0.0,2.1,2.8,1.3,8.4,9.1,
235,Jeff Green,DEN,52,32,20,19.5,17.8,18.5,1.2,0.2,2.2,3.0,1.5,6.6,8.7,
236,Jerami Grant,POR,63,28,35,35.6,33.3,37.0,2.4,0.5,4.4,6.2,3.1,7.2,9.3,
237,Jeremiah Robinson-Earl,OKC,41,14,27,18.8,21.2,14.7,1.0,0.1,1.6,2.8,1.2,4.6,5.7,
238,Jeremy Sochan,SAS,55,15,40,26.1,30.9,29.2,2.6,0.3,5.3,6.8,3.2,8.4,10.5,
239,Jericho Sims,NYK,50,30,20,15.6,16.3,7.2,0.5,0.0,0.9,1.2,0.5,2.9,3.2,
240,Jevon Carter,MIL,77,55,22,22.3,28.5,31.3,2.3,0.5,4.5,6.3,3.0,8.2,10.7,
241,Jimmy Butler,MIA,61,32,29,33.4,41.1,47.2,5.1,0.4,10.0,13.4,5.9,12.5,14.4,
242,Jock Landale,PHX,65,33,32,14.1,16.8,13.9,1.0,0.2,1.7,2.6,1.2,5.7,7.4,
243,Joe Harris,BKN,69,36,33,21.1,15.1,16.2,1.4,0.3,2.4,3.5,1.8,9.3,12.0,
244,Joe Ingles,MIL,42,29,13,22.7,25.5,23.6,3.2,0.5,5.4,8.0,3.9,12.5,15.4,
245,Joe Wieskamp,TOR,5,3,2,5.9,3.8,4.6,0.2,0.0,0.8,0.6,0.2,5.3,5.3,
246,Joel Embiid,PHI,62,41,21,34.7,40.7,53.0,4.2,0.7,6.4,10.9,5.0,10.3,12.2,
247,John Butler Jr.,POR,13,3,10,6.3,3.2,2.3,0.2,0.0,0.3,0.3,0.2,4.9,4.9,
248,John Collins,ATL,66,34,32,30.1,30.0,22.2,1.2,0.1,2.2,3.3,1.5,4.1,5.0,
249,John Konchar,MEM,67,43,24,20.8,23.9,15.4,1.3,0.1,3.0,3.6,1.7,5.6,6.9,
250,John Wall,LAC,34,15,19,22.2,39.9,47.4,5.2,0.8,8.8,13.7,6.6,13.1,16.4,
251,Johnny Davis,WAS,22,9,13,9.7,7.0,7.4,0.4,0.0,1.0,0.9,0.4,5.2,5.8,
252,Johnny Juzang,UTA,14,5,9,12.0,8.4,11.4,0.5,0.0,0.9,1.1,0.5,6.0,6.0,
253,Jonas Valanciunas,NOP,74,37,37,25.0,35.8,29.3,1.8,0.2,2.7,4.5,2.2,5.0,6.2,
254,Jonathan Isaac,ORL,11,8,3,11.3,13.5,9.5,0.5,0.0,1.0,1.4,0.5,4.1,4.1,
255,Jonathan Kuminga,GSW,62,34,28,20.7,23.5,22.7,1.8,0.3,3.3,5.1,2.3,7.7,9.7,
256,Jordan Clarkson,UTA,61,30,31,32.6,32.5,44.7,4.4,0.4,8.1,11.7,5.2,13.6,16.0,
257,Jordan Goodwin,WAS,56,21,35,17.1,27.4,26.5,2.4,0.3,4.5,6.1,2.9,8.7,10.4,
258,Jordan Hall,SAS,9,1,8,9.2,13.2,13.8,1.2,0.3,2.2,3.1,1.6,9.2,11.8,
259,Jordan McLaughlin,MIN,39,20,19,15.9,31.2,30.3,3.3,0.3,5.2,8.5,3.9,10.7,12.5,
260,Jordan Nwora,IND,57,34,23,18.4,16.3,15.9,1.3,0.2,2.2,3.3,1.6,8.1,9.8,
261,Jordan Poole,GSW,76,39,37,30.4,42.7,57.6,4.5,0.9,8.3,11.6,5.8,10.6,13.5,
262,Jordan Schakel,WAS,2,0,2,3.1,3.5,3.5,0.5,0.0,1.0,1.5,0.5,14.3,14.3,
263,Jose Alvarado,NOP,61,30,31,21.5,34.9,37.3,3.0,0.4,5.6,7.7,3.8,8.7,11.0,
264,Josh Christopher,HOU,59,12,47,11.6,11.4,14.7,1.1,0.2,1.9,2.9,1.4,9.6,12.1,
265,Josh Giddey,OKC,72,33,39,31.0,57.2,53.6,6.2,0.6,11.6,15.7,7.2,10.8,12.6,
266,Josh Green,DAL,57,26,31,25.4,25.2,24.1,1.7,0.3,3.2,4.7,2.2,6.8,8.9,
267,Josh Hart,NYK,71,39,32,32.4,34.0,28.6,3.8,0.5,6.9,10.2,4.7,11.3,13.7,
268,Josh Minott,MIN,14,6,8,6.5,4.5,4.4,0.3,0.0,0.4,0.6,0.3,6.3,6.3,
269,Josh Okogie,PHX,66,34,32,18.1,14.3,13.8,1.4,0.2,2.2,3.7,1.7,9.9,11.7,
270,Josh Richardson,NOP,59,21,38,23.9,31.1,31.4,2.8,0.3,4.8,7.1,3.3,9.0,10.6,
271,Joshua Primo,SAS,4,3,1,23.3,31.3,36.0,4.5,0.8,6.8,11.5,5.3,14.4,16.8,
272,Jrue Holiday,MIL,64,47,17,32.5,50.9,58.9,7.3,0.7,13.8,18.9,8.6,14.3,16.9,
273,Juan Toscano-Anderson,UTA,46,18,28,12.5,14.5,9.8,1.0,0.1,2.1,2.7,1.2,6.6,8.3,
274,Juancho Hernangomez,TOR,42,20,22,14.6,13.5,9.0,0.6,0.0,1.2,1.6,0.7,4.4,4.9,
275,Julian Champagnie,SAS,11,4,7,14.0,11.1,9.6,0.3,0.1,0.6,0.6,0.4,2.5,3.3,
276,Julius Randle,NYK,77,44,33,35.5,44.8,49.7,4.1,0.3,7.2,10.9,4.7,9.2,10.4,
277,Justin Champagnie,TOR,3,2,1,3.6,3.7,2.0,0.3,0.0,0.3,1.0,0.3,9.1,9.1,
278,Justin Holiday,DAL,43,18,25,15.2,11.8,10.8,0.9,0.0,1.3,2.2,1.0,7.5,8.1,
279,Justin Jackson,BOS,23,15,8,4.7,3.7,3.2,0.4,0.1,1.0,0.9,0.5,10.5,14.0,
280,Justise Winslow,POR,29,15,14,26.8,42.1,34.1,3.4,0.3,5.7,8.3,4.0,8.0,9.4,
281,Jusuf Nurkic,POR,52,24,28,26.8,39.5,32.3,2.9,0.2,4.8,7.6,3.2,7.3,8.2,
282,KZ Okpala,SAC,35,19,16,7.1,5.4,4.4,0.4,0.1,0.6,0.9,0.5,6.9,9.6,
283,Kai Jones,CHA,41,12,29,10.7,8.8,6.2,0.2,0.0,0.6,0.7,0.4,2.2,4.2,
284,Karl-Anthony Towns,MIN,24,12,12,33.4,39.8,43.5,5.0,0.3,7.7,11.9,5.7,12.5,14.2,
285,Kawhi Leonard,LAC,47,30,17,33.6,36.0,44.9,4.0,1.0,7.4,11.2,5.5,11.0,15.2,
286,Keegan Murray,SAC,74,45,29,29.7,22.8,23.1,1.2,0.3,2.1,3.1,1.5,5.1,6.7,
287,Keita Bates-Diop,SAS,60,15,45,21.4,16.4,16.5,1.4,0.3,2.8,3.9,1.8,8.7,10.9,
288,Keldon Johnson,SAS,60,16,44,32.8,34.4,39.7,2.9,0.3,6.2,7.5,3.5,8.4,10.1,
289,Kelly Olynyk,UTA,63,28,35,28.3,42.5,31.4,3.6,0.3,5.9,9.2,4.1,8.4,9.6,
290,Kelly Oubre Jr.,CHA,48,16,32,32.2,23.4,31.5,1.1,0.3,2.2,2.8,1.6,4.8,6.7,
291,Kemba Walker,DAL,9,5,4,16.0,19.6,24.1,2.1,0.4,3.3,5.3,2.6,10.8,13.1,
292,Kendall Brown,IND,6,1,5,6.7,5.0,4.2,0.5,0.2,1.0,1.5,0.8,10.0,16.7,
293,Kendrick Nunn,WAS,64,29,35,13.3,11.1,14.2,1.1,0.2,2.2,3.0,1.5,10.2,13.7,
294,Kennedy Chandler,MEM,33,21,12,8.1,13.1,14.5,1.7,0.1,2.7,4.0,1.9,13.2,14.6,
295,Kenneth Lofton Jr.,MEM,19,13,6,5.5,5.3,6.4,0.9,0.0,1.3,2.4,0.9,17.0,17.0,
296,Kenrich Williams,OKC,53,26,27,22.8,23.2,19.5,2.0,0.3,3.7,5.1,2.4,8.6,10.5,
297,Kentavious Caldwell-Pope,DEN,73,50,23,31.6,27.4,26.6,2.5,0.5,4.2,6.3,3.2,9.0,11.6,
298,Kenyon Martin Jr.,HOU,77,18,59,27.8,24.1,23.6,1.5,0.2,2.7,4.0,1.7,6.3,7.2,
299,Keon Ellis,SAC,13,6,7,3.9,4.4,3.7,0.3,0.0,0.4,0.8,0.3,7.0,7.0,
300,Keon Johnson,POR,40,13,27,10.4,14.4,17.7,1.5,0.1,2.3,4.0,1.8,10.3,12.2,
301,Kessler Edwards,SAC,30,15,15,9.7,8.1,6.4,0.5,0.0,0.8,1.4,0.6,6.6,7.0,
302,Kevin Durant,PHX,43,30,13,35.6,39.7,53.9,5.2,1.0,8.7,12.7,6.7,13.0,16.8,
303,Kevin Huerter,SAC,70,42,28,29.6,29.5,34.0,3.0,0.3,4.8,7.5,3.6,10.0,12.3,
304,Kevin Knox II,POR,57,11,46,13.6,12.9,8.9,0.4,0.1,0.8,0.9,0.4,3.0,3.4,
305,Kevin Love,MIA,58,31,27,20.3,28.8,20.7,1.9,0.2,2.8,4.6,2.3,6.5,8.0,
306,Kevin Porter Jr.,HOU,55,15,40,34.1,56.5,62.2,5.8,0.7,11.7,15.2,7.1,10.3,12.5,
307,Kevon Harris,ORL,31,12,19,12.3,6.7,6.3,0.4,0.1,1.0,1.1,0.6,6.3,9.2,
308,Kevon Looney,GSW,76,39,37,23.8,34.8,23.4,2.5,0.3,4.7,6.7,3.0,7.1,8.6,
309,Khem Birch,SAS,20,9,11,8.1,8.4,6.4,0.4,0.1,0.5,0.9,0.5,4.2,5.4,
310,Khris Middleton,MIL,31,23,8,24.5,31.5,36.2,5.0,0.5,8.3,12.6,5.9,15.8,18.9,
311,Killian Hayes,DET,69,15,54,27.6,45.3,49.3,6.1,0.3,10.2,15.9,6.9,13.5,15.2,
312,Kira Lewis Jr.,NOP,24,11,13,9.7,15.9,17.1,1.0,0.2,2.4,2.6,1.3,6.0,8.4,
313,Klay Thompson,GSW,64,34,30,33.2,25.6,39.0,2.3,0.6,4.2,5.9,3.2,9.2,12.5,
314,Kris Dunn,UTA,16,7,9,23.6,47.1,47.1,5.2,0.9,9.9,14.3,6.6,11.0,13.9,
315,Kristaps Porzingis,WAS,65,27,38,32.6,38.9,41.0,2.7,0.4,4.3,6.8,3.3,6.9,8.4,
316,Kyle Anderson,MIN,64,33,31,28.1,41.1,35.1,4.8,0.3,7.9,12.0,5.6,11.5,13.7,
317,Kyle Kuzma,WAS,64,29,35,35.0,35.3,40.6,3.7,0.6,6.4,9.5,4.6,10.6,12.9,
318,Kyle Lowry,MIA,51,26,25,32.1,57.6,55.1,5.1,0.5,10.7,13.0,6.1,8.8,10.6,
319,Kyrie Irving,DAL,57,31,26,37.0,49.2,59.5,5.5,1.0,9.9,14.1,7.1,11.1,14.3,
320,LaMelo Ball,CHA,36,13,23,35.2,62.7,74.6,8.4,0.9,14.3,21.3,10.6,13.5,16.9,
321,Lamar Stevens,CLE,57,36,21,18.0,14.8,10.0,0.5,0.1,1.0,1.4,0.6,3.6,4.4,
322,Landry Shamet,PHX,35,16,19,21.0,26.7,28.9,2.2,0.3,4.2,5.5,2.7,8.2,9.9,
323,Larry Nance Jr.,NOP,60,31,29,21.2,23.3,17.9,1.8,0.2,2.6,4.6,2.1,7.7,9.2,
324,Lauri Markkanen,UTA,65,32,33,34.4,28.6,30.5,1.9,0.3,3.5,4.9,2.2,6.5,7.8,
325,LeBron James,LAL,49,25,24,35.8,48.0,63.9,6.8,0.8,12.6,17.6,8.5,14.2,17.7,
326,Leandro Bolmaro,UTA,14,8,6,4.9,5.8,5.7,0.5,0.0,1.1,1.2,0.5,8.6,8.6,
327,Lindell Wigginton,MIL,5,4,1,3.7,4.0,6.2,0.4,0.2,0.8,1.0,0.8,10.0,20.0,
328,Lindy Waters III,OKC,37,18,19,12.8,11.0,10.6,0.7,0.1,1.2,1.9,0.9,6.4,7.9,
329,Lonnie Walker IV,LAL,54,25,29,23.8,14.0,20.7,1.2,0.2,2.4,2.9,1.5,8.4,10.7,
330,Luguentz Dort,OKC,70,35,35,30.6,21.7,28.5,2.1,0.4,4.1,5.3,2.6,9.8,12.2,
331,Luka Doncic,DAL,62,32,30,36.3,55.1,67.4,8.1,1.4,15.1,21.9,10.3,14.8,18.7,
332,Luka Garza,MIN,26,14,12,9.0,10.4,9.2,0.7,0.0,0.8,1.8,0.8,6.6,7.4,
333,Luka Samanic,UTA,1,1,0,24.9,34.0,25.0,4.0,0.0,4.0,9.0,4.0,11.8,11.8,
334,Luke Kennard,MEM,55,34,21,21.6,18.8,18.3,1.5,0.3,2.6,4.0,1.9,7.8,10.2,
335,Luke Kornet,BOS,64,41,23,11.4,9.4,6.7,0.7,0.1,1.1,1.9,0.9,7.5,9.3,
336,Malachi Flynn,TOR,49,26,23,13.1,20.4,21.6,1.3,0.2,2.5,3.3,1.6,6.5,8.0,
337,Malaki Branham,SAS,59,12,47,23.2,23.9,26.6,1.9,0.2,3.7,4.7,2.3,8.2,9.5,
338,Malcolm Brogdon,BOS,64,44,20,25.8,37.2,39.7,3.7,0.8,7.4,9.9,4.8,9.9,13.0,
339,Malcolm Hill,CHI,4,3,1,2.0,0.8,1.0,0.0,0.0,0.0,0.0,0.0,0.0,0.0,
340,Malik Beasley,LAL,75,40,35,26.3,21.0,24.7,1.6,0.2,2.7,4.1,2.0,7.5,9.4,
341,Malik Monk,SAC,73,45,28,22.3,25.6,32.0,3.9,0.3,6.7,9.8,4.7,15.1,18.2,
342,Mamadi Diakite,CLE,20,14,6,6.8,7.1,5.2,0.2,0.0,0.5,0.6,0.2,2.8,2.8,
343,MarJon Beauchamp,MIL,47,31,16,13.0,8.1,9.1,0.6,0.1,1.3,1.6,0.7,7.1,8.7,
344,Marcus Morris Sr.,LAC,65,35,30,28.1,25.6,26.0,1.8,0.2,3.1,4.6,2.0,6.9,7.9,
345,Marcus Smart,BOS,59,42,17,32.2,45.2,49.7,6.4,0.9,10.8,16.0,7.5,14.1,16.7,
346,Mark Williams,CHA,39,17,22,18.2,13.0,9.9,0.5,0.1,0.9,1.2,0.6,3.6,4.3,
347,Markelle Fultz,ORL,55,27,28,30.1,51.6,52.5,5.7,0.5,10.4,15.3,6.9,11.1,13.3,
348,Markieff Morris,DAL,33,17,16,9.7,10.1,8.8,0.8,0.1,1.0,2.0,1.0,8.4,9.9,
349,Marko Simonovic,CHI,2,0,2,1.8,3.0,2.0,0.0,0.0,0.0,0.0,0.0,0.0,0.0,
350,Marvin Bagley III,DET,38,6,32,23.8,23.2,19.4,0.9,0.0,2.2,2.8,1.2,3.9,5.1,
351,Mason Plumlee,LAC,74,25,49,26.6,32.3,23.6,3.2,0.2,5.2,8.3,3.8,9.9,11.6,
352,Matisse Thybulle,POR,69,37,32,16.6,11.5,8.8,0.8,0.1,1.6,2.0,0.9,6.5,7.4,
353,Matt Ryan,MIN,33,14,19,9.3,6.8,7.7,0.5,0.1,0.8,1.1,0.6,6.7,9.4,
354,Matthew Dellavedova,SAC,32,19,13,6.7,12.7,13.9,1.3,0.1,2.5,3.3,1.5,10.1,11.8,
355,Max Christie,LAL,38,16,22,13.3,9.5,6.7,0.5,0.1,1.1,1.3,0.6,5.3,6.4,
356,Max Strus,MIA,75,38,37,28.7,32.7,29.0,2.1,0.2,3.9,5.4,2.5,6.5,7.7,
357,Maxi Kleber,DAL,34,17,17,25.9,27.5,19.2,1.3,0.2,2.6,3.7,1.6,4.8,6.0,
358,McKinley Wright IV,DAL,25,14,11,11.3,17.3,17.4,2.0,0.4,3.5,5.6,2.6,11.8,14.8,
359,Meyers Leonard,MIL,6,5,1,8.5,7.5,5.8,0.0,0.0,0.8,0.0,0.0,0.0,0.0,
360,Mfiondu Kabengele,BOS,2,1,1,7.0,5.5,2.5,0.0,0.5,0.0,0.0,0.5,0.0,9.1,
361,Micah Potter,UTA,5,3,2,5.4,7.2,4.2,0.6,0.0,0.4,1.4,0.6,8.3,8.3,
362,Michael Foster Jr.,PHI,1,1,0,1.0,1.0,0.0,0.0,0.0,0.0,0.0,0.0,0.0,0.0,
363,Michael Porter Jr.,DEN,59,40,19,29.0,20.6,23.1,1.1,0.4,1.5,2.9,1.5,5.1,7.5,
364,Mikal Bridges,BKN,77,38,39,36.0,31.9,37.5,3.4,0.4,5.8,8.6,4.0,10.5,12.5,
365,Mike Conley,MIN,62,31,31,30.2,56.2,58.6,6.8,0.8,12.7,18.1,8.4,12.2,14.9,
366,Mike Muscala,BOS,58,28,30,14.3,20.3,13.0,0.8,0.1,1.0,2.0,0.9,3.8,4.2,
367,Miles McBride,NYK,59,33,26,11.8,14.1,14.4,1.2,0.1,1.9,3.1,1.4,8.2,10.0,
368,Mitchell Robinson,NYK,55,32,23,27.0,20.9,10.1,0.8,0.0,0.9,2.1,0.9,3.9,4.1,
369,Mo Bamba,LAL,47,23,24,16.2,19.1,14.3,1.0,0.0,1.4,2.6,1.0,5.1,5.5,
370,Monte Morris,WAS,61,28,33,27.6,46.6,49.2,5.3,0.7,8.8,13.5,6.5,11.3,13.9,
371,Montrezl Harrell,PHI,53,33,20,12.0,11.6,10.5,0.6,0.1,0.9,1.5,0.7,5.1,5.9,
372,Moritz Wagner,ORL,53,25,28,19.9,26.4,22.8,1.5,0.1,2.3,3.7,1.7,5.8,6.5,
373,Moses Brown,BKN,35,16,19,8.3,7.4,3.7,0.1,0.0,0.1,0.3,0.1,1.6,1.6,
374,Moses Moody,GSW,58,32,26,12.6,9.1,10.8,0.7,0.2,1.5,2.0,1.0,8.1,11.1,
375,Moussa Diabate,LAC,20,9,11,9.2,5.4,3.6,0.2,0.0,0.4,0.5,0.2,3.7,3.7,
376,Myles Turner,IND,62,29,33,29.4,26.9,29.9,1.4,0.1,2.2,3.5,1.6,5.3,5.9,
377,Naji Marshall,NOP,72,37,35,24.0,29.7,27.2,2.5,0.3,4.5,6.3,3.1,8.5,10.3,
378,Nassir Little,POR,53,22,31,18.2,15.3,14.1,0.9,0.1,1.7,2.5,1.2,6.2,7.6,
379,Nathan Knight,MIN,36,17,19,7.9,7.6,6.9,0.4,0.0,0.9,1.2,0.5,4.7,6.6,
380,Naz Reid,MIN,68,32,36,18.4,25.2,21.4,1.1,0.3,1.8,2.8,1.4,4.5,5.6,
381,Neemias Queta,SAC,4,1,3,6.1,5.3,3.3,0.3,0.0,0.5,0.5,0.3,4.8,4.8,
382,Nerlens Noel,BKN,17,4,13,11.5,12.1,6.8,0.6,0.1,0.8,1.5,0.7,4.9,5.8,
383,Nic Claxton,BKN,71,37,34,29.7,30.0,22.3,1.8,0.4,2.8,4.7,2.3,6.1,7.6,
384,Nick Richards,CHA,61,20,41,18.7,16.6,10.6,0.6,0.0,0.8,1.4,0.6,3.4,3.6,
385,Nickeil Alexander-Walker,MIN,54,26,28,15.3,21.8,22.1,1.9,0.2,3.8,4.8,2.2,8.7,10.1,
386,Nicolas Batum,LAC,73,41,32,21.8,22.7,15.7,1.5,0.2,2.5,4.0,1.8,6.8,8.1,
387,Nikola Jokic,DEN,67,48,19,33.9,75.4,64.2,9.9,0.8,16.4,24.7,11.7,13.1,15.5,
388,Nikola Jovic,MIA,15,7,8,13.6,16.8,14.9,0.7,0.3,1.8,2.0,1.1,4.0,6.7,
389,Nikola Vucevic,CHI,75,35,40,33.8,49.9,45.2,3.3,0.5,5.5,8.5,3.9,6.6,7.9,
390,Noah Vonleh,BOS,23,17,6,7.5,8.0,3.2,0.3,0.1,0.7,0.9,0.4,3.8,4.9,
391,Norman Powell,LAC,55,28,27,25.7,18.8,28.8,1.7,0.2,3.3,4.6,2.1,9.3,11.2,
392,O.G. Anunoby,TOR,62,31,31,35.7,29.6,32.4,1.9,0.3,4.3,4.8,2.5,6.5,8.3,
393,Obi Toppin,NYK,62,34,28,14.4,16.5,12.5,0.8,0.0,1.3,2.0,0.8,4.8,5.1,
394,Ochai Agbaji,UTA,53,28,25,19.2,13.0,13.5,0.9,0.1,1.9,2.4,1.1,7.3,8.7,
395,Olivier Sarr,OKC,6,3,3,11.2,12.3,6.2,0.5,0.0,0.3,1.2,0.5,4.1,4.1,
396,Omer Yurtseven,MIA,6,3,3,6.2,6.2,4.8,0.0,0.0,0.3,0.3,0.2,0.0,2.7,
397,Onyeka Okongwu,ATL,74,38,36,23.2,21.1,14.1,1.0,0.1,1.6,2.7,1.1,4.8,5.3,
398,Orlando Robinson,MIA,29,17,12,13.7,13.5,8.5,0.7,0.0,1.2,1.8,0.7,5.4,5.4,
399,Oshae Brissett,IND,60,25,35,16.5,19.6,14.0,0.6,0.1,1.4,1.6,0.7,3.1,3.7,
400,Otto Porter Jr.,TOR,8,4,4,18.3,20.4,15.1,1.0,0.0,1.8,2.3,1.0,4.9,4.9,
401,Ousmane Dieng,OKC,34,18,16,14.8,12.3,11.6,1.0,0.2,1.4,2.5,1.2,8.1,10.0,
402,P.J. Tucker,PHI,71,46,25,25.6,17.3,10.2,0.8,0.2,1.6,2.1,1.0,4.6,5.9,
403,P.J. Washington,CHA,72,24,48,32.9,40.2,33.5,2.4,0.2,4.7,6.3,3.0,6.0,7.6,
404,PJ Dozier,SAC,11,9,2,2.7,3.1,2.7,0.1,0.2,0.2,0.4,0.4,2.9,11.8,
405,Paolo Banchero,ORL,69,29,40,33.8,40.7,43.2,3.7,0.5,6.9,9.6,4.6,9.1,11.3,
406,Pascal Siakam,TOR,66,33,33,37.5,54.4,57.8,5.9,0.7,11.1,15.8,7.1,10.9,13.1,
407,Pat Connaughton,MIL,59,41,18,24.3,25.7,18.2,1.3,0.2,2.0,3.2,1.6,5.1,6.1,
408,Patrick Baldwin Jr.,GSW,27,11,16,7.8,8.0,8.5,0.3,0.1,0.4,0.8,0.4,3.7,4.7,
409,Patrick Beverley,CHI,62,31,31,27.2,31.0,27.5,2.9,0.3,5.1,7.2,3.5,9.2,11.2,
410,Patrick Williams,CHI,75,35,40,28.4,28.2,21.0,1.2,0.2,2.5,3.2,1.5,4.3,5.4,
411,Patty Mills,BKN,39,18,21,13.6,13.0,15.4,1.4,0.2,2.2,3.4,1.6,10.6,12.4,
412,Paul George,LAC,56,32,24,34.6,44.9,54.5,5.1,0.8,8.8,13.8,6.6,11.5,14.8,
413,Paul Reed,PHI,63,40,23,10.4,9.1,5.8,0.3,0.0,0.7,0.9,0.4,3.8,4.5,
414,Payton Pritchard,BOS,46,30,16,12.5,15.4,16.9,1.0,0.2,2.6,2.7,1.3,6.8,8.3,
415,Peyton Watson,DEN,17,11,6,3.1,2.6,2.8,0.1,0.0,0.5,0.2,0.1,4.5,4.5,
416,Precious Achiuwa,TOR,49,27,22,21.1,22.5,20.0,1.0,0.1,1.7,2.6,1.1,4.4,5.0,
417,Quentin Grimes,NYK,66,38,28,29.3,21.2,21.2,2.0,0.1,3.1,5.0,2.2,9.5,10.6,
418,Quenton Jackson,WAS,4,2,2,2.9,3.3,4.0,0.3,0.0,0.8,0.8,0.3,7.7,7.7,
419,R.J. Hampton,DET,41,8,33,15.5,16.4,17.8,1.2,0.1,2.8,3.3,1.4,7.3,8.3,
420,RJ Barrett,NYK,70,39,31,33.9,28.6,36.8,2.7,0.4,5.0,7.0,3.3,9.5,11.6,
421,Raul Neto,CLE,45,30,15,10.0,15.5,16.7,1.4,0.3,2.8,3.6,1.8,9.0,11.9,
422,Reggie Bullock,DAL,74,36,38,30.7,27.5,22.0,1.3,0.1,2.5,3.6,1.6,4.9,5.8,
423,Reggie Jackson,DEN,62,34,28,24.6,36.4,41.4,3.4,0.4,5.7,8.9,4.1,9.4,11.4,
424,Richaun Holmes,SAC,38,20,18,8.4,7.1,5.6,0.1,0.1,0.6,0.5,0.3,1.9,3.7,
425,Ricky Rubio,CLE,28,20,8,17.3,31.4,31.8,3.4,0.6,6.5,9.1,4.4,10.7,14.1,
426,Robert Covington,LAC,44,18,26,16.3,22.7,15.0,1.2,0.3,1.9,3.2,1.6,5.3,7.2,
427,Robert Williams III,BOS,33,22,11,23.3,24.3,16.0,1.4,0.2,2.6,4.0,1.7,5.7,7.1,
428,Robin Lopez,CLE,34,24,10,7.5,5.4,4.8,0.4,0.0,0.6,1.1,0.5,7.6,8.6,
429,Rodney McGruder,DET,32,4,28,16.4,12.9,12.5,0.9,0.2,1.7,2.2,1.2,6.8,9.2,
430,Romeo Langford,SAS,38,11,27,20.2,14.3,14.2,1.2,0.2,2.4,3.1,1.5,8.3,10.3,
431,Ron Harper Jr.,TOR,5,3,2,3.3,2.2,3.2,0.0,0.0,0.0,0.0,0.0,0.0,0.0,
432,Royce O'Neale,BKN,71,38,33,31.8,49.5,35.6,3.6,0.4,6.2,9.4,4.3,7.4,8.6,
433,Rudy Gay,UTA,56,29,27,14.6,17.0,12.1,1.0,0.1,2.1,2.9,1.3,6.0,7.6,
434,Rudy Gobert,MIN,65,31,34,30.9,31.8,21.9,1.2,0.2,1.7,3.0,1.5,3.7,4.6,
435,Rui Hachimura,LAL,57,33,24,23.4,18.8,18.0,0.9,0.2,1.7,2.2,1.1,4.8,5.8,
436,Russell Westbrook,LAC,68,33,35,29.0,43.7,49.3,7.5,0.6,12.6,18.5,8.9,17.2,20.3,
437,Ryan Arcidiacono,POR,20,9,11,8.6,16.8,16.5,1.2,0.0,3.3,2.8,1.2,6.9,7.2,
438,Ryan Rollins,GSW,12,5,7,5.2,8.4,9.5,0.5,0.1,1.7,1.2,0.6,5.9,6.9,
439,Saben Lee,PHX,22,14,8,13.7,23.9,26.8,2.5,0.4,5.0,6.4,3.1,10.5,13.1,
440,Saddiq Bey,ATL,70,21,49,27.6,23.6,23.6,1.5,0.2,3.0,3.9,1.8,6.3,7.7,
441,Sam Hauser,BOS,75,51,24,15.6,12.8,10.7,0.8,0.1,1.1,2.0,0.9,5.9,7.0,
442,Sam Merrill,CLE,3,3,0,3.6,3.0,4.3,0.3,0.0,0.7,1.0,0.3,11.1,11.1,
443,Sandro Mamukelashvili,SAS,37,20,17,13.7,18.2,13.6,1.2,0.1,2.3,3.3,1.6,6.8,8.6,
444,Santi Aldama,MEM,73,45,28,22.2,20.4,16.1,1.2,0.1,2.1,3.1,1.5,6.1,7.4,
445,Scottie Barnes,TOR,71,35,36,35.0,54.4,51.2,4.8,0.5,8.9,12.7,6.0,8.9,11.1,
446,Scotty Pippen Jr.,LAL,6,1,5,5.3,8.3,8.8,0.3,0.2,1.0,1.0,0.7,4.0,8.0,
447,Serge Ibaka,MIL,16,11,5,11.6,9.3,8.6,0.3,0.1,0.9,0.7,0.4,2.7,4.7,
448,Seth Curry,BKN,56,33,23,20.7,23.1,26.9,1.7,0.7,3.0,4.6,2.5,7.4,10.9,
449,Shaedon Sharpe,POR,75,31,44,21.5,14.1,16.7,0.9,0.2,1.8,2.4,1.2,6.5,8.6,
450,Shai Gilgeous-Alexander,OKC,64,32,32,35.4,42.3,61.8,5.4,0.9,11.2,14.4,6.7,12.9,15.9,
451,Shake Milton,PHI,71,49,22,20.3,28.2,31.4,2.9,0.3,4.7,7.5,3.5,10.2,12.4,
452,Simone Fontecchio,UTA,46,24,22,13.5,10.0,11.0,0.8,0.1,1.3,2.0,0.9,7.6,9.4,
453,Spencer Dinwiddie,BKN,74,37,37,34.5,48.8,58.6,6.1,0.7,11.5,16.3,7.3,12.6,15.0,
454,Stanley Johnson,SAS,29,5,24,15.8,19.8,14.7,2.2,0.2,3.3,5.3,2.6,11.2,12.9,
455,Stanley Umude,DET,1,0,1,2.1,1.0,2.0,0.0,0.0,0.0,0.0,0.0,0.0,0.0,
456,Stephen Curry,GSW,50,25,25,35.1,51.6,64.3,6.4,1.2,11.2,16.5,8.3,12.5,16.1,
457,Sterling Brown,LAL,4,2,2,6.1,4.8,1.8,0.5,0.0,0.8,1.0,0.5,10.5,10.5,
458,Steven Adams,MEM,42,28,14,27.0,33.5,19.3,2.3,0.2,3.7,5.9,2.7,6.9,8.1,
459,Svi Mykhailiuk,CHA,27,15,12,11.1,8.3,9.1,0.9,0.1,1.6,2.4,1.2,11.2,14.3,
460,T.J. McConnell,IND,72,30,42,20.2,43.5,44.4,5.2,0.4,10.2,14.6,6.5,11.9,14.9,
461,T.J. Warren,PHX,39,23,16,16.6,14.0,14.7,0.9,0.1,1.5,2.2,1.0,6.4,7.1,
462,Taj Gibson,WAS,47,21,26,9.7,11.4,9.0,0.7,0.0,1.1,1.7,0.7,6.2,6.6,
463,Talen Horton-Tucker,UTA,62,30,32,19.5,30.5,33.2,3.6,0.4,6.9,9.7,4.5,11.8,14.7,
464,Tari Eason,HOU,77,18,59,21.2,21.4,16.5,1.0,0.2,2.0,2.7,1.3,4.7,6.1,
465,Taurean Prince,MIN,49,28,21,21.8,19.1,20.8,1.7,0.4,2.8,4.2,2.3,8.7,12.0,
466,Terance Mann,LAC,76,41,35,23.2,29.4,26.9,2.3,0.3,4.0,6.1,2.9,7.8,9.7,
467,Terence Davis,SAC,59,36,23,13.0,13.1,14.5,1.1,0.1,1.8,2.6,1.3,8.0,9.5,
468,Terrence Ross,PHX,57,23,34,21.4,13.3,17.0,1.4,0.1,2.8,3.8,1.7,10.4,13.0,
469,Terry Rozier,CHA,63,19,44,35.3,50.5,64.8,5.1,0.7,9.7,13.0,6.4,10.0,12.6,
470,Terry Taylor,CHI,28,10,18,8.3,6.9,6.0,0.4,0.0,0.7,1.0,0.4,5.2,5.2,
471,Thaddeus Young,TOR,54,23,31,14.7,21.4,15.3,1.4,0.1,2.1,3.3,1.6,6.5,7.7,
472,Thanasis Antetokounmpo,MIL,33,23,10,4.2,3.3,2.6,0.2,0.0,0.4,0.6,0.2,7.4,7.4,
473,Theo Maledon,CHA,39,13,26,16.9,31.6,32.5,2.7,0.4,4.9,6.8,3.4,8.4,10.7,
474,Theo Pinson,DAL,38,19,19,6.6,10.6,7.3,0.8,0.1,1.5,2.2,1.0,7.7,9.2,
475,Thomas Bryant,DEN,58,32,26,18.3,18.7,12.1,0.5,0.1,1.0,1.4,0.7,2.9,3.8,
476,Tim Hardaway Jr.,DAL,68,36,32,30.3,30.4,31.5,1.7,0.3,3.1,4.8,2.2,5.7,7.2,
477,Tobias Harris,PHI,71,46,25,33.1,34.4,32.1,2.5,0.4,4.5,6.8,3.1,7.3,8.9,
478,Tony Bradley,CHI,11,4,7,2.9,4.1,3.0,0.1,0.0,0.0,0.0,0.0,2.2,0.0,
479,Torrey Craig,PHX,73,40,33,25.2,24.7,16.6,1.5,0.2,2.7,3.9,1.8,6.1,7.2,
480,Trae Young,ATL,69,36,33,34.6,48.7,69.2,10.0,0.7,16.9,24.3,11.6,20.4,23.8,
481,Tre Jones,SAS,61,17,44,29.1,51.6,58.5,6.3,0.7,11.9,16.3,7.7,12.3,15.0,
482,Tre Mann,OKC,64,29,35,17.7,20.4,22.8,1.7,0.4,3.3,4.5,2.2,8.3,11.0,
483,Trendon Watford,POR,57,25,32,18.9,27.3,18.1,2.0,0.1,3.6,5.2,2.3,7.4,8.4,
484,Trent Forrest,ATL,19,7,12,12.7,17.4,15.8,1.6,0.1,3.1,4.2,1.8,9.4,10.6,
485,Trevelin Queen,IND,7,2,5,10.0,11.4,12.7,0.9,0.3,1.4,2.0,1.3,7.5,11.3,
486,Trevor Hudgins,HOU,5,0,5,5.7,9.4,11.6,0.6,0.2,1.0,1.4,0.8,6.4,8.5,
487,Trevor Keels,NYK,3,3,0,2.7,1.0,1.7,0.0,0.3,0.0,0.0,0.3,0.0,33.3,
488,Trey Lyles,SAC,68,41,27,16.9,19.1,14.6,0.9,0.1,1.8,2.3,1.1,4.8,5.7,
489,Trey Murphy III,NOP,74,36,38,30.4,23.4,23.4,1.4,0.4,2.6,3.4,1.9,6.0,7.9,
490,Troy Brown Jr.,LAL,70,35,35,24.9,19.6,14.7,1.2,0.1,2.5,3.1,1.5,6.3,7.5,
491,Ty Jerome,GSW,44,21,23,18.5,32.4,32.4,3.1,0.3,6.0,8.3,3.7,9.5,11.5,
492,TyTy Washington Jr.,HOU,30,5,25,13.7,21.3,22.7,1.6,0.3,3.0,3.9,2.0,7.3,9.4,
493,Tyler Dorsey,DAL,3,2,1,2.8,0.7,1.7,0.0,0.0,0.0,0.0,0.0,0.0,0.0,
494,Tyler Herro,MIA,63,33,30,35.3,43.9,50.0,4.2,0.7,8.6,11.4,5.5,9.6,12.5,
495,Tyrese Haliburton,IND,56,28,28,33.6,72.8,77.5,10.4,1.0,19.8,27.4,12.6,14.3,17.3,
496,Tyrese Martin,ATL,13,8,5,3.5,3.2,2.8,0.0,0.1,0.2,0.0,0.1,0.0,2.4,
497,Tyrese Maxey,PHI,57,37,20,33.4,48.9,55.6,3.6,0.5,6.5,9.8,4.7,7.3,9.5,
498,Tyus Jones,MEM,75,48,27,24.2,42.7,45.3,5.1,0.6,8.9,12.8,5.9,11.9,13.8,
499,Udoka Azubuike,UTA,31,16,15,7.8,4.5,4.0,0.3,0.1,0.4,0.6,0.4,6.4,7.8,
500,Udonis Haslem,MIA,6,3,3,7.9,7.3,4.8,0.0,0.2,0.5,0.0,0.2,0.0,2.3,
501,Usman Garuba,HOU,70,17,53,13.3,16.0,9.2,0.9,0.1,1.6,2.3,1.0,5.7,6.5,
502,Vernon Carey Jr.,WAS,11,8,3,2.6,3.0,2.2,0.3,0.0,0.4,0.6,0.3,9.1,9.1,
503,Victor Oladipo,MIA,40,22,18,26.4,35.2,39.7,3.4,0.4,6.5,9.0,4.4,9.5,12.4,
504,Vince Williams Jr.,MEM,11,6,5,4.7,3.6,3.0,0.3,0.0,0.7,0.6,0.3,7.5,7.5,
505,Vit Krejci,ATL,25,13,12,5.4,4.6,4.6,0.5,0.0,1.0,1.4,0.6,11.3,12.2,
506,Vlatko Cancar,DEN,54,36,18,15.0,15.4,14.8,1.4,0.1,2.5,3.5,1.6,8.8,10.3,
507,Walker Kessler,UTA,72,34,38,22.9,16.7,13.0,0.9,0.1,1.5,2.5,1.0,5.6,6.2,
508,Wendell Carter Jr.,ORL,53,24,29,30.0,38.3,33.2,2.3,0.1,3.9,5.9,2.7,6.1,7.1,
509,Wendell Moore Jr.,MIN,27,14,13,5.5,7.4,7.7,0.7,0.0,1.1,1.8,0.8,9.0,10.9,
510,Wenyen Gabriel,LAL,62,32,30,15.2,14.9,8.7,0.5,0.1,1.2,1.4,0.6,3.5,4.2,
511,Wesley Matthews,MIL,47,34,13,15.5,10.4,8.5,0.6,0.1,1.4,1.8,0.8,6.1,7.8,
512,Will Barton,TOR,52,25,27,17.9,21.0,23.3,2.1,0.3,3.8,5.2,2.6,9.8,12.3,
513,Willy Hernangomez,NOP,38,23,15,12.0,16.5,13.8,0.9,0.1,1.4,2.3,1.1,5.3,6.4,
514,Xavier Cooks,WAS,4,1,3,3.4,3.0,1.3,0.3,0.0,0.5,0.8,0.3,8.3,8.3,
515,Xavier Moon,LAC,2,1,1,4.3,7.5,6.5,1.0,0.0,2.5,2.5,1.0,13.3,13.3,
516,Xavier Tillman,MEM,57,37,20,19.1,24.3,16.6,1.6,0.1,2.8,4.0,1.8,6.5,7.6,
517,Yuta Watanabe,BKN,53,26,27,16.5,12.3,10.7,0.8,0.1,1.4,2.2,1.0,6.9,8.0,
518,Zach Collins,SAS,60,18,42,22.9,26.1,25.6,2.9,0.2,4.4,7.2,3.3,10.9,12.6,
519,Zach LaVine,CHI,71,34,37,36.2,37.4,49.0,4.2,0.7,7.9,10.7,5.3,11.1,14.2,
520,Zeke Nnaji,DEN,48,33,15,13.5,8.4,8.0,0.3,0.1,0.6,0.9,0.4,4.0,4.7,
521,Ziaire Williams,MEM,36,21,15,14.7,10.2,11.1,0.7,0.1,1.3,2.0,0.9,7.1,9.3,
522,Zion Williamson,NOP,29,17,12,33.0,40.5,44.1,4.6,0.5,9.2,12.8,5.6,11.3,13.7,
