,PLAYER,TEAM,GP,W,L,MIN,PTS,FGM,FGA,FG%,3PM,3PA,3P%,eFG%
0,A.J. Lawson,DAL,13,5,8,4.8,0.0,0.0,0.2,0.0,0.0,0.1,0.0,0.0
1,AJ Green,MIL,32,25,7,9.4,1.0,0.4,1.1,38.2,0.2,0.7,33.3,48.5
2,AJ Griffin,ATL,63,29,34,19.4,2.9,1.3,2.5,50.0,0.4,0.8,46.2,57.5
3,Aaron Gordon,DEN,60,41,19,30.1,1.7,0.6,1.6,38.8,0.4,0.9,41.1,50.5
4,Aaron Holiday,ATL,54,28,26,13.6,0.9,0.4,1.0,39.6,0.1,0.3,37.5,45.3
5,Aaron Nesmith,IND,63,27,36,24.7,1.1,0.4,1.1,41.8,0.2,0.5,44.1,53.0
6,Aaron Wiggins,OKC,59,32,27,18.4,0.2,0.1,0.3,33.3,0.1,0.1,50.0,43.3
7,Admiral Schofield,ORL,31,12,19,11.9,0.0,0.0,0.2,0.0,0.0,0.1,0.0,0.0
8,Al Horford,BOS,56,39,17,31.0,0.3,0.1,0.3,50.0,0.1,0.1,75.0,59.4
9,Alec Burks,DET,51,12,39,22.0,4.8,2.0,4.6,42.6,0.9,2.2,39.6,51.9
10,Aleksej Pokusevski,OKC,31,15,16,21.9,0.4,0.2,0.6,27.8,0.0,0.2,20.0,30.6
11,Alex Caruso,CHI,59,27,32,24.0,0.2,0.1,0.4,19.2,0.1,0.2,25.0,25.0
12,Alex Len,SAC,18,12,6,3.2,0.1,0.1,0.1,100,0.0,0.0,-,100
13,Alize Johnson,SAS,4,1,3,7.4,0.0,0.0,0.3,0.0,0.0,0.3,0.0,0.0
14,Alondes Williams,BKN,1,1,0,5.3,0.0,0.0,0.0,-,-,-,-,-
15,Alperen Sengun,HOU,65,14,51,28.5,0.4,0.2,0.5,38.2,0.0,0.1,0.0,38.2
16,Amir Coffey,LAC,45,23,22,13.2,0.5,0.2,0.8,28.6,0.0,0.1,16.7,30.0
17,Andre Drummond,CHI,58,27,31,12.6,0.0,0.0,0.0,50.0,0.0,0.0,-,50.0
18,Andre Iguodala,GSW,8,3,5,14.1,0.0,0.0,0.1,0.0,0.0,0.1,0.0,0.0
19,Andrew Nembhard,IND,65,29,36,27.1,2.1,0.9,2.7,33.5,0.3,0.9,31.6,38.6
20,Andrew Wiggins,GSW,37,19,18,32.2,2.3,1.1,3.1,33.9,0.2,0.8,24.1,37.0
21,Anfernee Simons,POR,62,27,35,35.0,7.3,2.9,7.4,39.5,1.5,4.1,35.5,49.3
22,Anthony Davis,LAL,46,23,23,33.6,2.3,1.1,2.8,40.0,0.0,0.1,0.0,40.0
23,Anthony Edwards,MIN,71,35,36,36.0,7.4,2.9,8.2,35.3,1.6,4.8,34.3,45.3
24,Anthony Gill,WAS,48,18,30,10.0,0.0,0.0,0.1,14.3,0.0,0.1,0.0,14.3
25,Anthony Lamb,GSW,53,29,24,20.0,0.3,0.1,0.4,26.3,0.1,0.2,30.8,36.8
26,Austin Reaves,LAL,54,27,27,27.8,2.3,1.0,2.2,46.6,0.3,0.7,39.5,53.0
27,Austin Rivers,MIN,52,25,27,19.5,0.2,0.1,0.4,14.3,0.1,0.3,18.8,21.4
28,Ayo Dosunmu,CHI,69,34,35,26.8,0.7,0.3,0.9,38.7,0.0,0.0,33.3,39.5
29,Bam Adebayo,MIA,68,36,32,35.1,2.9,1.5,3.3,44.4,0.0,0.1,0.0,44.4
30,Ben Simmons,BKN,42,24,18,26.3,0.2,0.1,0.4,23.5,0.0,0.0,0.0,23.5
31,Bennedict Mathurin,IND,68,30,38,27.8,2.5,1.0,2.8,34.2,0.6,1.6,35.8,44.0
32,Bismack Biyombo,PHX,51,26,25,13.6,0.0,0.0,0.0,50.0,-,-,-,50.0
33,Blake Griffin,BOS,34,21,13,14.3,0.0,0.0,0.2,0.0,0.0,0.2,0.0,0.0
34,Blake Wesley,SAS,26,6,20,16.6,0.8,0.4,1.6,23.8,0.1,0.2,40.0,26.2
35,Boban Marjanovic,HOU,25,4,21,4.7,0.2,0.1,0.3,37.5,0.0,0.0,-,37.5
36,Bobby Portis,MIL,60,40,20,26.0,1.6,0.8,2.1,37.8,0.0,0.1,14.3,38.2
37,Bogdan Bogdanovic,ATL,45,22,23,28.3,4.1,1.7,4.1,41.3,0.8,1.8,42.0,50.5
38,Bojan Bogdanovic,DET,59,15,44,32.1,5.4,2.4,5.5,43.7,0.6,1.7,32.7,48.8
39,Bol Bol,ORL,67,26,41,21.4,1.3,0.6,1.6,35.5,0.1,0.5,29.4,40.2
40,Bones Hyland,LAC,47,30,17,19.0,3.9,1.4,4.2,33.7,1.0,2.8,36.8,46.2
41,Bradley Beal,WAS,49,24,25,33.5,7.2,3.2,7.3,44.4,0.7,2.2,33.6,49.4
42,Brandon Boston Jr.,LAC,21,8,13,11.7,2.2,1.0,2.4,40.0,0.3,0.7,46.7,47.0
43,Brandon Clarke,MEM,56,32,24,19.5,0.3,0.1,0.2,61.5,0.0,0.0,-,61.5
44,Brandon Ingram,NOP,34,15,19,33.2,7.9,3.8,9.2,41.2,0.4,1.1,33.3,43.1
45,Braxton Key,DET,3,0,3,3.0,0.7,0.3,0.3,100,-,-,-,100
46,Brook Lopez,MIL,69,50,19,30.7,0.9,0.4,1.0,37.5,0.1,0.3,30.4,42.4
47,Bruce Brown,DEN,71,48,23,28.1,1.2,0.6,1.5,36.4,0.1,0.4,26.7,40.0
48,Bruno Fernando,ATL,34,10,24,10.9,0.1,0.0,0.1,50.0,0.0,0.0,-,50.0
49,Bryce McGowens,CHA,37,12,25,14.5,0.1,0.1,0.4,12.5,0.0,0.2,14.3,15.6
50,Bryn Forbes,MIN,25,9,16,10.7,1.1,0.5,1.3,37.5,0.2,0.6,28.6,43.8
51,Buddy Boeheim,DET,6,1,5,10.9,0.0,0.0,0.2,0.0,0.0,0.2,0.0,0.0
52,Buddy Hield,IND,72,32,40,31.7,4.6,1.7,4.0,43.3,1.1,2.5,43.7,57.1
53,CJ McCollum,NOP,64,30,34,35.2,8.5,3.7,8.7,42.2,1.2,3.1,37.3,49.0
54,Cade Cunningham,DET,12,3,9,33.3,8.0,3.7,8.8,41.5,0.7,2.8,24.2,45.3
55,Caleb Houstan,ORL,42,15,27,15.1,0.2,0.1,0.2,42.9,0.0,0.1,50.0,57.1
56,Caleb Martin,MIA,62,33,29,29.8,1.5,0.6,1.4,46.0,0.2,0.5,44.1,54.6
57,Cam Reddish,POR,36,13,23,25.0,1.2,0.4,1.3,35.6,0.3,0.8,35.7,46.7
58,Cam Thomas,BKN,52,28,24,16.6,3.7,1.6,4.2,37.3,0.5,1.5,35.9,43.8
59,Cameron Johnson,BKN,32,19,13,28.0,2.6,1.2,2.5,45.7,0.3,0.7,42.9,51.2
60,Cameron Payne,PHX,39,21,18,21.4,4.1,1.7,3.9,42.2,0.7,1.7,43.1,51.3
61,Caris LeVert,CLE,67,40,27,30.0,2.7,1.1,3.2,33.2,0.6,1.5,36.3,41.7
62,Carlik Jones,CHI,2,1,1,11.4,0.0,0.0,0.5,0.0,0.0,0.0,-,0.0
63,Cedi Osman,CLE,68,42,26,20.6,0.9,0.3,0.9,33.9,0.3,0.7,38.8,49.2
64,Charles Bassey,SAS,35,9,26,14.5,0.4,0.2,0.3,60.0,0.1,0.1,66.7,70.0
65,Chima Moneke,SAC,2,1,1,4.0,0.0,0.0,0.0,-,-,-,-,-
66,Chimezie Metu,SAC,58,36,22,10.9,0.0,0.0,0.1,14.3,0.0,0.1,0.0,14.3
67,Chris Boucher,TOR,66,33,33,19.8,0.3,0.2,0.4,40.0,0.0,0.1,25.0,44.0
68,Chris Duarte,IND,45,19,26,19.8,2.3,0.9,3.1,29.7,0.4,1.6,28.2,37.0
69,Chris Paul,PHX,50,26,24,32.1,7.7,3.5,8.3,41.8,0.8,2.8,29.5,46.7
70,Chris Silva,DAL,1,1,0,3.0,0.0,0.0,0.0,-,-,-,-,-
71,Christian Braun,DEN,66,44,22,14.5,0.3,0.1,0.4,30.8,0.1,0.2,45.5,40.4
72,Christian Koloko,TOR,49,24,25,14.0,0.0,0.0,0.0,-,0.0,0.0,-,-
73,Christian Wood,DAL,59,31,28,26.8,1.0,0.4,1.6,26.6,0.1,0.7,16.3,30.3
74,Chuma Okeke,ORL,22,6,16,18.8,0.5,0.2,0.6,30.8,0.1,0.3,33.3,38.5
75,Clint Capela,ATL,55,29,26,26.6,0.0,0.0,0.0,0.0,0.0,0.0,-,0.0
76,Coby White,CHI,63,31,32,22.6,1.4,0.6,1.7,35.2,0.2,0.8,29.2,41.9
77,Cody Martin,CHA,7,2,5,19.1,0.3,0.1,1.4,10.0,0.0,0.7,0.0,10.0
78,Cody Zeller,MIA,10,4,6,13.0,0.0,0.0,0.2,0.0,0.0,0.0,-,0.0
79,Cole Anthony,ORL,52,23,29,25.5,3.3,1.5,3.4,43.3,0.4,1.0,38.0,48.6
80,Cole Swider,LAL,6,1,5,6.7,0.0,0.0,0.5,0.0,0.0,0.3,0.0,0.0
81,Collin Sexton,UTA,47,24,23,24.0,2.4,1.0,2.1,46.0,0.4,0.9,47.6,56.0
82,Corey Kispert,WAS,63,28,35,27.5,0.4,0.1,0.4,32.1,0.1,0.3,35.3,42.9
83,Cory Joseph,DET,53,11,42,18.3,1.9,0.8,2.1,38.4,0.3,0.9,30.4,44.6
84,D'Angelo Russell,LAL,64,33,31,32.5,6.6,2.7,6.3,42.8,1.2,3.1,38.8,52.5
85,Daishen Nix,HOU,48,12,36,16.7,1.0,0.4,0.9,37.8,0.3,0.8,37.5,54.4
86,Dalano Banton,TOR,27,14,13,9.3,0.4,0.2,1.1,17.2,0.1,0.4,16.7,20.7
87,Dalen Terry,CHI,28,14,14,4.9,0.3,0.1,0.2,60.0,0.1,0.1,66.7,80.0
88,Damian Jones,UTA,31,10,21,9.8,0.0,0.0,0.0,-,0.0,0.0,-,-
89,Damian Lillard,POR,57,26,31,36.4,10.6,3.9,9.8,40.5,2.8,7.4,37.2,54.6
90,Damion Lee,PHX,70,38,32,20.7,0.8,0.4,1.2,32.6,0.0,0.2,13.3,33.7
91,Daniel Gafford,WAS,69,30,39,19.7,0.1,0.0,0.1,60.0,-,-,-,60.0
92,Daniel Theis,IND,7,1,6,15.5,0.0,0.0,0.0,-,0.0,0.0,-,-
93,Danny Green,CLE,9,5,4,9.8,0.6,0.2,0.6,40.0,0.1,0.3,33.3,50.0
94,Danuel House Jr.,PHI,47,32,15,14.2,1.1,0.4,0.9,46.5,0.3,0.7,41.9,61.6
95,Dario Saric,OKC,52,25,27,14.3,0.3,0.1,0.5,29.2,0.0,0.1,20.0,31.3
96,Darius Bazley,PHX,39,18,21,14.9,0.1,0.1,0.3,20.0,0.0,0.0,100,25.0
97,Darius Days,HOU,4,0,4,6.2,0.0,0.0,0.0,-,0.0,0.0,-,-
98,Darius Garland,CLE,62,35,27,35.2,7.6,3.1,7.4,42.3,1.4,3.6,38.5,51.5
99,David Duke Jr.,BKN,18,7,11,9.6,0.1,0.1,0.3,20.0,0.0,0.1,0.0,20.0
100,David Roddy,MEM,59,37,22,16.9,0.5,0.2,0.5,42.9,0.1,0.2,27.3,48.2
101,Davion Mitchell,SAC,70,42,28,17.8,1.3,0.5,1.6,34.9,0.2,0.7,28.0,41.3
102,Davis Bertans,DAL,40,19,21,10.8,0.4,0.2,0.3,54.5,0.1,0.3,50.0,77.3
103,Davon Reed,LAL,40,26,14,8.4,0.6,0.2,0.7,32.1,0.1,0.2,66.7,39.3
104,Day'Ron Sharpe,BKN,37,16,21,11.1,0.1,0.0,0.0,100,0.0,0.0,100,150.0
105,De'Aaron Fox,SAC,64,40,24,34.0,8.3,3.7,8.8,42.2,0.9,2.6,32.5,47.1
106,De'Andre Hunter,ATL,61,33,28,32.0,4.2,2.0,4.0,50.8,0.2,0.5,39.4,53.5
107,De'Anthony Melton,PHI,68,46,22,28.0,1.6,0.6,1.8,33.1,0.4,1.3,32.2,44.8
108,DeAndre Jordan,DEN,35,22,13,14.3,0.0,0.0,0.0,-,0.0,0.0,-,-
109,DeMar DeRozan,CHI,65,33,32,36.8,10.0,4.9,10.3,47.9,0.1,0.3,28.6,48.4
110,Dean Wade,CLE,39,27,12,19.9,0.1,0.1,0.2,28.6,0.0,0.1,50.0,35.7
111,Deandre Ayton,PHX,61,30,31,30.4,1.0,0.5,1.1,45.5,0.0,0.0,100,47.0
112,Dejounte Murray,ATL,66,33,33,36.4,8.6,4.0,8.6,46.3,0.7,1.7,37.4,50.1
113,Delon Wright,WAS,42,23,19,24.0,1.3,0.5,1.2,42.3,0.3,0.7,40.0,53.8
114,Deni Avdija,WAS,69,31,38,25.9,0.3,0.1,0.7,17.0,0.1,0.5,18.8,23.4
115,Dennis Schroder,LAL,58,31,27,30.5,2.8,1.3,3.3,40.6,0.1,0.5,23.3,42.4
116,Dennis Smith Jr.,CHA,51,17,34,25.7,1.1,0.6,2.3,24.8,0.0,0.4,0.0,24.8
117,Deonte Burton,SAC,2,1,1,3.2,0.0,0.0,0.0,-,0.0,0.0,-,-
118,Dereon Seabron,NOP,5,2,3,2.3,0.0,0.0,0.0,-,-,-,-,-
119,Derrick Jones Jr.,CHI,54,24,30,13.6,0.1,0.0,0.1,66.7,0.0,0.0,50.0,83.3
120,Derrick Rose,NYK,27,12,15,12.5,2.1,0.9,2.1,41.4,0.4,1.0,38.5,50.0
121,Derrick White,BOS,72,49,23,28.0,1.8,0.8,1.7,45.5,0.3,0.8,36.1,54.5
122,Desmond Bane,MEM,49,31,18,31.3,6.1,2.4,5.6,43.0,1.4,3.3,40.9,55.3
123,Devin Booker,PHX,44,27,17,34.5,11.6,5.2,11.6,44.6,1.3,3.9,32.2,50.0
124,Devin Vassell,SAS,36,12,24,31.2,5.9,2.7,6.8,39.8,0.5,1.9,26.5,43.5
125,Devon Dotson,WAS,6,1,5,8.9,0.0,0.0,0.5,0.0,0.0,0.0,-,0.0
126,Devonte' Graham,SAS,66,30,36,17.8,2.4,0.9,2.4,36.9,0.6,1.8,34.7,50.3
127,Dewayne Dedmon,PHI,33,20,13,11.0,0.5,0.2,0.3,63.6,0.0,0.0,100,68.2
128,Dillon Brooks,MEM,65,41,24,30.5,4.2,1.8,5.1,35.0,0.6,2.1,29.1,40.9
129,Domantas Sabonis,SAC,69,42,27,34.8,0.3,0.1,0.3,50.0,0.0,0.0,0.0,50.0
130,Dominick Barlow,SAS,17,2,15,11.7,0.1,0.1,0.1,100,0.0,0.0,-,100
131,Donovan Mitchell,CLE,61,39,22,35.5,10.3,4.1,9.6,42.5,2.2,5.7,38.8,54.0
132,Donte DiVincenzo,GSW,63,35,28,26.6,0.6,0.2,1.1,20.9,0.1,0.8,18.8,27.6
133,Dorian Finney-Smith,BKN,57,26,31,31.2,0.3,0.1,0.5,23.1,0.1,0.4,28.6,34.6
134,Doug McDermott,SAS,59,18,41,20.7,1.7,0.7,1.6,41.2,0.3,0.7,45.5,51.5
135,Draymond Green,GSW,64,34,30,31.5,0.1,0.0,0.2,27.3,0.0,0.0,100,31.8
136,Drew Eubanks,POR,69,29,40,19.7,0.2,0.1,0.2,41.2,0.0,0.0,-,41.2
137,Dru Smith,BKN,10,4,6,12.4,1.0,0.5,1.2,41.7,0.0,0.4,0.0,41.7
138,Duane Washington Jr.,NYK,31,17,14,12.7,3.4,1.4,3.5,39.3,0.6,1.5,43.5,48.6
139,Duncan Robinson,MIA,35,16,19,16.5,1.7,0.6,1.6,39.3,0.5,1.2,37.2,53.6
140,Dwight Powell,DAL,67,35,32,19.9,0.0,0.0,0.0,33.3,0.0,0.0,0.0,33.3
141,Dylan Windler,CLE,2,2,0,4.0,0.0,0.0,0.0,-,0.0,0.0,-,-
142,Dyson Daniels,NOP,49,25,24,18.6,0.3,0.1,0.5,28.0,0.1,0.3,23.1,34.0
143,Edmond Sumner,BKN,48,28,20,14.4,0.7,0.3,0.8,38.9,0.1,0.3,30.8,44.4
144,Eric Gordon,LAC,60,19,41,29.3,1.8,0.6,1.8,34.6,0.5,1.4,36.9,49.1
145,Eugene Omoruyi,DET,32,10,22,14.4,0.1,0.0,0.2,14.3,0.0,0.1,25.0,21.4
146,Evan Fournier,NYK,23,13,10,18.0,2.4,1.0,3.0,31.9,0.5,1.9,27.3,40.6
147,Evan Mobley,CLE,71,43,28,34.2,1.2,0.6,1.5,40.8,0.0,0.0,100,41.3
148,Facundo Campazzo,DAL,8,2,6,6.5,0.4,0.1,0.6,20.0,0.1,0.6,20.0,30.0
149,Frank Jackson,UTA,1,0,1,5.1,0.0,0.0,1.0,0.0,0.0,0.0,-,0.0
150,Frank Kaminsky,HOU,33,12,21,6.4,0.1,0.0,0.1,25.0,0.0,0.0,-,25.0
151,Frank Ntilikina,DAL,43,19,24,11.5,0.4,0.2,0.5,42.9,0.0,0.2,12.5,45.2
152,Franz Wagner,ORL,71,28,43,32.9,2.8,1.1,3.3,33.6,0.5,1.9,28.4,41.7
153,Fred VanVleet,TOR,60,29,31,37.0,7.4,2.9,7.6,38.5,1.5,4.5,33.7,48.5
154,Furkan Korkmaz,PHI,29,21,8,9.4,0.8,0.3,0.9,40.0,0.1,0.4,36.4,48.0
155,Gabe Vincent,MIA,59,32,27,26.3,3.1,1.3,3.1,40.5,0.6,1.8,32.1,49.7
156,Garrett Temple,NOP,20,12,8,7.1,0.2,0.1,0.4,14.3,0.1,0.2,25.0,21.4
157,Garrison Mathews,ATL,48,13,35,12.7,0.5,0.2,0.5,32.0,0.2,0.5,34.8,48.0
158,Gary Harris,ORL,41,17,24,25.0,1.1,0.4,1.0,38.1,0.3,0.7,41.4,52.4
159,Gary Payton II,GSW,15,8,7,17.0,0.0,0.0,0.0,-,0.0,0.0,-,-
160,Gary Trent Jr.,TOR,63,30,33,32.6,5.3,2.3,5.9,39.0,0.6,2.2,29.4,44.4
161,George Hill,IND,41,26,15,18.7,0.8,0.4,1.0,38.5,0.1,0.5,19.0,43.6
162,Georges Niang,PHI,68,46,22,19.2,0.4,0.2,0.5,32.4,0.1,0.4,22.2,40.5
163,Giannis Antetokounmpo,MIL,56,42,14,32.5,3.5,1.6,4.9,32.4,0.4,1.5,25.6,36.4
164,Goga Bitadze,ORL,29,9,20,10.4,0.1,0.0,0.1,50.0,0.0,0.1,50.0,75.0
165,Goran Dragic,MIL,51,23,28,15.4,1.7,0.8,2.3,35.3,0.1,0.7,17.1,37.9
166,Gordon Hayward,CHA,47,18,29,31.5,4.3,2.0,4.7,43.2,0.2,0.7,27.3,45.3
167,Gorgui Dieng,SAS,24,2,22,9.8,0.3,0.1,0.8,16.7,0.0,0.6,7.1,19.4
168,Grant Williams,BOS,69,47,22,26.7,1.2,0.4,1.0,40.3,0.3,0.7,46.8,55.6
169,Grayson Allen,MIL,65,48,17,27.8,1.5,0.5,1.6,32.1,0.4,1.3,35.4,45.8
170,Greg Brown III,POR,16,10,6,5.8,0.0,0.0,0.1,0.0,0.0,0.1,0.0,0.0
171,Hamidou Diallo,DET,56,12,44,17.8,1.1,0.5,1.2,42.0,0.0,0.1,50.0,43.5
172,Harrison Barnes,SAC,71,43,28,32.8,1.3,0.5,1.3,40.2,0.3,0.7,41.7,51.1
173,Haywood Highsmith,MIA,48,25,23,18.3,0.3,0.1,0.3,33.3,0.0,0.1,40.0,40.0
174,Herbert Jones,NOP,55,23,32,29.1,0.1,0.1,0.2,25.0,0.0,0.1,33.3,29.2
175,Immanuel Quickley,NYK,72,42,30,28.4,4.3,1.7,4.5,38.4,0.8,2.4,33.9,47.4
176,Isaac Okoro,CLE,73,45,28,21.8,0.1,0.0,0.1,33.3,0.0,0.1,42.9,50.0
177,Isaiah Hartenstein,NYK,73,42,31,19.7,0.1,0.0,0.1,37.5,0.0,0.0,-,37.5
178,Isaiah Jackson,IND,53,21,32,15.4,0.2,0.1,0.2,50.0,0.0,0.0,0.0,50.0
179,Isaiah Joe,OKC,63,32,31,18.1,2.0,0.8,1.8,45.1,0.4,1.1,37.7,56.6
180,Isaiah Livers,DET,46,10,36,22.4,1.1,0.5,1.1,43.1,0.2,0.4,36.8,50.0
181,Isaiah Mobley,CLE,9,6,3,3.4,0.0,0.0,0.1,0.0,0.0,0.0,-,0.0
182,Isaiah Roby,SAS,42,9,33,11.3,0.5,0.2,0.6,29.6,0.1,0.3,28.6,37.0
183,Isaiah Stewart,DET,50,12,38,28.3,0.0,0.0,0.1,16.7,0.0,0.1,0.0,16.7
184,Isaiah Todd,WAS,4,2,2,3.1,0.0,0.0,0.0,-,0.0,0.0,-,-
185,Ish Smith,DEN,36,22,14,9.0,1.4,0.7,1.9,38.8,0.0,0.1,0.0,38.8
186,Ish Wainright,PHX,53,28,25,15.3,0.3,0.1,0.3,35.7,0.1,0.2,33.3,50.0
187,Ivica Zubac,LAC,66,37,29,29.2,0.0,0.0,0.0,0.0,0.0,0.0,-,0.0
188,JD Davison,BOS,8,7,1,2.3,0.0,0.0,0.4,0.0,0.0,0.0,-,0.0
189,JT Thor,CHA,60,18,42,11.9,0.2,0.1,0.4,22.7,0.0,0.1,0.0,22.7
190,Ja Morant,MEM,53,34,19,32.5,6.8,2.9,7.4,39.0,1.0,3.3,30.6,45.8
191,JaMychal Green,GSW,53,27,26,14.3,0.0,0.0,0.0,0.0,0.0,0.0,0.0,0.0
192,JaVale McGee,DAL,37,18,19,8.0,0.1,0.0,0.1,25.0,0.0,0.0,0.0,25.0
193,Jabari Smith Jr.,HOU,69,17,52,30.7,2.5,1.1,3.0,36.2,0.3,0.9,37.7,41.8
194,Jabari Walker,POR,46,20,26,8.7,0.0,0.0,0.1,0.0,0.0,0.0,0.0,0.0
195,Jack White,DEN,16,12,4,3.2,0.0,0.0,0.0,-,0.0,0.0,-,-
196,Jaden Hardy,DAL,38,18,20,13.9,2.0,0.8,1.9,40.5,0.4,1.1,39.5,52.0
197,Jaden Ivey,DET,64,15,49,30.4,3.8,1.6,4.6,35.2,0.6,2.0,30.4,41.6
198,Jaden McDaniels,MIN,70,35,35,30.8,1.3,0.6,1.4,42.7,0.1,0.2,41.2,46.4
199,Jaden Springer,PHI,10,10,0,4.0,0.0,0.0,0.3,0.0,0.0,0.0,-,0.0
200,Jae Crowder,MIL,11,9,2,18.7,1.5,0.6,1.1,58.3,0.3,0.6,42.9,70.8
201,Jae'Sean Tate,HOU,31,7,24,21.9,0.3,0.1,0.5,25.0,0.0,0.2,20.0,28.1
202,Jake LaRavia,MEM,33,22,11,11.9,0.2,0.1,0.3,20.0,0.0,0.3,11.1,25.0
203,Jakob Poeltl,TOR,62,20,42,26.7,0.5,0.3,0.5,56.7,0.0,0.0,0.0,56.7
204,Jalen Brunson,NYK,64,37,27,34.9,8.4,3.7,8.2,44.9,1.1,2.8,38.2,51.3
205,Jalen Duren,DET,58,15,43,24.5,0.1,0.1,0.2,27.3,0.0,0.0,-,27.3
206,Jalen Green,HOU,66,16,50,34.1,6.5,2.6,7.3,35.1,1.3,4.1,31.9,44.0
207,Jalen Johnson,ATL,64,32,32,14.5,0.2,0.1,0.3,27.3,0.0,0.1,0.0,27.3
208,Jalen McDaniels,PHI,71,26,45,24.3,0.7,0.3,0.9,35.9,0.0,0.1,16.7,36.7
209,Jalen Smith,IND,60,29,31,18.5,0.3,0.1,0.4,34.8,0.1,0.1,60.0,41.3
210,Jalen Suggs,ORL,45,17,28,23.7,2.6,1.0,2.9,35.9,0.5,1.6,30.1,44.3
211,Jalen Williams,OKC,65,32,33,29.8,1.6,0.7,1.8,39.2,0.1,0.4,34.6,42.9
212,Jamal Cain,MIA,15,8,7,12.4,0.0,0.0,0.2,0.0,0.0,0.0,-,0.0
213,Jamal Murray,DEN,58,39,19,33.0,8.5,3.5,8.6,40.7,1.5,3.7,39.8,49.3
214,Jamaree Bouyea,WAS,5,2,3,14.1,0.6,0.2,0.8,25.0,0.2,0.6,33.3,37.5
215,James Bouknight,CHA,26,5,21,13.6,1.2,0.5,1.4,33.3,0.3,0.9,34.8,44.4
216,James Harden,PHI,53,36,17,36.9,8.1,3.0,7.7,39.5,2.0,5.4,37.2,52.5
217,James Johnson,IND,14,6,8,8.8,0.5,0.2,0.4,50.0,0.1,0.1,50.0,58.3
218,James Wiseman,DET,35,10,25,18.2,0.1,0.1,0.4,13.3,0.0,0.0,-,13.3
219,Jared Butler,OKC,2,1,1,9.6,1.5,0.5,0.5,100,0.5,0.5,100,150.0
220,Jared Rhoden,DET,6,1,5,8.5,0.3,0.2,0.3,50.0,0.0,0.2,0.0,50.0
221,Jaren Jackson Jr.,MEM,54,34,20,28.0,0.5,0.2,0.7,28.2,0.1,0.4,31.6,35.9
222,Jarred Vanderbilt,LAL,68,35,33,24.4,0.1,0.1,0.2,25.0,0.0,0.0,50.0,28.1
223,Jarrett Allen,CLE,62,39,23,33.0,0.1,0.0,0.1,50.0,0.0,0.0,-,50.0
224,Jarrett Culver,ATL,10,5,5,13.7,0.6,0.3,0.8,37.5,0.0,0.2,0.0,37.5
225,Jason Preston,LAC,13,3,10,9.4,1.0,0.5,1.2,37.5,0.1,0.3,25.0,40.6
226,Javonte Green,CHI,29,12,17,15.8,0.2,0.1,0.2,40.0,0.0,0.0,100,50.0
227,Jaxson Hayes,NOP,43,19,24,13.9,0.0,0.0,0.0,0.0,0.0,0.0,-,0.0
228,Jay Huff,WAS,2,1,1,4.4,0.0,0.0,0.0,-,-,-,-,-
229,Jaylen Brown,BOS,60,40,20,36.2,6.0,2.6,6.4,40.9,0.8,2.6,32.0,47.4
230,Jaylen Nowell,MIN,63,32,31,19.5,3.0,1.3,3.0,42.9,0.4,1.4,30.3,50.0
231,Jaylin Williams,OKC,39,19,20,17.9,0.1,0.1,0.1,66.7,0.0,0.0,100,83.3
232,Jayson Tatum,BOS,67,47,20,37.4,5.7,2.1,7.0,30.3,1.4,4.9,29.1,40.4
233,Jeff Dowtin Jr.,TOR,18,12,6,8.9,0.6,0.3,0.8,33.3,0.1,0.1,50.0,36.7
234,Jeff Green,DEN,48,29,19,19.3,0.5,0.2,0.8,29.7,0.1,0.2,30.0,33.8
235,Jerami Grant,POR,63,28,35,35.6,2.4,1.1,2.8,40.3,0.2,0.4,44.4,43.8
236,Jeremiah Robinson-Earl,OKC,36,12,24,19.4,0.1,0.1,0.1,66.7,0.0,0.1,50.0,83.3
237,Jeremy Sochan,SAS,55,15,40,26.1,1.1,0.5,1.3,39.7,0.1,0.3,35.7,43.2
238,Jericho Sims,NYK,49,29,20,15.8,0.0,0.0,0.1,0.0,0.0,0.0,0.0,0.0
239,Jevon Carter,MIL,71,51,20,22.3,3.3,1.4,3.2,42.3,0.6,1.6,40.5,52.2
240,Jimmy Butler,MIA,58,31,27,33.3,2.9,1.4,3.4,40.1,0.1,0.5,26.7,42.1
241,Jock Landale,PHX,62,32,30,13.9,0.0,0.0,0.2,10.0,0.0,0.0,0.0,10.0
242,Joe Harris,BKN,64,34,30,21.5,0.9,0.3,0.9,39.3,0.3,0.6,42.1,53.6
243,Joe Ingles,MIL,37,26,11,23.1,2.2,0.8,1.5,49.1,0.6,1.4,47.1,70.2
244,Joe Wieskamp,TOR,5,3,2,5.9,0.0,0.0,0.2,0.0,0.0,0.2,0.0,0.0
245,Joel Embiid,PHI,58,39,19,35.0,6.5,3.1,7.1,43.7,0.3,1.2,23.5,45.6
246,John Butler Jr.,POR,9,2,7,3.4,0.0,0.0,0.0,-,0.0,0.0,-,-
247,John Collins,ATL,61,31,30,30.1,0.6,0.3,0.8,39.6,0.0,0.0,0.0,39.6
248,John Konchar,MEM,63,39,24,21.1,0.3,0.1,0.4,34.8,0.1,0.3,35.3,47.8
249,John Wall,LAC,34,15,19,22.2,1.7,0.8,3.1,26.7,0.0,0.6,5.0,27.1
250,Johnny Davis,WAS,17,7,10,7.0,0.6,0.3,1.0,29.4,0.0,0.1,0.0,29.4
251,Johnny Juzang,UTA,9,4,5,10.3,1.3,0.6,0.9,62.5,0.2,0.2,100,75.0
252,Jonas Valanciunas,NOP,68,32,36,24.7,0.2,0.1,0.4,24.0,0.0,0.0,0.0,24.0
253,Jonathan Isaac,ORL,11,8,3,11.3,0.2,0.1,0.5,16.7,0.0,0.0,-,16.7
254,Jonathan Kuminga,GSW,58,31,27,20.5,0.8,0.3,0.8,43.5,0.1,0.2,41.7,48.9
255,Jordan Clarkson,UTA,61,30,31,32.6,5.9,2.4,6.0,39.7,1.2,3.5,34.3,49.7
256,Jordan Goodwin,WAS,51,19,32,16.8,1.5,0.7,1.7,40.7,0.2,0.5,30.8,45.3
257,Jordan Hall,SAS,9,1,8,9.2,1.1,0.4,1.0,44.4,0.2,0.3,66.7,55.6
258,Jordan McLaughlin,MIN,36,18,18,15.9,0.8,0.3,0.8,36.7,0.2,0.6,27.3,46.7
259,Jordan Nwora,IND,52,33,19,17.6,0.9,0.4,1.3,27.5,0.1,0.5,26.9,32.6
260,Jordan Poole,GSW,73,37,36,30.5,5.0,2.0,5.9,33.7,1.1,3.5,30.1,42.7
261,Jordan Schakel,WAS,2,0,2,3.1,1.5,0.5,0.5,100,0.5,0.5,100,150.0
262,Jose Alvarado,NOP,61,30,31,21.5,1.0,0.4,1.2,32.9,0.2,0.5,32.3,39.7
263,Josh Christopher,HOU,54,12,42,11.5,1.4,0.6,1.6,38.6,0.2,0.6,31.3,44.3
264,Josh Giddey,OKC,66,30,36,30.8,2.0,1.0,2.4,39.1,0.1,0.3,20.0,40.4
265,Josh Green,DAL,52,25,27,25.7,0.5,0.2,0.6,41.4,0.0,0.2,25.0,44.8
266,Josh Hart,NYK,67,37,30,32.7,0.6,0.3,0.9,29.5,0.0,0.2,7.1,30.3
267,Josh Minott,MIN,14,6,8,6.5,0.0,0.0,0.1,0.0,0.0,0.1,0.0,0.0
268,Josh Okogie,PHX,61,31,30,17.6,0.6,0.2,0.8,29.4,0.1,0.4,30.8,37.3
269,Josh Richardson,NOP,54,16,38,24.0,3.0,1.4,3.2,43.4,0.2,0.6,34.4,46.6
270,Joshua Primo,SAS,4,3,1,23.3,2.3,1.0,2.3,44.4,0.3,0.8,33.3,50.0
271,Jrue Holiday,MIL,59,44,15,33.0,7.4,2.9,7.5,39.5,1.5,4.3,35.2,49.8
272,Juan Toscano-Anderson,UTA,41,17,24,11.9,0.0,0.0,0.2,12.5,0.0,0.1,0.0,12.5
273,Juancho Hernangomez,TOR,42,20,22,14.6,0.0,0.0,0.1,0.0,0.0,0.1,0.0,0.0
274,Julian Champagnie,SAS,6,4,2,9.3,0.5,0.2,0.3,50.0,0.2,0.2,100,75.0
275,Julius Randle,NYK,73,42,31,35.9,6.4,2.7,6.7,40.1,1.0,3.0,33.8,47.8
276,Justin Champagnie,TOR,3,2,1,3.6,0.0,0.0,0.0,-,-,-,-,-
277,Justin Holiday,DAL,39,17,22,15.5,0.8,0.3,1.0,30.0,0.2,0.5,35.0,38.8
278,Justin Jackson,BOS,23,15,8,4.7,0.1,0.0,0.2,20.0,0.0,0.1,50.0,30.0
279,Justise Winslow,POR,29,15,14,26.8,0.6,0.3,1.0,32.1,0.0,0.0,0.0,32.1
280,Jusuf Nurkic,POR,51,23,28,26.7,0.1,0.1,0.2,30.0,0.0,0.0,50.0,35.0
281,KZ Okpala,SAC,35,19,16,7.1,0.1,0.0,0.1,50.0,0.0,0.0,-,50.0
282,Kai Jones,CHA,38,10,28,10.1,0.2,0.1,0.2,33.3,0.0,0.0,-,33.3
283,Karl-Anthony Towns,MIN,21,10,11,33.8,1.4,0.6,1.5,38.7,0.2,0.5,45.5,46.8
284,Kawhi Leonard,LAC,43,28,15,33.7,8.8,4.0,8.3,47.9,0.8,2.0,40.2,52.8
285,Keegan Murray,SAC,69,42,27,29.6,1.1,0.5,1.1,44.0,0.2,0.4,36.7,51.3
286,Keita Bates-Diop,SAS,56,15,41,21.0,0.3,0.1,0.5,30.8,0.0,0.1,0.0,30.8
287,Keldon Johnson,SAS,60,16,44,32.8,2.1,0.9,2.9,29.0,0.4,1.3,26.9,34.9
288,Kelly Olynyk,UTA,59,28,31,28.3,1.0,0.4,1.0,41.0,0.2,0.4,42.9,48.4
289,Kelly Oubre Jr.,CHA,47,16,31,32.7,3.5,1.5,3.8,39.9,0.5,1.5,31.4,46.1
290,Kemba Walker,DAL,9,5,4,16.0,3.7,1.4,3.4,41.9,0.8,2.3,33.3,53.2
291,Kendall Brown,IND,6,1,5,6.7,0.3,0.2,0.2,100,0.0,0.0,-,100
292,Kendrick Nunn,WAS,60,28,32,13.5,2.0,0.8,2.2,37.4,0.4,1.0,33.9,45.4
293,Kennedy Chandler,MEM,31,20,11,7.9,0.4,0.2,0.5,42.9,0.0,0.1,0.0,42.9
294,Kenneth Lofton Jr.,MEM,16,11,5,4.5,0.3,0.1,0.4,28.6,0.1,0.1,50.0,35.7
295,Kenrich Williams,OKC,53,26,27,22.8,1.0,0.5,1.2,39.1,0.1,0.3,28.6,42.2
296,Kentavious Caldwell-Pope,DEN,69,47,22,31.7,2.2,1.0,2.3,42.2,0.2,0.7,32.6,46.9
297,Kenyon Martin Jr.,HOU,72,18,54,27.4,0.0,0.0,0.1,12.5,0.0,0.1,0.0,12.5
298,Keon Ellis,SAC,12,6,6,3.8,0.8,0.3,0.4,60.0,0.3,0.3,75.0,90.0
299,Keon Johnson,POR,37,13,24,9.1,0.9,0.4,1.3,27.1,0.2,0.6,34.8,35.4
300,Kessler Edwards,SAC,25,12,13,9.2,0.0,0.0,0.2,0.0,0.0,0.0,0.0,0.0
301,Kevin Durant,PHX,42,29,13,35.7,12.0,5.6,10.2,55.0,0.8,2.2,37.2,59.1
302,Kevin Huerter,SAC,66,39,27,29.6,4.1,1.6,3.6,43.5,1.0,2.2,45.1,57.2
303,Kevin Knox II,POR,52,10,42,12.5,0.4,0.2,0.6,28.1,0.0,0.3,13.3,31.3
304,Kevin Love,MIA,54,30,24,20.3,1.0,0.4,1.1,35.1,0.2,0.7,30.0,45.6
305,Kevin Porter Jr.,HOU,50,15,35,34.1,6.7,2.6,7.1,37.3,1.4,4.3,33.3,47.5
306,Kevon Harris,ORL,30,11,19,12.2,0.2,0.1,0.3,20.0,0.1,0.2,28.6,30.0
307,Kevon Looney,GSW,73,37,36,23.6,0.0,0.0,0.1,0.0,0.0,0.0,-,0.0
308,Khem Birch,SAS,20,9,11,8.1,0.0,0.0,0.0,-,0.0,0.0,-,-
309,Khris Middleton,MIL,27,21,6,24.1,4.7,2.0,5.3,37.8,0.7,2.3,32.8,44.8
310,Killian Hayes,DET,66,15,51,27.3,4.2,2.0,5.3,37.5,0.3,1.1,23.9,39.9
311,Kira Lewis Jr.,NOP,21,8,13,10.4,0.9,0.4,0.9,42.1,0.1,0.2,40.0,47.4
312,Klay Thompson,GSW,61,32,29,32.9,6.2,2.5,6.3,40.6,1.1,2.8,39.3,49.2
313,Kris Dunn,UTA,11,6,5,22.8,0.8,0.4,0.5,66.7,0.1,0.1,100,75.0
314,Kristaps Porzingis,WAS,60,25,35,32.7,3.1,1.5,3.5,42.8,0.2,0.6,30.3,45.2
315,Kyle Anderson,MIN,60,30,30,27.8,1.0,0.5,1.1,42.9,0.1,0.2,50.0,48.4
316,Kyle Kuzma,WAS,64,29,35,35.0,3.7,1.5,4.5,32.8,0.7,2.3,32.0,40.9
317,Kyle Lowry,MIA,48,25,23,32.6,3.2,1.2,3.2,38.3,0.7,2.1,34.7,49.7
318,Kyrie Irving,DAL,53,30,23,37.1,10.6,4.4,9.6,46.0,1.8,4.7,38.0,55.3
319,LaMelo Ball,CHA,36,13,23,35.2,7.8,3.0,8.2,36.7,1.8,5.1,34.8,47.6
320,Lamar Stevens,CLE,53,33,20,18.2,0.6,0.3,0.8,37.2,0.0,0.0,0.0,37.2
321,Landry Shamet,PHX,31,14,17,21.4,2.1,0.8,2.6,30.0,0.6,1.7,34.6,41.3
322,Larry Nance Jr.,NOP,54,26,28,21.7,0.1,0.1,0.2,33.3,0.0,0.0,0.0,33.3
323,Lauri Markkanen,UTA,63,32,31,34.4,2.0,0.9,2.2,39.9,0.3,0.8,31.4,45.7
324,LeBron James,LAL,47,24,23,36.1,5.0,2.1,6.4,32.0,0.8,2.8,29.5,38.4
325,Leandro Bolmaro,UTA,14,8,6,4.9,0.3,0.1,0.4,40.0,0.0,0.0,-,40.0
326,Lindell Wigginton,MIL,2,1,1,1.5,0.0,0.0,0.0,-,0.0,0.0,-,-
327,Lindy Waters III,OKC,34,17,17,12.4,0.6,0.2,0.6,36.4,0.1,0.6,26.3,47.7
328,Lonnie Walker IV,LAL,51,23,28,24.5,1.9,0.8,2.3,35.0,0.3,0.9,28.9,40.6
329,Luguentz Dort,OKC,64,32,32,30.4,1.5,0.6,1.6,36.5,0.3,0.9,32.2,45.7
330,Luka Doncic,DAL,57,31,26,36.3,11.7,4.7,11.9,39.4,2.4,6.9,34.3,49.3
331,Luka Garza,MIN,26,14,12,9.0,0.2,0.1,0.1,66.7,0.0,0.0,-,66.7
332,Luke Kennard,MEM,50,30,20,21.1,1.8,0.8,1.8,41.8,0.3,0.8,39.0,50.5
333,Luke Kornet,BOS,59,37,22,11.8,0.1,0.0,0.1,66.7,0.0,0.0,50.0,83.3
334,Malachi Flynn,TOR,46,24,22,13.0,1.1,0.5,1.7,26.9,0.2,0.8,28.6,33.3
335,Malaki Branham,SAS,55,12,43,22.8,2.6,1.2,2.8,43.1,0.2,0.7,23.1,46.1
336,Malcolm Brogdon,BOS,60,41,19,25.9,4.2,1.7,3.6,45.4,0.9,1.9,45.6,57.3
337,Malcolm Hill,CHI,5,4,1,1.8,0.0,0.0,0.0,-,0.0,0.0,-,-
338,Malik Beasley,LAL,71,37,34,26.7,3.8,1.5,3.9,38.1,0.8,2.3,36.6,48.9
339,Malik Monk,SAC,68,42,26,22.6,2.6,1.0,2.8,36.2,0.6,1.8,32.5,46.5
340,Mamadi Diakite,CLE,18,13,5,6.7,0.2,0.1,0.2,25.0,0.1,0.1,50.0,37.5
341,MarJon Beauchamp,MIL,42,28,14,13.8,1.0,0.4,1.2,32.0,0.2,0.7,30.0,41.0
342,Marcus Morris Sr.,LAC,62,34,28,28.2,3.8,1.8,4.1,43.7,0.3,0.7,36.4,46.8
343,Marcus Smart,BOS,54,38,16,32.5,1.4,0.6,1.8,31.6,0.3,1.0,28.6,40.0
344,Mark Williams,CHA,37,15,22,17.7,0.1,0.0,0.0,100,-,-,-,100
345,Markelle Fultz,ORL,51,24,27,30.1,3.3,1.6,3.6,43.5,0.1,0.3,35.7,44.9
346,Markieff Morris,DAL,32,16,16,9.7,0.5,0.3,0.5,47.1,0.0,0.0,100,50.0
347,Marko Simonovic,CHI,3,1,2,1.5,0.0,0.0,0.0,-,0.0,0.0,-,-
348,Marvin Bagley III,DET,34,6,28,22.8,0.6,0.3,0.9,31.0,0.0,0.2,14.3,32.8
349,Mason Plumlee,LAC,69,22,47,27.0,0.3,0.1,0.2,52.9,-,-,-,52.9
350,Matisse Thybulle,POR,64,36,28,15.9,0.2,0.1,0.2,33.3,0.1,0.2,40.0,50.0
351,Matt Ryan,MIN,33,14,19,9.3,0.4,0.2,0.6,25.0,0.1,0.2,37.5,32.5
352,Matthew Dellavedova,SAC,29,17,12,6.4,0.3,0.1,0.4,27.3,0.1,0.1,50.0,36.4
353,Max Christie,LAL,38,16,22,13.3,0.6,0.3,0.6,47.6,0.1,0.1,66.7,52.4
354,Max Strus,MIA,71,37,34,28.9,1.2,0.5,1.4,31.4,0.3,1.1,28.6,42.2
355,Maxi Kleber,DAL,30,17,13,25.8,0.1,0.0,0.1,25.0,0.0,0.1,0.0,25.0
356,McKinley Wright IV,DAL,24,13,11,11.6,0.8,0.4,1.0,37.5,0.1,0.3,25.0,41.7
357,Meyers Leonard,MIL,6,5,1,8.5,0.0,0.0,0.0,-,0.0,0.0,-,-
358,Mfiondu Kabengele,BOS,2,1,1,7.0,0.0,0.0,0.0,-,0.0,0.0,-,-
359,Micah Potter,UTA,3,2,1,4.8,0.0,0.0,0.0,-,-,-,-,-
360,Michael Foster Jr.,PHI,1,1,0,1.0,0.0,0.0,0.0,-,-,-,-,-
361,Michael Porter Jr.,DEN,55,37,18,29.0,3.3,1.3,3.5,37.7,0.6,1.8,35.7,46.9
362,Mikal Bridges,BKN,72,36,36,36.0,5.0,2.4,5.3,45.0,0.3,0.8,38.2,47.8
363,Mike Conley,MIN,58,28,30,30.2,3.9,1.5,4.2,34.8,1.0,3.0,32.6,46.3
364,Mike Muscala,BOS,53,24,29,15.0,0.5,0.2,0.3,55.6,0.1,0.2,62.5,69.4
365,Miles McBride,NYK,56,32,24,12.0,0.5,0.2,0.9,25.0,0.1,0.4,18.2,29.2
366,Mitchell Robinson,NYK,51,30,21,27.2,0.0,0.0,0.0,0.0,-,-,-,0.0
367,Mo Bamba,LAL,47,23,24,16.2,0.1,0.0,0.2,11.1,0.0,0.1,16.7,16.7
368,Monte Morris,WAS,57,26,31,27.7,3.6,1.6,3.5,46.0,0.4,1.1,37.5,52.0
369,Montrezl Harrell,PHI,51,32,19,12.3,0.0,0.0,0.1,16.7,0.0,0.0,-,16.7
370,Moritz Wagner,ORL,49,22,27,20.4,0.0,0.0,0.1,0.0,0.0,0.1,0.0,0.0
371,Moses Brown,BKN,34,16,18,8.5,0.0,0.0,0.0,-,-,-,-,-
372,Moses Moody,GSW,56,30,26,13.1,0.4,0.2,0.4,40.9,0.1,0.2,27.3,47.7
373,Moussa Diabate,LAC,18,8,10,9.5,0.0,0.0,0.1,0.0,0.0,0.0,-,0.0
374,Myles Turner,IND,60,28,32,29.5,0.8,0.4,0.9,39.6,0.1,0.3,35.0,46.2
375,Naji Marshall,NOP,66,32,34,24.6,0.7,0.4,1.1,32.0,0.0,0.2,6.3,32.7
376,Nassir Little,POR,49,22,27,17.5,1.5,0.6,1.3,46.2,0.2,0.5,46.2,55.4
377,Nathan Knight,MIN,36,17,19,7.9,0.1,0.0,0.2,16.7,0.0,0.1,25.0,25.0
378,Naz Reid,MIN,64,29,35,18.1,0.2,0.1,0.4,20.8,0.0,0.2,14.3,25.0
379,Neemias Queta,SAC,4,1,3,6.1,0.0,0.0,0.0,-,-,-,-,-
380,Nerlens Noel,BKN,17,4,13,11.5,0.1,0.1,0.2,25.0,0.0,0.0,-,25.0
381,Nic Claxton,BKN,66,35,31,29.5,0.1,0.0,0.1,75.0,0.0,0.0,0.0,75.0
382,Nick Richards,CHA,58,18,40,18.2,0.0,0.0,0.1,0.0,-,-,-,0.0
383,Nickeil Alexander-Walker,MIN,50,23,27,15.6,1.7,0.7,1.6,42.3,0.4,0.9,40.0,53.8
384,Nicolas Batum,LAC,68,38,30,21.7,0.3,0.1,0.2,46.7,0.1,0.2,54.5,66.7
385,Nikola Jokic,DEN,64,45,19,33.9,1.2,0.5,1.2,46.7,0.1,0.3,42.9,52.7
386,Nikola Jovic,MIA,15,7,8,13.6,0.0,0.0,0.2,0.0,0.0,0.0,-,0.0
387,Nikola Vucevic,CHI,71,34,37,34.3,0.6,0.3,1.0,29.6,0.0,0.0,-,29.6
388,Noah Vonleh,BOS,23,17,6,7.5,0.1,0.0,0.1,33.3,0.0,0.0,0.0,33.3
389,Norman Powell,LAC,54,27,27,25.8,3.1,1.3,3.2,39.1,0.5,1.5,34.9,47.4
390,O.G. Anunoby,TOR,58,28,30,35.7,1.8,0.8,2.3,36.6,0.2,0.6,28.6,40.5
391,Obi Toppin,NYK,58,32,26,14.3,0.3,0.1,0.4,28.0,0.1,0.3,31.3,38.0
392,Ochai Agbaji,UTA,48,27,21,18.3,0.4,0.1,0.3,37.5,0.1,0.3,38.5,53.1
393,Olivier Sarr,OKC,3,1,2,10.7,0.0,0.0,0.0,-,0.0,0.0,-,-
394,Omer Yurtseven,MIA,5,3,2,6.8,0.0,0.0,0.0,-,0.0,0.0,-,-
395,Onyeka Okongwu,ATL,69,35,34,23.5,0.1,0.0,0.1,33.3,0.0,0.0,0.0,33.3
396,Orlando Robinson,MIA,29,17,12,13.7,0.0,0.0,0.0,-,0.0,0.0,-,-
397,Oshae Brissett,IND,56,24,32,16.4,0.2,0.1,0.3,28.6,0.1,0.1,37.5,39.3
398,Otto Porter Jr.,TOR,8,4,4,18.3,0.5,0.3,0.8,33.3,0.0,0.1,0.0,33.3
399,Ousmane Dieng,OKC,28,15,13,15.8,0.1,0.0,0.5,7.1,0.0,0.3,12.5,10.7
400,P.J. Tucker,PHI,66,44,22,25.8,0.0,0.0,0.1,14.3,0.0,0.0,33.3,21.4
401,P.J. Washington,CHA,68,21,47,32.9,2.0,0.8,2.2,36.2,0.3,0.9,38.3,43.8
402,PJ Dozier,SAC,9,8,1,2.0,0.6,0.2,0.6,40.0,0.1,0.3,33.3,50.0
403,Paolo Banchero,ORL,65,26,39,33.8,4.5,2.0,5.8,34.5,0.4,1.8,24.2,38.3
404,Pascal Siakam,TOR,62,30,32,37.5,5.5,2.6,6.3,41.0,0.3,1.1,29.4,43.6
405,Pat Connaughton,MIL,53,37,16,24.5,0.4,0.2,0.3,50.0,0.1,0.3,50.0,71.9
406,Patrick Baldwin Jr.,GSW,26,10,16,8.1,0.3,0.1,0.4,30.0,0.1,0.1,66.7,40.0
407,Patrick Beverley,CHI,57,29,28,27.5,0.9,0.4,0.8,46.5,0.2,0.5,37.0,58.1
408,Patrick Williams,CHI,71,34,37,28.6,1.5,0.7,1.8,38.5,0.1,0.2,35.7,40.4
409,Patty Mills,BKN,38,18,20,13.6,1.8,0.8,1.8,41.4,0.3,0.7,42.3,49.3
410,Paul George,LAC,55,32,23,34.6,7.8,3.2,8.2,39.1,1.4,3.8,36.2,47.6
411,Paul Reed,PHI,58,38,20,10.2,0.0,0.0,0.1,25.0,0.0,0.0,-,25.0
412,Payton Pritchard,BOS,45,30,15,12.5,0.9,0.4,1.2,29.1,0.2,0.8,24.3,37.3
413,Peyton Watson,DEN,14,9,5,3.2,0.1,0.1,0.2,33.3,0.0,0.0,-,33.3
414,Precious Achiuwa,TOR,47,25,22,21.4,0.3,0.1,0.6,19.2,0.0,0.2,25.0,23.1
415,Quentin Grimes,NYK,62,36,26,29.0,0.6,0.2,0.8,25.0,0.2,0.6,27.8,34.6
416,Quenton Jackson,WAS,3,2,1,2.6,0.0,0.0,0.0,-,0.0,0.0,-,-
417,R.J. Hampton,DET,37,8,29,15.0,0.7,0.3,1.1,28.2,0.1,0.5,23.5,33.3
418,RJ Barrett,NYK,66,37,29,34.0,1.3,0.6,2.3,25.5,0.2,0.7,20.4,28.9
419,Raul Neto,CLE,45,30,15,10.0,0.5,0.2,0.4,55.6,0.0,0.2,28.6,61.1
420,Reggie Bullock,DAL,69,35,34,30.6,0.3,0.1,0.5,22.9,0.0,0.3,16.7,27.1
421,Reggie Jackson,DEN,62,34,28,24.6,2.5,1.1,3.2,34.8,0.2,1.1,21.1,38.6
422,Richaun Holmes,SAC,35,18,17,8.7,0.0,0.0,0.0,-,0.0,0.0,-,-
423,Ricky Rubio,CLE,24,17,7,17.1,2.3,1.0,2.4,43.1,0.2,0.8,21.1,46.6
424,Robert Covington,LAC,39,15,24,16.5,0.2,0.1,0.3,27.3,0.0,0.1,20.0,31.8
425,Robert Williams III,BOS,28,18,10,24.2,0.0,0.0,0.1,0.0,0.0,0.0,-,0.0
426,Robin Lopez,CLE,34,24,10,7.5,0.1,0.0,0.0,100,0.0,0.0,-,100
427,Rodney McGruder,DET,31,4,27,16.0,0.8,0.3,0.7,39.1,0.2,0.4,53.8,54.3
428,Romeo Langford,SAS,36,11,25,20.2,1.1,0.6,1.2,46.5,0.0,0.1,0.0,46.5
429,Ron Harper Jr.,TOR,4,2,2,3.5,0.0,0.0,0.3,0.0,0.0,0.3,0.0,0.0
430,Royce O'Neale,BKN,67,36,31,32.1,1.0,0.3,1.0,34.8,0.3,0.8,37.3,49.2
431,Rudy Gay,UTA,55,29,26,14.7,1.4,0.7,1.6,41.1,0.1,0.3,29.4,43.9
432,Rudy Gobert,MIN,61,28,33,30.6,0.0,0.0,0.1,0.0,0.0,0.0,0.0,0.0
433,Rui Hachimura,LAL,54,30,24,23.9,2.9,1.4,2.9,49.7,0.0,0.1,0.0,49.7
434,Russell Westbrook,LAC,63,30,33,29.0,2.8,1.2,3.8,32.5,0.3,1.4,25.6,37.1
435,Ryan Arcidiacono,POR,16,8,8,5.4,0.0,0.0,0.1,0.0,0.0,0.0,-,0.0
436,Ryan Rollins,GSW,12,5,7,5.2,0.0,0.0,0.2,0.0,0.0,0.1,0.0,0.0
437,Saben Lee,PHX,22,14,8,13.7,0.4,0.2,0.8,23.5,0.0,0.4,12.5,26.5
438,Saddiq Bey,ATL,66,18,48,28.1,2.0,0.8,2.5,30.5,0.4,1.4,29.5,38.9
439,Sam Hauser,BOS,70,47,23,15.6,0.4,0.1,0.5,28.1,0.1,0.4,28.0,39.1
440,Sam Merrill,CLE,2,2,0,4.2,0.0,0.0,0.5,0.0,0.0,0.5,0.0,0.0
441,Sandro Mamukelashvili,SAS,32,20,12,11.7,0.1,0.0,0.1,33.3,0.0,0.0,100,50.0
442,Santi Aldama,MEM,68,41,27,22.0,0.4,0.1,0.5,27.8,0.1,0.3,30.4,37.5
443,Scottie Barnes,TOR,69,33,36,34.9,2.0,0.9,2.9,31.8,0.2,0.8,23.1,34.8
444,Scotty Pippen Jr.,LAL,6,1,5,5.3,0.5,0.2,0.8,20.0,0.2,0.3,50.0,30.0
445,Serge Ibaka,MIL,16,11,5,11.6,0.3,0.1,0.3,40.0,0.0,0.0,-,40.0
446,Seth Curry,BKN,53,32,21,21.3,4.2,1.9,3.8,49.7,0.5,1.2,42.2,56.5
447,Shaedon Sharpe,POR,70,30,40,20.3,1.5,0.7,2.0,33.1,0.2,1.0,21.1,38.5
448,Shai Gilgeous-Alexander,OKC,60,30,30,35.6,9.1,4.3,9.1,46.6,0.6,1.7,36.5,50.1
449,Shake Milton,PHI,67,48,19,20.2,1.2,0.6,1.6,35.2,0.1,0.4,33.3,39.0
450,Simone Fontecchio,UTA,42,23,19,12.6,0.8,0.3,1.2,28.0,0.1,0.6,22.2,34.0
451,Spencer Dinwiddie,BKN,69,35,34,34.3,5.3,2.0,5.5,36.9,1.2,3.5,34.2,47.9
452,Stanley Johnson,SAS,30,5,25,15.6,0.7,0.3,0.7,45.5,0.1,0.2,40.0,50.0
453,Stanley Umude,DET,1,0,1,2.1,0.0,0.0,0.0,-,0.0,0.0,-,-
454,Stephen Curry,GSW,47,23,24,34.8,11.1,4.1,8.9,46.4,2.9,6.1,47.2,62.7
455,Sterling Brown,LAL,4,2,2,6.1,0.0,0.0,0.0,-,0.0,0.0,-,-
456,Steven Adams,MEM,42,28,14,27.0,0.0,0.0,0.0,0.0,0.0,0.0,-,0.0
457,Svi Mykhailiuk,CHA,23,12,11,7.2,0.6,0.2,0.6,38.5,0.2,0.3,50.0,53.8
458,T.J. McConnell,IND,67,29,38,20.1,2.0,0.9,1.8,52.5,0.1,0.2,60.0,56.4
459,T.J. Warren,PHX,34,20,14,15.9,2.3,1.1,2.5,45.3,0.0,0.2,14.3,45.9
460,Taj Gibson,WAS,45,20,25,9.6,0.2,0.1,0.2,62.5,0.0,0.0,0.0,62.5
461,Talen Horton-Tucker,UTA,57,29,28,18.7,2.0,0.8,2.4,35.1,0.4,1.2,30.0,42.9
462,Tari Eason,HOU,72,18,54,20.8,0.2,0.1,0.4,17.9,0.0,0.1,12.5,19.6
463,Taurean Prince,MIN,47,26,21,21.8,1.3,0.6,1.4,42.2,0.2,0.6,30.8,48.4
464,Terance Mann,LAC,71,38,33,23.2,1.5,0.6,1.4,44.0,0.3,0.7,38.8,53.5
465,Terence Davis,SAC,56,34,22,13.2,1.4,0.5,1.3,39.2,0.4,1.0,40.7,54.1
466,Terrence Ross,PHX,52,20,32,21.7,2.8,1.3,2.8,45.1,0.3,0.8,29.5,49.7
467,Terry Rozier,CHA,62,19,43,35.7,7.6,3.1,8.3,37.2,1.4,4.4,31.4,45.4
468,Terry Taylor,CHI,28,10,18,8.3,0.1,0.0,0.2,20.0,0.0,0.0,0.0,20.0
469,Thaddeus Young,TOR,54,23,31,14.7,0.1,0.1,0.2,33.3,0.0,0.0,0.0,33.3
470,Thanasis Antetokounmpo,MIL,28,20,8,4.0,0.0,0.0,0.1,0.0,0.0,0.1,0.0,0.0
471,Theo Maledon,CHA,36,10,26,16.1,1.1,0.5,1.5,32.7,0.1,0.8,17.9,37.3
472,Theo Pinson,DAL,37,18,19,6.6,0.2,0.1,0.2,50.0,0.1,0.1,40.0,66.7
473,Thomas Bryant,DEN,55,30,25,18.9,0.1,0.1,0.2,30.0,0.0,0.0,0.0,30.0
474,Tim Hardaway Jr.,DAL,65,35,30,30.2,3.1,1.2,3.5,36.0,0.6,1.8,34.5,44.9
475,Tobias Harris,PHI,66,44,22,33.1,1.9,0.9,2.0,43.5,0.2,0.4,42.9,48.1
476,Tony Bradley,CHI,12,5,7,2.8,0.0,0.0,0.0,-,0.0,0.0,-,-
477,Torrey Craig,PHX,68,37,31,25.4,0.2,0.1,0.6,15.4,0.0,0.1,20.0,17.9
478,Trae Young,ATL,64,33,31,34.9,9.6,4.0,10.4,38.3,1.7,5.2,32.7,46.5
479,Tre Jones,SAS,58,17,41,29.1,3.0,1.5,4.0,37.7,0.0,0.4,7.7,38.1
480,Tre Mann,OKC,60,27,33,18.0,3.4,1.3,3.7,36.2,0.7,2.4,30.6,46.2
481,Trendon Watford,POR,54,24,30,18.6,0.3,0.2,0.4,42.9,0.0,0.0,0.0,42.9
482,Trent Forrest,ATL,18,6,12,13.3,0.8,0.4,0.7,53.8,0.0,0.1,0.0,53.8
483,Trevelin Queen,IND,7,2,5,10.0,0.4,0.1,1.6,9.1,0.1,1.4,10.0,13.6
484,Trevor Hudgins,HOU,5,0,5,5.7,0.0,0.0,1.0,0.0,0.0,1.0,0.0,0.0
485,Trevor Keels,NYK,2,2,0,1.9,0.0,0.0,0.0,-,0.0,0.0,-,-
486,Trey Lyles,SAC,63,38,25,16.9,0.2,0.1,0.3,25.0,0.1,0.3,25.0,35.0
487,Trey Murphy III,NOP,68,31,37,30.0,0.9,0.3,0.9,35.9,0.2,0.5,43.2,48.4
488,Troy Brown Jr.,LAL,66,32,34,24.8,0.8,0.3,0.9,35.0,0.1,0.4,32.1,42.5
489,Ty Jerome,GSW,44,21,23,18.5,1.9,0.8,1.9,44.6,0.3,0.6,40.7,51.2
490,TyTy Washington Jr.,HOU,30,5,25,13.7,1.9,0.9,2.4,36.1,0.2,0.8,21.7,39.6
491,Tyler Dorsey,DAL,3,2,1,2.8,2.0,1.0,1.0,100,0.0,0.0,-,100
492,Tyler Herro,MIA,59,32,27,35.3,7.7,3.1,8.2,38.1,1.5,4.0,36.7,47.1
493,Tyrese Haliburton,IND,54,28,26,33.7,8.6,3.2,7.5,42.0,2.2,5.5,40.3,56.8
494,Tyrese Martin,ATL,13,8,5,3.5,0.4,0.2,0.3,50.0,0.1,0.1,100,62.5
495,Tyrese Maxey,PHI,52,35,17,33.2,5.4,2.3,5.4,41.8,0.9,2.3,38.0,50.0
496,Tyus Jones,MEM,71,44,27,24.0,3.9,1.7,3.9,44.2,0.4,1.2,36.6,49.6
497,Udoka Azubuike,UTA,27,15,12,6.4,0.0,0.0,0.0,-,-,-,-,-
498,Udonis Haslem,MIA,6,3,3,7.9,0.0,0.0,0.2,0.0,0.0,0.0,-,0.0
499,Usman Garuba,HOU,65,17,48,13.1,0.0,0.0,0.0,0.0,0.0,0.0,0.0,0.0
500,Vernon Carey Jr.,WAS,11,8,3,2.6,0.0,0.0,0.0,-,-,-,-,-
501,Victor Oladipo,MIA,38,22,16,26.7,3.2,1.3,3.4,38.2,0.6,1.7,33.3,46.6
502,Vince Williams Jr.,MEM,11,6,5,4.7,0.0,0.0,0.0,-,0.0,0.0,-,-
503,Vit Krejci,ATL,23,11,12,5.4,0.3,0.1,0.3,50.0,0.1,0.2,50.0,66.7
504,Vlatko Cancar,DEN,51,34,17,15.7,0.2,0.1,0.3,30.8,0.1,0.1,42.9,42.3
505,Walker Kessler,UTA,67,33,34,22.7,0.0,0.0,0.0,-,0.0,0.0,-,-
506,Wendell Carter Jr.,ORL,49,21,28,30.0,1.0,0.5,1.1,41.1,0.0,0.1,25.0,42.0
507,Wendell Moore Jr.,MIN,27,14,13,5.5,0.1,0.0,0.2,20.0,0.0,0.1,50.0,30.0
508,Wenyen Gabriel,LAL,58,29,29,15.4,0.1,0.0,0.0,50.0,0.0,0.0,50.0,75.0
509,Wesley Matthews,MIL,41,30,11,15.4,0.4,0.1,0.4,37.5,0.1,0.3,36.4,50.0
510,Will Barton,TOR,49,23,26,17.9,2.0,0.8,2.4,32.8,0.4,1.4,29.4,41.2
511,Willy Hernangomez,NOP,34,19,15,13.0,0.0,0.0,0.0,0.0,0.0,0.0,-,0.0
512,Xavier Cooks,WAS,1,0,1,5.5,0.0,0.0,0.0,-,-,-,-,-
513,Xavier Tillman,MEM,52,33,19,18.3,0.3,0.2,0.3,50.0,0.0,0.1,0.0,50.0
514,Yuta Watanabe,BKN,48,24,24,17.2,0.1,0.1,0.3,18.8,0.0,0.1,0.0,18.8
515,Zach Collins,SAS,58,18,40,22.5,0.2,0.1,0.3,26.7,0.0,0.1,25.0,30.0
516,Zach LaVine,CHI,67,33,34,36.4,7.1,2.9,7.7,37.7,1.3,3.9,33.8,46.2
517,Zeke Nnaji,DEN,45,30,15,13.2,0.0,0.0,0.0,0.0,0.0,0.0,0.0,0.0
518,Ziaire Williams,MEM,36,21,15,14.7,1.1,0.5,1.1,43.6,0.2,0.4,42.9,51.3
519,Zion Williamson,NOP,29,17,12,33.0,0.5,0.2,0.8,31.8,0.0,0.1,25.0,34.1
