,PLAYER,TEAM,GP,W,L,MIN,REB,Contested REB,Contested REB%,REB Chances,REB Chance%,Deferred REB Chances,Adjusted REB Chance%,AVG REB Distance
0,A.J. Lawson,DAL,8,1,7,10.5,2.6,1.3,47.6,3.8,70.0,0.4,77.8,6.1
1,AJ Green,MIL,23,16,7,12.9,2.0,0.7,35.6,3.6,54.2,0.3,60.0,8.1
2,AJ Griffin,ATL,63,27,36,20.8,2.4,0.6,24.2,4.1,59.1,0.2,61.9,8.7
3,Aaron Gordon,DEN,67,44,23,30.3,6.7,2.7,41.3,10.7,62.0,0.5,65.2,5.9
4,Aaron Holiday,ATL,39,18,21,16.1,1.9,0.4,20.3,3.4,56.1,0.2,59.2,10.1
5,Aaron Nesmith,IND,71,29,42,25.3,3.9,1.1,28.5,8.2,47.6,0.8,52.5,7.0
6,Aaron Wiggins,OKC,64,34,30,19.4,3.3,1.3,39.5,6.1,53.7,0.5,58.8,7.3
7,Admiral Schofield,ORL,24,11,13,15.0,2.6,0.9,35.5,5.8,44.9,0.4,48.4,7.1
8,Al Horford,BOS,63,44,19,30.5,6.2,2.0,33.1,10.2,60.7,0.9,66.8,6.4
9,Alec Burks,DET,44,11,33,22.6,3.5,0.8,22.6,5.7,62.2,0.3,65.1,7.7
10,Aleksej Pokusevski,OKC,33,16,17,21.0,4.8,2.1,43.4,9.4,51.5,1.1,58.2,5.0
11,Alex Caruso,CHI,59,27,32,24.0,3.3,0.6,17.6,6.0,54.8,0.5,59.8,9.3
12,Alex Len,SAC,17,9,8,8.7,3.5,1.2,35.0,5.8,61.2,0.4,65.2,5.5
13,Alize Johnson,SAS,4,1,3,7.4,2.5,0.8,30.0,4.5,55.6,0.3,58.8,3.8
14,Alondes Williams,BKN,1,1,0,5.3,1.0,0.0,0.0,1.0,100.0,0.0,100.0,7.0
15,Alperen Sengun,HOU,75,18,57,28.9,9.0,4.1,45.4,16.1,56.3,1.2,61.0,5.1
16,Amir Coffey,LAC,26,11,15,19.5,2.0,0.3,17.0,4.0,51.0,0.3,54.6,10.5
17,Andre Drummond,CHI,67,32,35,12.7,6.6,3.3,50.5,9.6,69.2,0.4,72.1,4.1
18,Andre Iguodala,GSW,6,2,4,13.4,2.2,0.5,23.1,4.2,52.0,0.5,59.1,7.3
19,Andrew Nembhard,IND,71,30,41,27.9,2.8,0.5,16.6,5.0,55.6,0.4,59.9,9.9
20,Andrew Wiggins,GSW,35,17,18,32.4,5.2,1.5,28.7,9.9,52.3,0.8,56.9,7.1
21,Anfernee Simons,POR,57,26,31,34.8,2.8,0.6,21.1,5.1,55.7,0.5,61.2,9.5
22,Anthony Davis,LAL,56,31,25,34.0,12.5,6.8,54.0,20.2,62.0,1.5,67.0,4.3
23,Anthony Edwards,MIN,76,39,37,36.4,6.0,1.2,20.8,10.2,58.5,0.8,63.3,7.0
24,Anthony Gill,WAS,42,13,29,13.2,2.4,0.8,35.4,4.4,54.1,0.4,59.6,6.0
25,Anthony Lamb,GSW,54,29,25,20.1,3.9,1.4,36.2,7.7,50.2,0.7,55.4,6.5
26,Austin Reaves,LAL,57,32,25,29.3,3.4,0.4,13.0,6.2,54.5,0.6,60.7,9.1
27,Austin Rivers,MIN,36,16,20,22.4,2.3,0.2,9.6,3.8,61.0,0.3,65.9,9.6
28,Ayo Dosunmu,CHI,66,33,33,27.4,3.3,0.6,18.4,5.9,56.1,0.6,62.0,10.3
29,Bam Adebayo,MIA,75,40,35,34.6,9.2,3.8,41.4,15.5,59.2,1.0,63.4,5.7
30,Ben Simmons,BKN,42,24,18,26.3,6.3,1.7,27.0,9.9,63.1,0.7,67.8,6.3
31,Bennedict Mathurin,IND,76,32,44,29.0,4.2,1.1,27.0,8.2,51.3,0.6,55.3,8.2
32,Bismack Biyombo,PHX,56,30,26,15.1,4.6,1.9,40.8,8.9,52.3,0.8,57.1,5.0
33,Blake Griffin,BOS,36,24,12,14.9,4.3,1.9,45.2,7.4,57.8,0.6,62.5,5.4
34,Blake Wesley,SAS,24,6,18,19.7,3.0,0.6,19.2,5.8,52.1,0.3,54.5,7.8
35,Boban Marjanovic,HOU,27,7,20,5.9,2.2,0.9,38.3,3.9,57.1,0.3,62.5,4.2
36,Bobby Portis,MIL,70,47,23,26.0,9.6,3.2,32.9,15.6,61.5,1.0,65.8,4.9
37,Bogdan Bogdanovic,ATL,51,26,25,28.2,3.2,0.7,23.0,5.5,58.9,0.5,65.2,7.9
38,Bojan Bogdanovic,DET,57,15,42,32.3,3.8,0.7,17.4,7.2,53.2,0.5,56.8,8.9
39,Bol Bol,ORL,70,26,44,21.5,5.8,1.3,23.2,8.3,69.6,0.5,73.9,5.4
40,Bones Hyland,LAC,49,33,16,20.6,2.8,0.6,20.7,5.0,55.6,0.3,59.0,8.6
41,Bradley Beal,WAS,49,23,26,33.5,4.0,1.0,25.5,6.9,58.3,0.4,62.0,8.3
42,Brandon Boston Jr.,LAC,15,6,9,15.2,2.0,0.5,26.7,4.1,49.2,0.2,51.7,7.5
43,Brandon Clarke,MEM,56,32,24,19.5,5.5,2.4,43.9,10.9,50.9,0.7,54.5,5.2
44,Brandon Ingram,NOP,45,23,22,34.2,5.5,1.2,22.8,8.8,62.1,0.5,66.1,7.0
45,Braxton Key,DET,1,0,1,2.3,1.0,0.0,0.0,2.0,50.0,0.0,50.0,2.8
46,Brook Lopez,MIL,77,56,21,30.4,6.8,3.2,46.9,12.3,54.9,1.1,60.0,6.2
47,Bruce Brown,DEN,76,49,27,29.0,4.3,1.1,25.3,7.9,54.9,0.5,59.0,7.1
48,Bruno Fernando,ATL,34,11,23,11.1,4.0,1.6,39.4,8.1,49.8,0.6,53.7,4.9
49,Bryce McGowens,CHA,37,12,25,19.8,2.5,0.6,24.7,4.5,55.4,0.3,59.6,9.3
50,Bryn Forbes,MIN,11,4,7,12.0,1.4,0.5,33.3,2.1,65.2,0.1,68.2,11.8
51,Buddy Boeheim,DET,5,0,5,10.1,1.2,0.4,33.3,1.6,75.0,0.2,85.7,11.5
52,Buddy Hield,IND,79,35,44,31.1,5.1,0.9,17.3,9.2,55.3,0.8,60.3,8.0
53,CJ McCollum,NOP,72,36,36,35.3,4.6,0.7,14.6,7.5,60.7,0.4,64.3,10.0
54,Cade Cunningham,DET,12,3,9,33.3,6.2,1.8,29.7,10.7,57.8,0.5,60.7,7.1
55,Caleb Houstan,ORL,41,14,27,17.7,2.4,0.6,26.3,4.7,51.8,0.4,56.9,9.0
56,Caleb Martin,MIA,68,37,31,29.5,5.1,1.1,22.7,9.1,55.7,0.9,61.9,8.0
57,Cam Reddish,POR,31,12,19,26.8,2.8,0.7,26.1,4.9,58.3,0.4,62.9,10.2
58,Cam Thomas,BKN,42,23,19,20.0,2.3,0.5,21.1,4.4,51.1,0.4,55.9,7.7
59,Cameron Johnson,BKN,41,25,16,29.1,4.5,1.0,21.6,8.0,56.6,0.6,61.3,7.3
60,Cameron Payne,PHX,42,24,18,20.2,2.5,0.2,9.4,4.8,53.0,0.4,57.9,9.0
61,Caris LeVert,CLE,72,44,28,30.6,3.9,0.9,23.0,6.5,60.1,0.5,65.1,8.4
62,Carlik Jones,CHI,3,2,1,16.3,1.7,0.7,40.0,3.3,50.0,0.0,50.0,8.2
63,Cedi Osman,CLE,62,40,22,21.4,2.8,0.6,20.5,4.8,59.3,0.4,64.2,8.3
64,Chance Comanche,POR,1,0,1,20.8,3.0,1.0,33.3,7.0,42.9,0.0,42.9,5.6
65,Charles Bassey,SAS,33,7,26,15.0,5.8,2.1,35.2,9.8,59.9,0.8,65.2,4.9
66,Chima Moneke,SAC,1,0,1,6.3,2.0,0.0,0.0,4.0,50.0,0.0,50.0,11.2
67,Chimezie Metu,SAC,55,36,19,11.3,3.6,1.2,34.3,5.8,62.5,0.3,65.3,4.5
68,Chris Boucher,TOR,76,39,37,20.0,5.5,2.5,44.9,9.8,56.7,0.7,61.2,4.7
69,Chris Duarte,IND,41,17,24,20.7,2.8,0.5,19.1,5.6,50.0,0.5,54.8,8.1
70,Chris Paul,PHX,58,33,25,32.4,4.3,0.7,17.1,7.1,61.1,0.4,65.2,9.2
71,Christian Braun,DEN,57,37,20,18.3,3.2,0.9,27.1,5.4,59.3,0.4,63.5,7.4
72,Christian Koloko,TOR,54,27,27,14.4,3.2,1.7,53.2,7.1,44.8,0.6,48.7,5.3
73,Christian Wood,DAL,67,33,34,25.9,7.3,2.6,35.8,11.9,61.9,0.9,66.8,5.0
74,Chuma Okeke,ORL,22,7,15,22.4,4.4,1.1,25.0,7.2,60.4,0.5,64.4,8.6
75,Clint Capela,ATL,65,35,30,26.6,11.0,5.5,49.8,17.0,64.7,0.7,67.5,4.7
76,Coby White,CHI,64,30,34,24.6,3.3,0.7,20.4,5.7,58.0,0.4,62.6,8.4
77,Cody Martin,CHA,6,1,5,22.1,4.0,1.2,29.2,6.0,66.7,0.3,70.6,10.0
78,Cody Zeller,MIA,15,6,9,14.4,4.3,2.0,46.9,8.9,48.1,1.1,54.7,4.7
79,Cole Anthony,ORL,59,28,31,25.8,4.9,0.9,18.8,8.4,58.3,0.8,64.6,7.7
80,Cole Swider,LAL,3,0,3,10.9,2.3,1.3,57.1,3.7,63.6,0.0,63.6,4.0
81,Collin Sexton,UTA,38,20,18,24.4,2.8,0.7,23.8,4.9,56.5,0.2,59.0,10.1
82,Corey Kispert,WAS,71,29,42,28.6,2.9,0.7,25.1,5.2,55.8,0.4,59.8,8.1
83,Cory Joseph,DET,50,10,40,20.5,2.1,0.4,20.8,4.6,46.1,0.5,52.0,9.9
84,D'Angelo Russell,LAL,66,37,29,32.8,3.3,0.6,19.5,6.3,51.8,0.7,58.0,10.0
85,Daishen Nix,HOU,44,11,33,17.6,2.2,0.6,26.5,3.9,57.0,0.2,60.1,8.2
86,Dalano Banton,TOR,23,13,10,9.5,2.0,0.6,28.9,3.0,64.3,0.2,69.2,6.6
87,Dalen Terry,CHI,18,9,9,9.2,1.9,0.6,31.4,3.8,50.7,0.1,52.2,7.6
88,Damian Jones,UTA,35,9,26,13.4,3.5,1.2,35.2,6.3,55.7,0.4,59.8,6.9
89,Damian Lillard,POR,58,27,31,36.3,4.8,1.1,22.0,8.9,53.8,0.6,57.9,9.1
90,Damion Lee,PHX,66,35,31,21.2,3.4,0.7,19.6,5.7,60.3,0.4,65.2,7.7
91,Daniel Gafford,WAS,77,31,46,20.8,5.6,2.8,49.4,11.7,48.0,0.9,51.8,4.2
92,Daniel Theis,IND,6,1,5,16.9,3.7,1.8,50.0,8.8,41.5,0.7,44.9,4.0
93,Danny Green,CLE,5,2,3,15.3,2.8,0.6,21.4,5.0,56.0,0.4,60.9,8.0
94,Danuel House Jr.,PHI,44,30,14,16.5,2.1,0.3,11.7,3.8,56.3,0.2,59.1,7.4
95,Dario Saric,OKC,48,24,24,16.0,4.3,1.5,35.7,8.1,53.1,0.6,57.2,5.0
96,Darius Bazley,PHX,35,17,18,16.0,3.9,1.1,28.3,7.0,56.1,0.5,60.5,6.0
97,Darius Days,HOU,3,0,3,7.8,2.0,0.3,16.7,4.0,50.0,0.0,50.0,4.7
98,Darius Garland,CLE,64,37,27,35.5,2.9,0.4,15.1,5.8,49.5,0.4,53.0,11.2
99,David Duke Jr.,BKN,9,5,4,16.4,3.2,0.7,20.7,5.3,60.4,0.7,69.0,8.8
100,David Roddy,MEM,67,43,24,18.7,2.9,0.8,26.9,5.3,54.7,0.4,59.4,6.5
101,Davion Mitchell,SAC,56,36,20,19.2,1.9,0.3,16.2,3.3,57.7,0.3,62.9,9.9
102,Davis Bertans,DAL,28,11,17,12.7,1.9,0.4,20.8,3.3,57.6,0.3,63.1,7.4
103,Davon Reed,LAL,28,20,8,10.5,2.1,0.4,20.3,3.6,57.8,0.4,65.6,7.6
104,Day'Ron Sharpe,BKN,45,21,24,12.0,4.4,2.5,55.5,8.4,52.6,0.5,55.7,4.1
105,De'Aaron Fox,SAC,72,43,29,33.7,4.3,0.8,17.6,7.2,59.1,0.5,63.2,8.8
106,De'Andre Hunter,ATL,66,34,32,32.1,4.3,1.2,28.2,8.1,53.4,0.8,58.9,7.3
107,De'Anthony Melton,PHI,75,49,26,28.1,4.2,1.2,29.2,7.3,56.6,0.6,61.9,8.0
108,DeAndre Jordan,DEN,38,23,15,15.2,5.3,2.1,39.6,8.3,63.7,0.5,68.0,4.4
109,DeMar DeRozan,CHI,71,36,35,36.2,4.7,0.9,19.5,8.3,56.4,0.7,62.0,8.6
110,Dean Wade,CLE,40,27,13,21.3,3.8,1.0,25.3,6.7,56.0,0.6,61.2,6.7
111,Deandre Ayton,PHX,67,36,31,30.4,10.0,3.9,39.1,15.6,64.0,1.1,69.1,4.6
112,Dejounte Murray,ATL,73,38,35,36.8,5.3,1.3,23.9,9.7,54.9,1.0,61.3,7.3
113,Delon Wright,WAS,46,24,22,24.9,3.9,1.0,25.0,6.4,60.8,0.4,64.7,9.1
114,Deni Avdija,WAS,75,32,43,26.8,6.5,1.8,27.1,11.0,59.0,1.1,65.3,4.8
115,Dennis Schroder,LAL,60,34,26,30.7,2.8,0.3,9.1,5.2,53.4,0.5,58.7,11.4
116,Dennis Smith Jr.,CHA,51,17,34,26.1,3.3,0.7,21.0,6.6,49.7,0.8,56.6,8.6
117,Dereon Seabron,NOP,1,1,0,2.5,1.0,1.0,100.0,2.0,50.0,0.0,50.0,1.8
118,Derrick Jones Jr.,CHI,55,24,31,14.9,2.7,1.4,51.0,5.3,51.9,0.4,55.7,5.7
119,Derrick Rose,NYK,18,6,12,13.9,2.2,0.4,20.0,3.8,58.8,0.1,59.7,10.4
120,Derrick White,BOS,77,53,24,29.3,3.8,1.0,25.9,6.9,55.0,0.7,60.8,8.0
121,Desmond Bane,MEM,57,38,19,31.9,5.1,1.3,24.7,9.0,56.8,0.6,61.1,7.8
122,Devin Booker,PHX,51,33,18,35.4,4.7,0.9,19.6,8.5,55.3,0.6,59.4,8.7
123,Devin Vassell,SAS,37,12,25,31.1,4.0,1.0,24.3,6.9,58.3,0.5,63.2,6.5
124,Devon Dotson,WAS,3,0,3,15.0,3.3,0.7,20.0,5.3,62.5,0.0,62.5,13.2
125,Devonte' Graham,SAS,57,26,31,20.0,2.1,0.3,15.6,3.6,59.5,0.4,65.9,10.5
126,Dewayne Dedmon,PHI,36,23,13,11.2,3.7,1.6,41.8,7.2,51.7,0.7,57.3,4.9
127,Dillon Brooks,MEM,70,43,27,30.5,3.5,0.6,17.6,6.5,54.0,0.5,58.8,8.5
128,Domantas Sabonis,SAC,79,47,32,34.6,12.3,5.0,40.3,21.6,57.1,1.6,61.7,4.0
129,Dominick Barlow,SAS,24,4,20,14.8,4.0,1.7,43.2,7.2,55.2,0.8,62.1,5.7
130,Donovan Mitchell,CLE,67,43,24,36.0,4.3,1.0,23.5,7.4,58.4,0.3,61.1,9.1
131,Donovan Williams,ATL,2,1,1,2.1,1.0,0.0,0.0,1.0,100.0,0.0,100.0,3.6
132,Donte DiVincenzo,GSW,66,38,28,27.0,4.8,1.0,20.4,8.3,57.8,0.7,62.7,7.6
133,Dorian Finney-Smith,BKN,64,30,34,30.5,4.9,1.9,38.9,8.9,55.7,0.8,60.9,6.8
134,Doug McDermott,SAS,57,18,39,20.9,2.4,0.6,23.4,4.3,56.1,0.3,59.8,8.2
135,Draymond Green,GSW,71,39,32,31.6,7.2,2.6,36.5,12.0,60.4,1.1,66.3,5.5
136,Drew Eubanks,POR,75,30,45,20.3,5.5,1.7,31.8,9.8,55.6,0.7,59.9,5.0
137,Dru Smith,BKN,11,6,5,13.1,2.2,0.5,20.8,3.5,61.5,0.4,68.6,9.5
138,Duane Washington Jr.,NYK,20,10,10,16.6,1.8,0.1,5.6,3.1,59.0,0.0,59.0,10.3
139,Duncan Robinson,MIA,30,14,16,17.9,2.3,0.7,29.0,3.7,62.2,0.2,66.3,8.5
140,Dwight Powell,DAL,72,35,37,19.6,4.4,1.8,41.1,9.3,46.8,0.6,50.2,6.0
141,Dyson Daniels,NOP,52,30,22,19.3,3.6,1.1,30.3,6.4,56.6,0.4,60.3,7.4
142,Edmond Sumner,BKN,39,26,13,16.4,2.0,0.4,17.7,4.0,50.3,0.3,54.1,8.9
143,Eric Gordon,LAC,56,19,37,28.7,2.4,0.3,10.4,4.1,58.8,0.3,62.6,11.9
144,Eugene Omoruyi,DET,33,10,23,18.2,3.4,1.2,35.1,6.9,48.7,0.5,52.4,6.5
145,Evan Fournier,NYK,23,12,11,18.0,2.1,0.3,14.3,3.5,61.3,0.3,67.1,9.2
146,Evan Mobley,CLE,79,48,31,34.4,9.0,3.6,39.8,15.5,57.9,1.3,63.1,5.3
147,Facundo Campazzo,DAL,1,0,1,22.6,2.0,0.0,0.0,4.0,50.0,0.0,50.0,13.1
148,Frank Jackson,UTA,1,0,1,5.1,2.0,1.0,50.0,5.0,40.0,0.0,40.0,21.2
149,Frank Kaminsky,HOU,24,7,17,8.2,2.2,0.8,38.5,3.4,63.4,0.1,65.8,4.4
150,Frank Ntilikina,DAL,32,13,19,15.7,1.9,0.3,17.7,3.4,56.9,0.3,62.6,8.9
151,Franz Wagner,ORL,78,32,46,32.6,4.2,0.8,19.8,7.6,55.4,0.5,59.4,9.0
152,Fred VanVleet,TOR,67,33,34,36.8,4.2,0.8,18.6,7.9,53.1,0.8,58.9,10.0
153,Furkan Korkmaz,PHI,21,14,7,12.5,2.0,0.4,19.0,3.3,60.9,0.2,65.6,9.8
154,Gabe Vincent,MIA,60,34,26,26.3,2.4,0.5,19.3,4.2,57.1,0.3,60.9,11.7
155,Gabe York,IND,2,0,2,21.7,3.0,0.5,16.7,4.0,75.0,0.0,75.0,8.2
156,Garrett Temple,NOP,12,6,6,8.9,1.4,0.5,35.3,2.5,56.7,0.2,60.7,8.7
157,Garrison Mathews,ATL,40,11,29,14.2,1.8,0.3,16.4,3.5,52.9,0.4,59.8,8.9
158,Gary Harris,ORL,41,18,23,24.7,2.4,0.5,22.4,4.0,59.0,0.3,63.2,12.2
159,Gary Payton II,GSW,21,13,8,16.7,3.3,1.3,39.1,6.0,55.2,0.4,59.0,5.8
160,Gary Trent Jr.,TOR,62,29,33,32.0,2.8,0.5,17.9,4.5,61.6,0.3,66.0,10.1
161,George Hill,IND,37,22,15,19.1,2.3,0.5,22.4,4.5,50.6,0.3,53.8,10.1
162,Georges Niang,PHI,72,48,24,19.8,2.6,0.5,18.9,5.0,51.4,0.5,57.1,7.1
163,Giannis Antetokounmpo,MIL,63,47,16,32.1,11.8,3.5,29.4,18.2,64.7,1.3,69.5,5.2
164,Goga Bitadze,ORL,33,9,24,13.3,4.2,2.1,50.4,8.4,49.6,0.9,55.5,4.3
165,Goran Dragic,MIL,36,15,21,17.1,2.2,0.4,16.5,4.0,54.9,0.3,59.4,10.0
166,Gordon Hayward,CHA,49,20,29,31.7,4.4,0.8,18.6,6.9,63.4,0.4,67.8,8.9
167,Gorgui Dieng,SAS,28,3,25,12.0,3.5,1.0,29.3,5.3,67.3,0.3,71.7,5.8
168,Grant Williams,BOS,78,54,24,26.1,4.7,1.6,33.6,8.7,53.7,0.7,58.5,6.8
169,Grayson Allen,MIL,69,51,18,27.3,3.4,0.6,18.1,6.4,53.4,0.6,58.8,9.5
170,Greg Brown III,POR,9,5,4,7.6,2.1,0.6,26.3,2.9,73.1,0.1,76.0,7.1
171,Hamidou Diallo,DET,52,12,40,18.3,3.7,1.2,33.2,5.8,62.9,0.3,65.7,6.7
172,Harrison Barnes,SAC,79,46,33,32.7,4.6,1.3,28.7,7.9,58.7,0.7,64.0,8.1
173,Haywood Highsmith,MIA,46,25,21,20.6,4.1,1.2,28.2,7.0,58.2,0.5,62.9,7.9
174,Herbert Jones,NOP,64,30,34,30.0,4.2,1.5,36.8,7.9,53.3,0.6,57.5,8.3
175,Immanuel Quickley,NYK,81,47,34,28.9,4.2,0.5,11.9,6.9,60.3,0.5,65.1,9.5
176,Isaac Okoro,CLE,63,40,23,23.4,3.0,0.8,28.3,5.8,51.0,0.4,54.8,9.5
177,Isaiah Hartenstein,NYK,82,47,35,19.9,6.5,3.2,48.9,12.2,53.5,0.8,57.3,4.8
178,Isaiah Jackson,IND,60,24,36,16.9,4.7,2.6,56.0,9.4,50.1,0.9,55.3,4.3
179,Isaiah Joe,OKC,60,30,30,20.6,2.9,0.5,16.6,5.4,54.3,0.7,61.8,7.8
180,Isaiah Livers,DET,47,9,38,24.1,3.0,0.7,23.4,5.5,54.9,0.5,60.5,8.6
181,Isaiah Mobley,CLE,8,5,3,9.7,2.5,1.4,55.0,4.1,60.6,0.6,71.4,5.0
182,Isaiah Roby,NYK,36,6,30,12.4,2.9,0.8,27.9,4.8,60.5,0.3,64.2,5.9
183,Isaiah Stewart,DET,49,12,37,28.3,8.0,3.0,37.0,14.1,56.6,1.0,60.8,4.6
184,Isaiah Todd,WAS,1,0,1,45.4,12.0,1.0,8.3,17.0,70.6,0.0,70.6,6.5
185,Ish Smith,DEN,25,12,13,14.0,2.2,0.5,24.1,3.8,56.3,0.4,63.5,7.0
186,Ish Wainright,PHX,47,24,23,17.3,3.0,1.1,37.4,5.2,56.5,0.4,61.8,6.9
187,Ivica Zubac,LAC,76,43,33,28.5,9.9,4.6,46.6,17.3,57.5,1.1,61.6,4.1
188,JD Davison,BOS,5,5,0,9.9,1.8,0.0,0.0,2.4,75.0,0.2,81.8,8.9
189,JT Thor,CHA,59,20,39,15.0,2.6,0.9,36.4,4.1,61.9,0.3,65.9,7.6
190,Ja Morant,MEM,61,40,21,31.9,5.9,1.3,22.4,10.9,53.7,0.8,57.9,7.8
191,JaMychal Green,GSW,53,29,24,14.4,3.9,1.6,42.4,6.3,61.6,0.4,65.9,4.7
192,JaVale McGee,DAL,37,16,21,8.9,2.9,1.4,46.7,5.3,54.9,0.4,59.8,4.3
193,Jabari Smith Jr.,HOU,79,21,58,31.0,7.2,2.5,35.0,11.9,60.5,0.9,65.3,5.4
194,Jabari Walker,POR,41,14,27,13.1,3.1,1.4,46.1,5.6,55.9,0.3,59.0,4.9
195,Jack White,DEN,8,4,4,5.6,2.1,1.1,52.9,3.1,68.0,0.1,70.8,5.4
196,Jacob Gilyard,MEM,1,0,1,40.8,4.0,0.0,0.0,8.0,50.0,1.0,57.1,12.2
197,Jaden Hardy,DAL,35,13,22,17.6,2.5,0.5,20.2,4.8,53.0,0.4,57.4,8.6
198,Jaden Ivey,DET,72,16,56,31.1,4.0,0.7,18.6,8.1,48.8,0.9,54.8,8.7
199,Jaden McDaniels,MIN,75,38,37,30.7,4.0,1.3,31.4,7.6,52.9,0.7,58.0,7.8
200,Jaden Springer,PHI,9,8,1,7.7,1.6,0.6,35.7,3.1,50.0,0.0,50.0,5.9
201,Jae Crowder,MIL,17,12,5,19.0,4.1,1.2,29.0,7.1,57.0,0.5,61.6,6.8
202,Jae'Sean Tate,HOU,31,7,24,21.9,3.8,1.3,33.1,7.2,53.2,0.5,57.3,7.0
203,Jake LaRavia,MEM,23,14,9,15.4,2.7,0.8,30.2,4.2,65.6,0.3,70.0,8.3
204,Jakob Poeltl,TOR,71,26,45,26.5,9.1,5.0,54.9,15.2,59.8,1.0,63.9,4.6
205,Jalen Brunson,NYK,66,39,27,35.0,3.7,0.6,17.4,6.7,54.4,0.5,58.6,9.8
206,Jalen Duren,DET,65,15,50,25.2,9.0,4.2,46.5,16.6,54.0,1.1,57.8,4.4
207,Jalen Green,HOU,73,19,54,34.4,3.9,0.8,21.1,7.4,52.7,0.5,56.1,7.6
208,Jalen Johnson,ATL,67,34,33,15.2,4.2,1.4,32.3,6.5,64.4,0.5,69.6,5.1
209,Jalen McDaniels,PHI,78,31,47,23.8,4.4,1.1,23.7,8.3,53.6,0.8,59.0,5.6
210,Jalen Smith,IND,67,31,36,19.0,5.9,2.6,44.2,10.5,56.0,0.7,60.0,4.7
211,Jalen Suggs,ORL,48,19,29,24.4,3.4,1.0,29.2,6.5,51.8,0.5,56.1,8.5
212,Jalen Williams,OKC,69,35,34,31.1,4.9,1.2,25.2,8.7,56.3,0.6,60.5,7.7
213,Jamal Cain,MIA,15,8,7,15.8,3.5,1.1,32.7,5.6,61.9,0.5,67.5,6.3
214,Jamal Murray,DEN,64,43,21,33.2,4.0,0.7,17.9,6.7,59.9,0.5,64.7,8.8
215,Jamaree Bouyea,WAS,3,0,3,15.7,2.0,0.3,16.7,3.7,54.5,0.3,60.0,9.9
216,James Bouknight,CHA,28,7,21,16.8,2.6,0.7,26.4,4.4,59.0,0.3,62.6,8.0
217,James Harden,PHI,58,39,19,36.8,6.1,1.1,18.4,9.9,61.8,0.6,65.9,6.7
218,James Johnson,IND,11,4,7,12.3,2.7,0.5,16.7,4.1,66.7,0.2,69.8,5.2
219,James Wiseman,DET,43,11,32,19.8,6.2,2.2,36.0,11.3,55.1,0.6,58.3,3.9
220,Jared Butler,OKC,2,2,0,24.6,2.0,0.5,25.0,5.0,40.0,0.0,40.0,9.9
221,Jared Rhoden,DET,11,1,10,17.2,3.4,1.1,32.4,5.2,64.9,0.3,68.5,6.5
222,Jaren Jackson Jr.,MEM,63,41,22,28.4,6.8,2.7,39.2,13.0,52.2,1.1,56.9,6.3
223,Jarred Vanderbilt,LAL,78,43,35,24.1,7.5,2.1,28.0,12.2,61.3,0.7,65.2,5.5
224,Jarrell Brantley,UTA,3,0,3,12.5,2.0,0.7,33.3,6.0,33.3,0.7,37.5,12.5
225,Jarrett Allen,CLE,67,44,23,33.0,9.9,4.7,47.6,16.8,59.1,1.3,64.2,4.9
226,Jarrett Culver,ATL,8,3,5,16.7,4.8,1.8,36.8,6.8,70.4,0.1,71.7,5.8
227,Jason Preston,LAC,9,1,8,11.8,2.4,0.4,18.2,3.9,62.9,0.1,64.7,7.8
228,Javonte Green,CHI,30,12,18,15.4,2.9,1.3,45.5,5.6,52.4,0.5,57.9,6.2
229,Jaxson Hayes,NOP,42,19,23,14.1,3.1,1.0,30.3,5.3,58.9,0.3,62.6,6.1
230,Jay Huff,WAS,5,1,4,17.8,4.2,1.8,42.9,8.0,52.5,0.4,55.3,6.2
231,Jay Scrubb,ORL,2,1,1,15.1,3.0,0.5,16.7,3.5,85.7,0.0,85.7,5.4
232,Jaylen Brown,BOS,67,46,21,35.9,6.9,1.4,20.5,11.6,59.1,1.0,64.8,7.1
233,Jaylen Nowell,MIN,59,32,27,19.8,2.9,0.6,20.0,4.9,58.6,0.3,62.5,9.3
234,Jaylin Williams,OKC,47,22,25,19.2,5.1,1.8,34.9,8.6,59.5,0.7,64.4,5.5
235,Jayson Tatum,BOS,74,52,22,36.9,8.8,1.6,18.0,12.7,69.1,0.8,73.5,6.2
236,Jeenathan Williams,POR,4,1,3,23.7,2.8,1.8,63.6,6.0,45.8,0.5,50.0,3.9
237,Jeff Dowtin Jr.,TOR,13,9,4,15.1,1.8,0.4,21.7,2.4,74.2,0.2,79.3,12.8
238,Jeff Green,DEN,49,28,21,19.8,2.9,0.8,28.5,4.9,60.0,0.2,63.2,8.4
239,Jerami Grant,POR,61,27,34,35.9,4.6,1.0,20.5,8.0,57.8,0.7,63.0,8.8
240,Jeremiah Robinson-Earl,OKC,39,13,26,20.3,4.6,2.2,47.8,9.3,49.5,1.2,56.6,4.8
241,Jeremy Sochan,SAS,54,15,39,26.3,5.3,1.8,33.8,9.8,54.2,1.0,60.3,5.9
242,Jericho Sims,NYK,48,29,19,16.6,5.0,2.4,46.7,9.1,55.6,0.7,60.2,5.1
243,Jevon Carter,MIL,74,52,22,23.0,2.7,0.3,11.9,4.6,58.9,0.3,62.3,11.2
244,Jimmy Butler,MIA,64,35,29,33.4,5.9,2.4,40.3,10.0,58.9,0.4,61.6,6.3
245,Jock Landale,PHX,64,33,31,14.6,4.4,2.2,49.3,8.9,49.3,0.6,53.1,5.4
246,Joe Harris,BKN,62,33,29,21.5,2.6,0.6,24.4,4.9,54.1,0.4,59.4,8.8
247,Joe Ingles,MIL,43,32,11,23.1,3.0,0.4,13.3,4.4,67.0,0.3,72.3,8.0
248,Joe Wieskamp,TOR,3,2,1,7.9,1.3,0.0,0.0,2.0,66.7,0.3,80.0,3.4
249,Joel Embiid,PHI,66,43,23,34.6,10.2,3.8,37.5,17.3,58.5,1.4,63.6,5.0
250,John Butler Jr.,POR,9,1,8,16.5,1.7,0.9,53.3,3.2,51.7,0.2,55.6,6.7
251,John Collins,ATL,71,37,34,30.0,6.5,2.3,34.8,11.8,54.9,1.0,60.0,5.3
252,John Konchar,MEM,70,44,26,21.0,4.4,1.3,29.0,7.1,62.2,0.5,66.5,6.7
253,John Wall,LAC,30,15,15,22.5,3.1,0.5,17.4,5.5,55.8,0.4,60.5,9.6
254,Johnny Davis,WAS,17,6,11,20.7,3.8,0.6,16.9,6.4,60.2,0.4,64.4,7.9
255,Johnny Juzang,UTA,15,6,9,13.3,2.6,0.6,23.1,4.0,65.0,0.1,66.1,7.8
256,Jonas Valanciunas,NOP,79,40,39,24.9,10.2,4.4,43.7,16.8,60.5,1.0,64.2,3.9
257,Jonathan Isaac,ORL,11,8,3,11.3,4.0,1.8,45.5,6.1,65.7,0.4,69.8,3.6
258,Jonathan Kuminga,GSW,59,33,26,21.6,3.9,1.4,35.1,7.4,52.7,0.7,57.9,6.6
259,Jordan Clarkson,UTA,59,29,30,32.8,4.2,1.0,24.0,7.6,54.8,0.4,58.2,8.2
260,Jordan Goodwin,WAS,55,20,35,19.1,3.7,1.2,31.7,6.3,59.4,0.5,64.3,6.8
261,Jordan Hall,SAS,5,0,5,13.6,2.4,0.6,25.0,3.6,66.7,0.0,66.7,12.2
262,Jordan McLaughlin,MIN,30,14,16,17.1,2.0,0.4,20.0,3.6,55.0,0.2,58.8,10.8
263,Jordan Nwora,IND,57,34,23,20.2,4.0,0.9,22.7,6.4,62.7,0.4,67.4,7.1
264,Jordan Poole,GSW,77,41,36,29.9,2.9,0.5,18.9,5.4,53.8,0.4,58.0,10.2
265,Jose Alvarado,NOP,57,29,28,21.6,2.5,0.6,24.1,4.8,51.5,0.5,57.3,9.4
266,Josh Christopher,HOU,43,11,32,13.4,1.7,0.4,22.5,3.0,55.9,0.2,59.7,9.4
267,Josh Giddey,OKC,76,34,42,31.1,7.9,2.2,27.9,12.9,61.1,0.7,64.8,6.2
268,Josh Green,DAL,57,26,31,26.0,3.2,0.7,20.9,6.0,52.9,0.4,57.1,8.5
269,Josh Hart,NYK,76,42,34,32.3,7.8,2.4,30.7,13.0,60.2,1.0,65.5,7.1
270,Josh Minott,MIN,6,3,3,12.0,4.2,1.3,32.0,5.3,78.1,0.2,80.6,5.9
271,Josh Okogie,PHX,67,34,33,19.9,3.7,1.7,44.6,6.6,56.7,0.4,60.6,7.1
272,Josh Richardson,NOP,61,23,38,23.6,2.8,0.6,21.5,5.2,54.1,0.5,59.5,8.2
273,Joshua Primo,SAS,4,3,1,23.3,3.3,0.3,7.7,8.0,40.6,1.0,46.4,11.8
274,Jrue Holiday,MIL,65,48,17,32.8,5.2,1.3,25.1,9.1,57.3,0.6,61.2,8.4
275,Juan Toscano-Anderson,UTA,45,15,30,14.9,2.8,0.7,24.2,4.8,57.7,0.2,60.8,6.2
276,Juancho Hernangomez,TOR,35,16,19,16.0,3.5,0.8,22.8,6.1,58.0,0.5,63.7,6.7
277,Julian Champagnie,SAS,13,4,9,19.7,3.9,0.8,21.6,6.5,60.0,0.3,63.0,7.1
278,Julius Randle,NYK,77,44,33,35.5,10.0,2.8,28.0,15.8,63.2,0.9,67.0,4.9
279,Justin Champagnie,BOS,4,3,1,7.7,2.0,1.0,50.0,3.5,57.1,0.3,61.5,6.5
280,Justin Holiday,DAL,29,13,16,16.6,1.9,0.6,29.1,3.4,55.6,0.2,59.8,8.1
281,Justin Jackson,BOS,10,7,3,7.3,1.7,0.4,23.5,2.4,70.8,0.2,77.3,10.6
282,Justin Minaya,POR,3,0,3,20.4,4.0,1.0,25.0,5.7,70.6,0.0,70.6,8.8
283,Justise Winslow,POR,28,15,13,27.1,5.2,2.0,39.3,10.0,51.8,0.9,56.9,5.7
284,Jusuf Nurkic,POR,52,24,28,26.8,9.1,3.9,43.5,15.9,57.0,1.2,61.5,4.3
285,KZ Okpala,SAC,17,7,10,10.9,2.0,0.6,32.4,3.7,54.0,0.4,59.6,7.2
286,Kai Jones,CHA,31,8,23,14.9,4.0,1.5,36.6,7.1,56.2,0.5,60.6,5.8
287,Karl-Anthony Towns,MIN,28,14,14,33.2,8.1,2.4,29.8,13.1,62.1,0.8,65.9,6.5
288,Kawhi Leonard,LAC,52,33,19,33.6,6.5,2.0,31.1,10.0,65.0,0.6,69.4,7.0
289,Keegan Murray,SAC,78,46,32,30.0,4.8,1.3,28.0,7.6,62.6,0.5,67.3,7.4
290,Keita Bates-Diop,SAS,57,13,44,23.6,4.2,1.5,36.4,6.7,62.7,0.4,66.9,6.6
291,Keldon Johnson,SAS,60,15,45,33.1,5.2,1.2,22.2,9.1,56.9,0.8,62.0,6.2
292,Kelly Olynyk,UTA,67,27,40,28.8,6.3,1.8,28.3,11.0,57.0,0.9,61.9,6.3
293,Kelly Oubre Jr.,CHA,48,16,32,32.2,5.2,1.5,29.7,8.9,58.2,0.5,61.9,7.6
294,Kemba Walker,DAL,5,2,3,23.7,3.2,0.8,25.0,6.2,51.6,0.4,55.2,8.2
295,Kendall Brown,IND,2,1,1,12.6,3.0,1.5,50.0,5.5,54.5,1.5,75.0,10.1
296,Kendrick Nunn,WAS,51,24,27,16.3,2.1,0.3,15.6,3.6,59.2,0.2,61.9,9.4
297,Kennedy Chandler,MEM,22,14,8,9.9,1.7,0.5,26.3,3.0,57.6,0.2,62.3,7.4
298,Kenneth Lofton Jr.,MEM,17,10,7,9.4,3.0,1.0,33.3,4.9,61.4,0.2,63.8,5.3
299,Kenrich Williams,OKC,53,26,27,22.8,4.9,2.1,42.3,8.9,54.9,0.7,59.4,6.0
300,Kentavious Caldwell-Pope,DEN,70,47,23,31.7,3.0,0.6,19.7,5.3,56.5,0.3,60.1,9.6
301,Kenyon Martin Jr.,HOU,82,22,60,28.0,5.5,1.9,34.5,8.6,64.3,0.4,67.5,6.9
302,Keon Ellis,SAC,5,2,3,6.3,1.6,0.2,12.5,2.4,66.7,0.0,66.7,9.9
303,Keon Johnson,POR,21,7,14,16.2,2.1,0.7,31.8,3.7,57.1,0.2,61.1,10.7
304,Kessler Edwards,SAC,20,9,11,16.1,3.1,1.1,34.4,5.3,58.1,0.4,62.9,7.2
305,Kevin Durant,PHX,47,34,13,35.6,6.7,1.8,27.2,10.3,64.4,0.7,69.4,6.7
306,Kevin Huerter,SAC,68,40,28,29.7,3.7,0.7,18.7,6.1,60.0,0.5,65.0,8.4
307,Kevin Knox II,POR,53,11,42,16.4,3.3,0.9,27.6,5.1,64.2,0.3,68.5,6.5
308,Kevin Love,MIA,61,35,26,20.1,6.5,2.4,36.6,10.3,63.2,0.8,68.2,4.4
309,Kevin Porter Jr.,HOU,58,18,40,34.3,5.4,1.3,24.2,8.9,60.6,0.5,64.0,8.3
310,Kevon Harris,ORL,29,10,19,14.1,2.4,0.9,38.6,5.1,47.6,0.2,49.6,8.0
311,Kevon Looney,GSW,81,43,38,23.9,9.3,3.9,42.0,14.8,62.7,0.8,66.1,4.8
312,Khem Birch,SAS,14,6,8,8.8,1.8,0.4,24.0,3.1,58.1,0.2,62.5,5.6
313,Khris Middleton,MIL,32,25,7,24.8,4.4,0.8,18.6,7.9,55.3,0.9,62.2,7.4
314,Killian Hayes,DET,71,15,56,28.8,3.1,0.5,17.7,5.8,53.4,0.5,58.2,9.1
315,Kira Lewis Jr.,NOP,17,7,10,11.3,1.9,0.1,6.1,3.1,63.5,0.1,66.0,9.5
316,Klay Thompson,GSW,66,36,30,33.5,4.3,0.8,19.4,7.3,58.6,0.5,63.2,8.5
317,Kobi Simmons,CHA,3,1,2,7.4,1.3,0.7,50.0,1.7,80.0,0.0,80.0,10.3
318,Kris Dunn,UTA,22,8,14,25.8,4.5,1.1,24.0,7.4,61.7,0.6,67.1,7.5
319,Kristaps Porzingis,WAS,65,27,38,32.6,8.4,3.4,40.3,13.8,60.7,1.0,65.4,5.2
320,Kyle Anderson,MIN,64,35,29,29.6,5.7,1.5,27.0,9.1,62.6,0.4,65.4,7.0
321,Kyle Kuzma,WAS,64,29,35,35.0,7.2,1.8,24.2,11.0,66.0,0.7,70.5,5.8
322,Kyle Lowry,MIA,55,30,25,31.2,4.1,0.8,20.4,9.2,44.3,1.0,49.8,8.3
323,Kyrie Irving,DAL,60,32,28,37.3,5.1,1.2,23.0,8.7,58.3,0.5,62.2,8.5
324,LaMelo Ball,CHA,36,13,23,35.2,6.4,1.5,23.4,10.5,60.9,0.5,64.2,7.5
325,Lamar Stevens,CLE,55,32,23,19.3,3.8,1.2,32.4,6.6,56.7,0.5,61.1,5.3
326,Landry Shamet,PHX,30,12,18,22.3,2.2,0.6,25.4,4.0,55.4,0.2,58.8,9.7
327,Larry Nance Jr.,NOP,64,34,30,21.4,5.5,2.4,43.8,10.1,54.8,0.7,59.1,5.3
328,Lauri Markkanen,UTA,66,32,34,34.4,8.6,3.0,34.6,13.1,65.8,0.6,68.8,5.7
329,LeBron James,LAL,55,30,25,35.5,8.3,2.3,27.4,12.5,66.4,1.0,72.3,6.0
330,Leandro Bolmaro,UTA,6,1,5,8.2,1.2,0.8,71.4,2.7,43.8,0.2,46.7,8.8
331,Lester Quinones,GSW,3,3,0,5.5,1.0,0.3,33.3,2.3,42.9,0.3,50.0,9.3
332,Lindell Wigginton,MIL,3,1,2,25.5,2.3,0.7,28.6,5.3,43.8,0.7,50.0,8.5
333,Lindy Waters III,OKC,29,15,14,15.2,2.6,0.8,29.3,4.4,58.6,0.3,63.6,7.6
334,Lonnie Walker IV,LAL,46,21,25,25.2,2.4,0.4,18.3,3.8,62.3,0.2,64.9,10.2
335,Louis King,PHI,1,1,0,28.8,4.0,1.0,25.0,7.0,57.1,0.0,57.1,12.0
336,Luguentz Dort,OKC,72,35,37,30.8,4.8,1.8,37.5,9.2,52.1,0.6,55.8,7.4
337,Luka Doncic,DAL,66,33,33,36.2,8.6,2.2,25.8,13.4,64.2,0.8,68.2,5.8
338,Luka Garza,MIN,20,10,10,10.9,3.0,1.7,56.7,6.0,50.4,0.8,57.7,4.2
339,Luka Samanic,UTA,7,2,5,23.0,4.3,1.1,26.7,7.0,61.2,1.0,71.4,5.4
340,Luke Kennard,MEM,52,32,20,22.9,3.0,0.4,14.6,5.1,59.6,0.3,62.9,8.6
341,Luke Kornet,BOS,56,39,17,13.2,3.5,2.0,57.9,6.6,53.4,0.5,57.9,5.3
342,Mac McClung,PHI,2,2,0,20.5,5.0,1.0,20.0,6.0,83.3,0.0,83.3,7.4
343,Malachi Flynn,TOR,35,18,17,16.2,2.2,0.3,13.2,3.5,62.8,0.3,69.7,10.7
344,Malaki Branham,SAS,56,14,42,24.3,3.1,0.3,11.0,5.4,56.4,0.5,61.6,8.8
345,Malcolm Brogdon,BOS,67,46,21,26.0,4.2,1.1,27.1,7.6,55.0,0.7,60.6,7.9
346,Malcolm Hill,CHI,2,1,1,3.6,1.5,0.0,0.0,2.5,60.0,0.5,75.0,14.3
347,Malik Beasley,LAL,77,44,33,26.2,3.7,0.6,16.6,5.9,62.2,0.5,67.5,8.4
348,Malik Monk,SAC,73,46,27,22.4,2.8,0.5,16.3,4.6,61.0,0.3,64.6,9.2
349,Mamadi Diakite,CLE,12,7,5,11.6,2.5,1.1,43.3,4.9,50.8,0.3,54.5,5.0
350,MarJon Beauchamp,MIL,38,23,15,16.5,3.0,0.7,23.5,5.4,56.1,0.4,60.2,8.3
351,Marcus Morris Sr.,LAC,61,32,29,28.4,4.2,1.0,23.6,7.0,60.0,0.4,63.7,7.1
352,Marcus Smart,BOS,57,40,17,32.4,3.4,0.9,27.7,6.8,49.5,0.8,56.0,10.0
353,Mark Williams,CHA,42,18,24,19.7,7.2,3.5,47.7,11.8,61.2,0.8,65.4,4.6
354,Markelle Fultz,ORL,60,29,31,29.6,3.9,1.1,27.8,7.8,50.2,0.6,54.4,7.6
355,Markieff Morris,DAL,25,12,13,11.6,2.8,1.1,38.0,4.2,67.0,0.4,73.2,7.1
356,Marko Simonovic,CHI,2,2,0,6.1,1.0,0.0,0.0,2.0,50.0,0.0,50.0,15.6
357,Marvin Bagley III,DET,42,7,35,23.6,6.4,3.0,47.2,9.9,65.0,0.4,67.8,4.5
358,Mason Plumlee,LAC,79,28,51,26.0,8.9,4.0,45.3,16.1,55.2,1.5,60.9,4.4
359,Matisse Thybulle,POR,52,28,24,20.0,2.7,0.7,24.3,4.2,64.8,0.2,67.6,8.8
360,Matt Ryan,MIN,15,4,11,12.2,1.7,0.3,19.2,2.5,70.3,0.1,72.2,8.8
361,Matthew Dellavedova,SAC,10,8,2,10.7,1.3,0.3,23.1,2.2,59.1,0.3,68.4,9.5
362,Max Christie,LAL,28,12,16,16.5,2.7,0.5,18.7,4.3,62.0,0.2,64.7,6.5
363,Max Strus,MIA,72,38,34,29.1,3.6,1.0,27.9,6.4,55.8,0.6,61.3,8.4
364,Maxi Kleber,DAL,36,18,18,25.2,3.8,1.3,34.8,7.2,51.9,0.6,56.3,6.1
365,McKinley Wright IV,DAL,18,9,9,14.8,2.6,0.5,19.1,4.7,55.3,0.2,58.0,7.6
366,Meyers Leonard,MIL,8,5,3,13.6,4.3,1.8,41.2,6.9,61.8,0.5,66.7,6.4
367,Mfiondu Kabengele,BOS,4,3,1,9.1,2.5,1.0,40.0,5.5,45.5,0.0,45.5,4.1
368,Micah Potter,UTA,3,1,2,11.3,5.3,1.3,25.0,7.3,72.7,0.7,80.0,5.1
369,Michael Carter-Williams,ORL,1,0,1,14.0,5.0,2.0,40.0,6.0,83.3,1.0,100.0,8.0
370,Michael Porter Jr.,DEN,62,41,21,29.0,5.5,1.7,30.5,9.0,60.8,0.7,66.2,5.7
371,Mikal Bridges,BKN,81,41,40,36.1,4.5,1.1,24.2,8.1,55.6,0.7,61.1,8.4
372,Mike Conley,MIN,61,30,31,30.5,3.0,0.5,17.7,5.6,52.8,0.4,57.1,10.2
373,Mike Muscala,BOS,59,31,28,15.5,3.4,1.2,35.5,6.2,55.6,0.5,61.0,5.9
374,Miles McBride,NYK,31,17,14,16.5,1.6,0.3,18.0,3.4,47.6,0.4,53.8,10.9
375,Mitchell Robinson,NYK,59,35,24,26.9,9.4,5.7,60.4,15.7,60.0,0.8,63.3,4.9
376,Mo Bamba,LAL,44,24,20,16.8,5.1,2.1,40.9,9.4,54.6,0.8,59.5,4.4
377,Monte Morris,WAS,60,28,32,27.3,3.5,0.5,13.3,5.7,61.4,0.5,67.1,9.6
378,Montrezl Harrell,PHI,46,30,16,13.2,3.5,1.8,50.9,6.5,53.0,0.2,55.0,5.2
379,Moritz Wagner,ORL,54,25,29,19.7,4.8,1.5,31.7,8.7,55.0,0.8,60.4,5.9
380,Moses Brown,BKN,28,14,14,9.7,5.0,2.6,53.2,8.2,60.7,0.5,65.0,3.6
381,Moses Moody,GSW,47,24,23,14.4,2.2,0.7,30.1,4.2,52.6,0.3,56.6,7.5
382,Moussa Diabate,LAC,13,5,8,12.3,3.8,2.2,56.0,8.9,43.1,1.4,51.0,4.5
383,Myles Turner,IND,61,29,32,29.6,7.6,3.2,41.6,15.0,50.9,1.4,56.2,4.8
384,Naji Marshall,NOP,73,38,35,23.6,3.8,0.8,22.2,6.7,57.2,0.7,63.4,6.5
385,Nassir Little,POR,51,21,30,18.4,2.8,0.6,22.0,5.8,47.8,0.7,54.0,6.1
386,Nathan Knight,MIN,23,11,12,10.7,2.3,0.8,33.3,4.5,52.4,0.3,56.3,5.1
387,Naz Reid,MIN,66,31,35,18.6,5.0,2.0,39.3,8.3,60.8,0.3,63.4,5.3
388,Neemias Queta,SAC,5,1,4,5.7,2.2,1.2,54.5,4.0,55.0,0.2,57.9,6.5
389,Nerlens Noel,BKN,14,2,12,12.9,3.3,1.1,34.8,5.9,56.1,0.3,59.0,5.3
390,Nic Claxton,BKN,76,41,35,29.9,9.2,3.3,36.2,16.2,57.1,1.1,61.1,4.6
391,Nick Richards,CHA,62,20,42,19.4,6.7,3.0,44.7,13.2,50.9,1.0,54.9,3.8
392,Nickeil Alexander-Walker,MIN,43,21,22,17.4,2.3,0.5,21.0,4.4,53.2,0.3,57.1,8.1
393,Nicolas Batum,LAC,75,43,32,21.9,4.0,1.3,32.4,6.3,63.1,0.6,69.4,7.0
394,Nikola Jokic,DEN,69,48,21,33.7,11.8,5.5,46.4,18.5,64.1,1.3,68.9,4.2
395,Nikola Jovic,MIA,10,5,5,19.3,3.1,1.4,45.2,6.4,48.4,1.0,57.4,5.5
396,Nikola Vucevic,CHI,81,39,42,33.5,11.0,4.0,36.4,17.0,64.7,1.0,68.8,4.5
397,Noah Vonleh,BOS,17,12,5,9.3,2.8,1.3,45.8,5.6,50.5,0.4,53.9,5.6
398,Norman Powell,LAC,56,30,26,26.2,3.1,0.6,18.9,5.7,54.7,0.5,59.7,8.7
399,O.G. Anunoby,TOR,66,33,33,36.0,5.0,1.8,34.9,9.6,52.2,0.8,57.2,7.2
400,Obi Toppin,NYK,61,34,27,16.2,3.1,0.7,23.0,4.7,64.9,0.3,68.8,5.4
401,Ochai Agbaji,UTA,49,22,27,23.8,2.5,0.8,32.2,5.0,49.2,0.2,51.5,9.9
402,Olivier Sarr,OKC,7,3,4,14.9,4.4,2.6,58.1,9.4,47.0,0.7,50.8,3.9
403,Omer Yurtseven,MIA,8,4,4,9.5,2.9,0.6,21.7,8.0,35.9,0.8,39.7,4.5
404,Onyeka Okongwu,ATL,80,41,39,23.1,7.2,3.4,47.4,12.5,57.6,0.7,61.0,5.3
405,Orlando Robinson,MIA,30,18,12,14.1,4.2,1.8,43.7,9.2,45.7,0.9,50.4,4.3
406,Oshae Brissett,IND,58,25,33,17.3,3.8,1.3,33.5,6.9,54.2,0.6,59.6,5.8
407,Otto Porter Jr.,TOR,6,4,2,18.1,3.2,1.0,31.6,5.2,61.3,0.3,65.5,6.4
408,Ousmane Dieng,OKC,34,18,16,15.6,3.1,0.8,24.8,5.6,55.0,0.5,60.3,7.6
409,P.J. Tucker,PHI,71,46,25,26.0,4.2,1.3,31.9,8.2,50.7,0.8,55.9,7.2
410,P.J. Washington,CHA,73,24,49,32.6,4.9,1.3,27.1,8.9,55.3,0.6,59.5,7.0
411,PJ Dozier,SAC,9,5,4,8.2,1.6,0.4,28.6,2.8,56.0,0.3,63.6,6.0
412,Paolo Banchero,ORL,72,31,41,33.7,6.9,2.0,29.0,11.4,60.6,0.8,64.9,6.4
413,Pascal Siakam,TOR,71,35,36,37.4,7.8,2.3,29.1,12.5,62.9,0.8,67.1,6.2
414,Pat Connaughton,MIL,59,41,18,24.1,4.8,1.0,20.8,7.9,60.3,0.9,67.7,6.4
415,Patrick Baldwin Jr.,GSW,19,11,8,9.9,2.1,0.6,27.5,3.0,70.2,0.2,74.1,5.6
416,Patrick Beverley,CHI,66,34,32,27.1,3.7,0.7,19.0,6.5,57.3,0.5,62.2,8.2
417,Patrick Williams,CHI,78,36,42,28.6,4.1,1.3,32.7,7.7,53.5,0.7,58.5,5.9
418,Patty Mills,BKN,26,11,15,16.1,1.7,0.0,0.0,2.9,57.9,0.2,61.1,14.0
419,Paul George,LAC,56,32,24,34.6,6.1,1.1,18.7,10.3,59.4,0.8,64.2,7.1
420,Paul Reed,PHI,59,39,20,12.2,4.4,2.2,50.4,7.6,58.1,0.5,62.1,5.1
421,Payton Pritchard,BOS,31,20,11,16.6,2.8,0.7,25.0,4.9,57.5,0.5,63.3,7.2
422,Peyton Watson,DEN,11,4,7,14.3,3.4,0.7,21.6,6.6,50.7,0.5,55.2,6.4
423,Precious Achiuwa,TOR,54,30,24,20.9,6.1,2.4,40.2,10.0,60.7,0.6,64.4,5.4
424,Quentin Grimes,NYK,64,38,26,31.6,3.6,1.0,27.5,6.0,59.5,0.4,64.1,8.2
425,Quenton Jackson,WAS,6,2,4,21.0,1.3,0.3,25.0,3.5,38.1,0.7,47.1,12.5
426,R.J. Hampton,DET,31,5,26,19.7,2.8,0.7,25.3,4.5,63.0,0.3,66.9,8.9
427,RJ Barrett,NYK,72,40,32,34.4,5.1,0.9,17.4,9.4,54.4,0.8,59.5,7.4
428,RaiQuan Gray,BKN,1,0,1,35.1,9.0,2.0,22.2,11.0,81.8,0.0,81.8,6.0
429,Raul Neto,CLE,27,16,11,12.3,1.7,0.3,17.4,2.6,64.8,0.1,66.7,12.4
430,Reggie Bullock,DAL,76,35,41,30.6,3.7,0.8,20.8,6.2,60.1,0.5,65.7,8.8
431,Reggie Jackson,DEN,58,29,29,25.1,2.5,0.4,17.4,4.6,53.9,0.4,59.8,9.8
432,Richaun Holmes,SAC,27,11,16,10.5,2.9,1.4,46.8,5.7,51.6,0.5,56.4,5.5
433,Ricky Rubio,CLE,27,19,8,17.6,2.6,0.4,15.7,4.3,60.3,0.1,61.9,9.3
434,Robert Covington,LAC,45,18,27,16.9,3.7,1.2,33.1,6.4,57.8,0.5,62.6,6.1
435,Robert Williams III,BOS,35,24,11,23.5,8.3,4.2,50.0,12.9,64.6,0.7,68.1,5.5
436,Robin Lopez,CLE,23,15,8,10.8,2.2,1.4,62.7,4.6,48.6,0.4,53.7,5.2
437,Rodney McGruder,DET,26,3,23,18.4,2.8,0.7,23.0,5.2,54.4,0.3,58.3,8.0
438,Romeo Langford,SAS,33,11,22,21.9,3.3,1.9,58.2,5.8,57.0,0.5,62.1,6.8
439,Ron Harper Jr.,TOR,4,3,1,7.6,1.8,0.0,0.0,2.5,70.0,0.0,70.0,13.2
440,Royce O'Neale,BKN,74,41,33,31.7,5.2,1.3,25.3,9.7,53.4,0.9,58.7,6.5
441,Rudy Gay,UTA,51,26,25,14.6,3.2,1.0,30.7,5.2,61.3,0.3,65.2,6.7
442,Rudy Gobert,MIN,69,33,36,30.7,11.6,4.6,39.2,20.0,58.0,1.1,61.3,4.3
443,Rui Hachimura,LAL,61,38,23,23.4,4.6,1.4,29.3,7.7,60.2,0.6,65.7,6.2
444,Russell Westbrook,LAC,72,36,36,29.1,5.9,1.6,26.7,9.6,61.0,0.7,65.7,6.6
445,Ryan Arcidiacono,POR,6,1,5,16.6,2.5,0.3,13.3,4.7,53.6,0.3,57.7,7.1
446,Ryan Rollins,GSW,7,3,4,5.9,1.7,0.6,33.3,2.4,70.6,0.0,70.6,6.6
447,Saben Lee,PHX,18,10,8,18.3,2.5,0.7,28.9,4.8,52.3,0.3,55.6,7.9
448,Saddiq Bey,ATL,74,22,52,27.8,4.8,1.0,21.0,7.7,62.3,0.5,66.4,8.2
449,Sam Hauser,BOS,69,48,21,17.4,3.0,0.7,23.0,5.1,58.0,0.5,64.8,6.8
450,Sam Merrill,CLE,3,2,1,16.7,3.0,1.0,33.3,4.3,69.2,0.0,69.2,7.6
451,Sandro Mamukelashvili,SAS,33,18,15,17.6,5.2,2.2,41.3,8.7,60.1,0.5,63.9,5.1
452,Santi Aldama,MEM,73,47,26,22.2,5.1,1.2,24.5,8.2,62.2,0.7,67.8,5.9
453,Scottie Barnes,TOR,77,38,39,34.8,6.6,2.5,37.7,11.3,59.1,0.8,63.5,6.3
454,Scotty Pippen Jr.,LAL,2,0,2,10.5,2.0,0.5,25.0,3.5,57.1,0.0,57.1,14.6
455,Serge Ibaka,MIL,13,9,4,12.6,3.4,1.7,50.0,6.0,56.4,0.2,58.7,4.1
456,Seth Curry,BKN,43,28,15,22.7,2.3,0.2,8.0,4.0,57.8,0.2,61.3,10.6
457,Shaedon Sharpe,POR,77,31,46,22.6,3.1,0.7,22.0,5.7,53.8,0.5,59.0,7.7
458,Shai Gilgeous-Alexander,OKC,67,33,34,35.6,4.9,1.4,27.7,9.0,54.5,0.6,58.6,8.7
459,Shake Milton,PHI,66,46,20,21.9,2.9,0.7,23.0,4.9,58.8,0.3,62.6,8.8
460,Shaquille Harrison,LAL,4,1,3,23.9,4.5,1.3,27.8,6.0,75.0,0.3,78.3,6.5
461,Simone Fontecchio,UTA,38,19,19,17.3,2.3,0.7,31.4,4.3,52.1,0.4,58.1,9.0
462,Skylar Mays,POR,4,1,3,34.2,4.3,0.3,5.9,7.8,54.8,0.3,56.7,8.3
463,Spencer Dinwiddie,BKN,75,39,36,34.7,3.6,0.6,17.0,6.5,55.2,0.5,59.5,9.1
464,Stanley Johnson,SAS,27,5,22,16.6,3.5,0.8,22.3,6.1,56.6,0.3,59.9,6.5
465,Stephen Curry,GSW,55,29,26,34.9,6.1,1.3,21.4,10.6,57.9,0.8,62.8,8.2
466,Sterling Brown,LAL,2,1,1,10.5,4.0,0.5,12.5,5.0,80.0,0.5,88.9,6.7
467,Steven Adams,MEM,42,28,14,27.0,11.5,6.0,51.8,19.6,58.9,0.7,61.2,4.2
468,Svi Mykhailiuk,CHA,21,11,10,19.4,2.5,0.8,30.2,4.0,63.1,0.3,68.8,8.4
469,T.J. McConnell,IND,70,28,42,20.6,3.3,0.4,12.8,5.6,59.2,0.4,63.4,10.2
470,T.J. Warren,PHX,40,25,15,16.8,3.0,1.2,38.8,5.2,58.7,0.4,63.7,6.1
471,Taj Gibson,WAS,35,18,17,11.9,2.7,1.4,52.7,4.5,59.6,0.3,63.7,5.6
472,Talen Horton-Tucker,UTA,58,25,33,21.7,3.6,1.1,29.0,6.6,54.7,0.4,58.3,7.4
473,Tari Eason,HOU,82,22,60,21.6,6.0,2.5,40.7,9.9,61.2,0.5,64.8,6.4
474,Taurean Prince,MIN,47,27,20,22.4,2.7,0.6,21.9,4.9,55.9,0.4,60.7,8.2
475,Terance Mann,LAC,77,43,34,23.4,3.6,1.2,32.2,6.5,55.2,0.5,59.7,6.5
476,Terence Davis,SAC,46,25,21,15.5,3.0,0.4,14.4,4.8,62.9,0.5,69.5,7.1
477,Terrence Ross,PHX,57,25,32,21.8,2.7,0.4,13.6,3.8,70.6,0.2,75.1,10.2
478,Terry Rozier,CHA,61,18,43,35.3,4.2,0.7,17.4,7.7,54.9,0.4,57.7,9.4
479,Terry Taylor,CHI,18,6,12,12.5,2.6,0.9,36.2,5.5,47.5,0.4,51.1,6.8
480,Thaddeus Young,TOR,45,20,25,16.4,3.7,1.6,43.4,6.8,54.6,0.4,58.2,5.9
481,Thanasis Antetokounmpo,MIL,19,12,7,8.7,2.3,1.1,45.5,3.3,69.8,0.1,71.0,6.4
482,Theo Maledon,CHA,38,11,27,19.9,3.2,0.5,16.3,5.6,58.3,0.4,62.4,8.5
483,Theo Pinson,DAL,27,15,12,10.7,2.3,0.6,27.0,4.2,55.8,0.5,63.0,7.5
484,Thomas Bryant,DEN,55,30,25,19.3,6.2,2.8,45.1,10.5,58.4,0.8,63.1,4.8
485,Tim Hardaway Jr.,DAL,70,37,33,30.4,3.6,0.8,21.1,6.6,54.4,0.5,59.2,7.2
486,Tobias Harris,PHI,73,47,26,32.9,5.8,1.5,25.0,9.4,61.8,0.7,66.5,6.8
487,Tony Bradley,CHI,8,2,6,2.9,1.4,0.3,18.2,1.5,91.7,0.1,100.0,4.7
488,Torrey Craig,PHX,78,43,35,24.8,5.5,1.8,32.6,9.4,57.8,0.6,61.5,6.2
489,Trae Young,ATL,67,36,31,34.8,3.2,0.3,10.6,6.1,52.7,0.4,56.7,12.2
490,Tre Jones,SAS,62,19,43,29.5,3.7,0.5,13.5,6.8,54.4,0.6,59.7,9.6
491,Tre Mann,OKC,55,25,30,19.8,2.8,0.5,17.4,5.0,56.4,0.4,61.0,7.8
492,Trendon Watford,POR,57,24,33,20.0,4.1,1.3,31.5,7.0,58.4,0.5,62.9,5.7
493,Trent Forrest,ATL,15,5,10,15.8,2.5,0.2,8.1,3.8,64.9,0.1,67.3,7.3
494,Trevelin Queen,IND,7,2,5,10.0,2.4,1.3,52.9,3.6,68.0,0.1,70.8,6.8
495,Trevor Keels,NYK,2,2,0,1.9,1.0,0.0,0.0,1.0,100.0,0.0,100.0,10.7
496,Trey Lyles,SAC,69,39,30,17.4,4.3,1.6,36.0,7.8,55.7,0.6,60.1,5.2
497,Trey Murphy III,NOP,75,38,37,31.4,3.7,1.1,28.5,6.5,57.2,0.4,61.4,7.7
498,Troy Brown Jr.,LAL,72,39,33,25.1,4.3,1.0,23.4,7.3,58.9,0.8,66.1,7.3
499,Ty Jerome,GSW,34,16,18,19.9,2.3,0.3,14.1,4.2,54.9,0.4,60.0,9.0
500,TyTy Washington Jr.,HOU,21,5,16,16.8,2.1,0.2,11.1,3.6,59.2,0.1,60.8,9.2
501,Tyler Dorsey,DAL,1,1,0,4.3,2.0,0.0,0.0,2.0,100.0,0.0,100.0,9.6
502,Tyler Herro,MIA,67,37,30,34.9,5.4,0.7,13.9,8.9,60.7,0.7,65.6,7.8
503,Tyrese Haliburton,IND,55,28,27,33.6,3.7,0.4,11.2,6.4,58.4,0.3,61.0,10.6
504,Tyrese Martin,ATL,5,2,3,5.9,2.4,0.8,33.3,3.0,80.0,0.2,85.7,8.6
505,Tyrese Maxey,PHI,56,35,21,33.5,3.1,0.4,11.4,5.7,55.5,0.5,60.5,9.4
506,Tyus Jones,MEM,71,44,27,25.0,2.8,0.2,7.5,4.5,63.1,0.2,66.2,9.6
507,Udoka Azubuike,UTA,31,13,18,11.2,3.8,1.3,32.8,6.1,62.6,0.5,68.8,4.6
508,Udonis Haslem,MIA,7,4,3,10.3,1.6,0.4,27.3,4.9,32.4,0.1,33.3,6.8
509,Usman Garuba,HOU,70,19,51,13.6,4.4,2.0,46.6,8.3,53.0,0.7,57.7,4.9
510,Vernon Carey Jr.,UTA,6,5,1,3.3,1.8,1.2,63.6,2.3,78.6,0.2,84.6,4.5
511,Victor Oladipo,MIA,38,22,16,26.5,3.4,0.6,17.2,6.4,52.5,0.4,56.4,8.7
512,Vince Williams Jr.,MEM,4,1,3,17.7,3.8,0.8,20.0,6.8,55.6,0.3,57.7,8.3
513,Vit Krejci,ATL,16,8,8,8.1,1.6,0.4,23.1,2.3,72.2,0.3,81.3,7.7
514,Vlatko Cancar,DEN,42,28,14,18.4,3.0,0.7,21.9,4.9,62.1,0.3,66.7,7.1
515,Walker Kessler,UTA,73,34,39,23.3,8.5,4.4,51.6,15.4,55.2,1.2,59.7,4.1
516,Wendell Carter Jr.,ORL,57,26,31,29.6,8.7,3.8,43.5,15.1,57.7,1.4,63.5,4.7
517,Wendell Moore Jr.,MIN,13,4,9,7.1,1.4,0.5,38.9,2.2,62.1,0.2,66.7,6.0
518,Wenyen Gabriel,LAL,60,32,28,16.0,4.8,3.0,62.6,8.8,54.2,0.7,58.6,4.8
519,Wesley Matthews,MIL,42,34,8,16.8,2.7,0.9,32.7,4.8,56.2,0.5,62.4,8.7
520,Will Barton,TOR,50,24,26,19.2,2.7,0.5,16.8,4.5,60.6,0.3,64.9,6.5
521,Willy Hernangomez,NOP,35,20,15,13.0,5.1,2.3,45.0,9.2,56.1,1.0,62.7,4.5
522,Xavier Cooks,WAS,9,1,8,13.7,4.2,2.3,55.3,6.8,62.3,0.2,64.4,4.9
523,Xavier Moon,LAC,3,1,2,6.0,1.0,0.3,33.3,1.7,60.0,0.0,60.0,6.1
524,Xavier Sneed,CHA,4,0,4,12.1,1.3,0.0,0.0,2.0,62.5,0.3,71.4,6.8
525,Xavier Tillman,MEM,57,37,20,20.5,5.4,2.3,43.0,10.1,53.5,0.5,56.4,5.9
526,Yuta Watanabe,BKN,44,24,20,18.4,3.2,0.9,27.7,5.9,54.4,0.5,59.2,6.7
527,Zach Collins,SAS,60,19,41,23.1,6.5,3.0,46.1,13.5,47.8,1.0,51.5,4.8
528,Zach LaVine,CHI,75,37,38,36.0,4.5,0.6,14.1,8.3,54.3,0.7,58.9,7.4
529,Zeke Nnaji,DEN,41,25,16,15.7,3.4,1.4,42.8,6.4,52.7,0.4,56.3,5.7
530,Ziaire Williams,MEM,28,14,14,17.6,2.8,0.7,24.1,4.9,57.2,0.4,61.7,7.0
531,Zion Williamson,NOP,29,17,12,33.0,7.0,2.8,39.6,11.1,62.7,0.8,67.3,5.5
